timestamp,meter_id,energy_consumption,anomaly_score,anomaly_flag,anomaly_type,detection_method,anomaly_severity
2023-01-01 15:00:00,MTR-007,0.4535,-5.5976,1,low_consumption,robust_zscore,medium
2023-01-01 20:00:00,MTR-001,8.4039,21.0559,1,sudden_spike,robust_zscore,high
2023-01-02 09:00:00,MTR-006,11.0337,6.1764,1,abnormal_meter_behaviour,isolation_forest,high
2023-01-02 10:00:00,MTR-001,10.1323,29.2787,1,sudden_spike,robust_zscore,high
2023-01-02 12:00:00,MTR-012,28.3017,16.4194,1,sudden_spike,robust_zscore,high
2023-01-02 14:00:00,MTR-001,0.209,-6.3176,1,low_consumption,robust_zscore,high
2023-01-02 18:00:00,MTR-006,14.1727,6.0736,1,abnormal_meter_behaviour,isolation_forest,high
2023-01-02 18:00:00,MTR-009,15.8017,6.0777,1,abnormal_meter_behaviour,isolation_forest,high
2023-01-02 18:00:00,MTR-012,13.743,6.0941,1,abnormal_meter_behaviour,isolation_forest,high
2023-01-03 06:00:00,MTR-009,10.7857,6.1316,1,abnormal_meter_behaviour,isolation_forest,high
2023-01-03 07:00:00,MTR-009,12.7451,6.2715,1,abnormal_meter_behaviour,isolation_forest,high
2023-01-03 16:00:00,MTR-005,23.2832,14.705,1,sudden_spike,robust_zscore,high
2023-01-03 16:00:00,MTR-009,48.878,15.0846,1,sudden_spike,robust_zscore,high
2023-01-03 17:00:00,MTR-009,16.1569,6.1076,1,abnormal_meter_behaviour,isolation_forest,high
2023-01-03 18:00:00,MTR-009,16.2963,6.2493,1,abnormal_meter_behaviour,isolation_forest,high
2023-01-03 18:00:00,MTR-012,12.7634,6.0854,1,abnormal_meter_behaviour,isolation_forest,high
2023-01-03 19:00:00,MTR-009,15.0857,6.1602,1,abnormal_meter_behaviour,isolation_forest,high
2023-01-03 23:00:00,MTR-005,0.5142,-3.8733,1,low_consumption,robust_zscore,low
2023-01-04 02:00:00,MTR-001,0.7318,6.0691,1,abnormal_meter_behaviour,isolation_forest,high
2023-01-04 03:00:00,MTR-010,1.2718,3.2753,1,high_consumption,robust_zscore,low
2023-01-04 07:00:00,MTR-003,11.9387,6.2997,1,abnormal_meter_behaviour,isolation_forest,high
2023-01-04 07:00:00,MTR-006,13.1935,6.3127,1,abnormal_meter_behaviour,isolation_forest,high
2023-01-04 07:00:00,MTR-009,12.2526,6.1207,1,abnormal_meter_behaviour,isolation_forest,high
2023-01-04 07:00:00,MTR-012,11.0896,6.3447,1,abnormal_meter_behaviour,isolation_forest,high
2023-01-04 08:00:00,MTR-009,13.745,6.0261,1,abnormal_meter_behaviour,isolation_forest,high
2023-01-04 14:00:00,MTR-007,7.0144,16.1928,1,sudden_spike,robust_zscore,high
2023-01-04 17:00:00,MTR-009,15.2163,6.3175,1,abnormal_meter_behaviour,isolation_forest,high
2023-01-04 18:00:00,MTR-009,14.3412,6.5408,1,abnormal_meter_behaviour,isolation_forest,high
2023-01-04 19:00:00,MTR-006,14.7535,6.8198,1,abnormal_meter_behaviour,isolation_forest,high
2023-01-04 19:00:00,MTR-009,15.4656,6.2367,1,abnormal_meter_behaviour,isolation_forest,high
2023-01-05 00:00:00,MTR-003,10.9553,6.2853,1,abnormal_meter_behaviour,isolation_forest,high
2023-01-05 00:00:00,MTR-003,10.9553,20.1138,1,sudden_spike,robust_zscore,high
2023-01-05 05:00:00,MTR-003,1.6478,-4.0665,1,low_consumption,robust_zscore,medium
2023-01-05 07:00:00,MTR-009,12.7893,6.1521,1,abnormal_meter_behaviour,isolation_forest,high
2023-01-05 07:00:00,MTR-012,10.9367,6.0117,1,abnormal_meter_behaviour,isolation_forest,high
2023-01-05 10:00:00,MTR-009,13.3451,5.9899,1,abnormal_meter_behaviour,isolation_forest,medium
2023-01-05 13:00:00,MTR-011,0.907,-4.1028,1,low_consumption,robust_zscore,medium
2023-01-05 17:00:00,MTR-009,16.5955,6.1511,1,abnormal_meter_behaviour,isolation_forest,high
2023-01-05 18:00:00,MTR-009,15.6452,6.3033,1,abnormal_meter_behaviour,isolation_forest,high
2023-01-05 19:00:00,MTR-002,22.4954,11.3963,1,sudden_spike,robust_zscore,high
2023-01-05 19:00:00,MTR-005,27.5247,15.4865,1,sudden_spike,robust_zscore,high
2023-01-05 19:00:00,MTR-009,16.6456,6.3654,1,abnormal_meter_behaviour,isolation_forest,high
2023-01-05 20:00:00,MTR-004,9.8407,22.1859,1,sudden_spike,robust_zscore,high
2023-01-05 20:00:00,MTR-009,13.6972,6.0334,1,abnormal_meter_behaviour,isolation_forest,high
2023-01-06 02:00:00,MTR-005,7.9858,19.8407,1,sudden_spike,robust_zscore,high
2023-01-06 03:00:00,MTR-010,0.1071,-6.4412,1,low_consumption,robust_zscore,high
2023-01-06 07:00:00,MTR-009,15.2222,6.1417,1,abnormal_meter_behaviour,isolation_forest,high
2023-01-06 08:00:00,MTR-012,11.7165,6.091,1,abnormal_meter_behaviour,isolation_forest,high
2023-01-06 09:00:00,MTR-003,10.2988,6.2067,1,abnormal_meter_behaviour,isolation_forest,high
2023-01-06 17:00:00,MTR-004,10.4796,14.9372,1,sudden_spike,robust_zscore,high
2023-01-06 18:00:00,MTR-009,16.1775,6.2016,1,abnormal_meter_behaviour,isolation_forest,high
2023-01-06 23:00:00,MTR-001,0.1264,-6.8169,1,low_consumption,robust_zscore,high
2023-01-07 02:00:00,MTR-001,0.9669,3.0603,1,high_consumption,robust_zscore,low
2023-01-07 02:00:00,MTR-009,0.646,-3.8082,1,low_consumption,robust_zscore,low
2023-01-07 02:00:00,MTR-012,8.1209,11.0558,1,sudden_spike,robust_zscore,high
2023-01-07 03:00:00,MTR-004,2.101415075088851,7.7679,1,sudden_spike,robust_zscore,high
2023-01-07 04:00:00,MTR-001,1.7297,3.5731,1,high_consumption,robust_zscore,low
2023-01-07 09:00:00,MTR-009,1.3498,-4.6206,1,low_consumption,robust_zscore,medium
2023-01-07 12:00:00,MTR-007,5.7316,18.8298,1,sudden_spike,robust_zscore,high
2023-01-07 14:00:00,MTR-001,8.4507,21.3664,1,sudden_spike,robust_zscore,high
2023-01-07 22:00:00,MTR-007,4.8805,31.9555,1,sudden_spike,robust_zscore,high
2023-01-08 03:00:00,MTR-011,6.9883,12.5252,1,sudden_spike,robust_zscore,high
2023-01-08 06:00:00,MTR-011,14.2189,5.9872,1,abnormal_meter_behaviour,isolation_forest,medium
2023-01-08 06:00:00,MTR-011,14.2189,13.9904,1,sudden_spike,robust_zscore,high
2023-01-08 12:00:00,MTR-008,13.6286,9.6935,1,sudden_spike,robust_zscore,high
2023-01-08 18:00:00,MTR-009,13.6005,5.9966,1,abnormal_meter_behaviour,isolation_forest,medium
2023-01-09 00:00:00,MTR-007,1.7639752522935772,15.5734,1,sudden_spike,robust_zscore,high
2023-01-09 04:00:00,MTR-009,7.7569,6.0646,1,abnormal_meter_behaviour,isolation_forest,high
2023-01-09 08:00:00,MTR-009,12.3889,6.0999,1,abnormal_meter_behaviour,isolation_forest,high
2023-01-09 09:00:00,MTR-010,6.2081,15.7504,1,sudden_spike,robust_zscore,high
2023-01-09 16:00:00,MTR-012,33.205,12.7406,1,sudden_spike,robust_zscore,high
2023-01-09 18:00:00,MTR-003,14.7712,6.2065,1,abnormal_meter_behaviour,isolation_forest,high
2023-01-09 18:00:00,MTR-006,14.5638,6.2509,1,abnormal_meter_behaviour,isolation_forest,high
2023-01-09 18:00:00,MTR-009,17.1979,6.359,1,abnormal_meter_behaviour,isolation_forest,high
2023-01-09 18:00:00,MTR-012,12.9549,6.0628,1,abnormal_meter_behaviour,isolation_forest,high
2023-01-09 19:00:00,MTR-009,15.0751,6.0617,1,abnormal_meter_behaviour,isolation_forest,high
2023-01-09 22:00:00,MTR-008,4.797999299816347,4.0409,1,high_consumption,robust_zscore,medium
2023-01-10 05:00:00,MTR-006,6.416,6.0683,1,abnormal_meter_behaviour,isolation_forest,high
2023-01-10 08:00:00,MTR-009,14.4013,6.0658,1,abnormal_meter_behaviour,isolation_forest,high
2023-01-10 08:00:00,MTR-012,11.6461,6.3374,1,abnormal_meter_behaviour,isolation_forest,high
2023-01-10 17:00:00,MTR-009,16.2871,6.2384,1,abnormal_meter_behaviour,isolation_forest,high
2023-01-10 18:00:00,MTR-009,16.5448,6.3476,1,abnormal_meter_behaviour,isolation_forest,high
2023-01-10 19:00:00,MTR-009,15.3553,6.2677,1,abnormal_meter_behaviour,isolation_forest,high
2023-01-11 00:00:00,MTR-008,7.8909,21.9408,1,sudden_spike,robust_zscore,high
2023-01-11 08:00:00,MTR-005,1.2106,-3.9705,1,low_consumption,robust_zscore,low
2023-01-11 17:00:00,MTR-009,2.61,-4.9552,1,low_consumption,robust_zscore,medium
2023-01-11 19:00:00,MTR-009,14.4654,5.9886,1,abnormal_meter_behaviour,isolation_forest,medium
2023-01-11 19:00:00,MTR-011,36.6232,6.271,1,abnormal_meter_behaviour,isolation_forest,high
2023-01-11 19:00:00,MTR-011,36.6232,24.6453,1,sudden_spike,robust_zscore,high
2023-01-11 23:00:00,MTR-012,10.7699,14.9371,1,sudden_spike,robust_zscore,high
2023-01-12 04:00:00,MTR-007,0.2795,-4.6368,1,low_consumption,robust_zscore,medium
2023-01-12 08:00:00,MTR-012,10.8662,6.1658,1,abnormal_meter_behaviour,isolation_forest,high
2023-01-12 17:00:00,MTR-009,16.2645,6.3666,1,abnormal_meter_behaviour,isolation_forest,high
2023-01-12 18:00:00,MTR-004,8.5925,10.865,1,sudden_spike,robust_zscore,high
2023-01-12 18:00:00,MTR-006,58.6522,6.1832,1,abnormal_meter_behaviour,isolation_forest,high
2023-01-12 18:00:00,MTR-006,58.6522,20.9738,1,sudden_spike,robust_zscore,high
2023-01-12 18:00:00,MTR-009,15.343,6.1888,1,abnormal_meter_behaviour,isolation_forest,high
2023-01-12 19:00:00,MTR-009,16.4216,6.4759,1,abnormal_meter_behaviour,isolation_forest,high
2023-01-12 19:00:00,MTR-012,12.5536,6.0489,1,abnormal_meter_behaviour,isolation_forest,high
2023-01-13 00:00:00,MTR-008,4.797999299816347,11.3,1,sudden_spike,robust_zscore,high
2023-01-13 09:00:00,MTR-011,18.8532,13.4631,1,sudden_spike,robust_zscore,high
2023-01-13 17:00:00,MTR-009,16.521,6.0686,1,abnormal_meter_behaviour,isolation_forest,high
2023-01-14 06:00:00,MTR-001,2.3116,3.164,1,high_consumption,robust_zscore,low
2023-01-14 08:00:00,MTR-005,17.9636,10.3993,1,sudden_spike,robust_zscore,high
2023-01-14 17:00:00,MTR-012,41.499,14.2251,1,sudden_spike,robust_zscore,high
2023-01-15 18:00:00,MTR-004,16.6151,27.7934,1,sudden_spike,robust_zscore,high
2023-01-15 20:00:00,MTR-012,1.2769,-4.5381,1,low_consumption,robust_zscore,medium
2023-01-15 23:00:00,MTR-007,0.9792,3.4133,1,high_consumption,robust_zscore,low
2023-01-16 07:00:00,MTR-009,14.2714,6.0743,1,abnormal_meter_behaviour,isolation_forest,high
2023-01-16 15:00:00,MTR-002,27.9669,19.0845,1,sudden_spike,robust_zscore,high
2023-01-16 18:00:00,MTR-009,14.8411,6.181,1,abnormal_meter_behaviour,isolation_forest,high
2023-01-16 19:00:00,MTR-009,14.6344,6.0213,1,abnormal_meter_behaviour,isolation_forest,high
2023-01-16 22:00:00,MTR-011,10.9769,18.3927,1,sudden_spike,robust_zscore,high
2023-01-17 02:00:00,MTR-001,3.403,27.7504,1,sudden_spike,robust_zscore,high
2023-01-17 04:00:00,MTR-004,0.1862,-5.6199,1,low_consumption,robust_zscore,medium
2023-01-17 06:00:00,MTR-006,8.4208,6.0238,1,abnormal_meter_behaviour,isolation_forest,high
2023-01-17 06:00:00,MTR-009,11.4826,6.2953,1,abnormal_meter_behaviour,isolation_forest,high
2023-01-17 07:00:00,MTR-009,14.7689,6.231,1,abnormal_meter_behaviour,isolation_forest,high
2023-01-17 08:00:00,MTR-003,11.1278,6.0014,1,abnormal_meter_behaviour,isolation_forest,high
2023-01-17 09:00:00,MTR-009,52.4022,6.6708,1,abnormal_meter_behaviour,isolation_forest,high
2023-01-17 09:00:00,MTR-009,52.4022,19.3396,1,sudden_spike,robust_zscore,high
2023-01-17 17:00:00,MTR-009,16.8164,6.3895,1,abnormal_meter_behaviour,isolation_forest,high
2023-01-17 18:00:00,MTR-009,14.7618,6.3744,1,abnormal_meter_behaviour,isolation_forest,high
2023-01-17 19:00:00,MTR-006,12.6105,6.1668,1,abnormal_meter_behaviour,isolation_forest,high
2023-01-17 19:00:00,MTR-009,16.4839,6.3346,1,abnormal_meter_behaviour,isolation_forest,high
2023-01-17 19:00:00,MTR-012,13.1201,6.1869,1,abnormal_meter_behaviour,isolation_forest,high
2023-01-17 21:00:00,MTR-006,1.4434,-4.0827,1,low_consumption,robust_zscore,medium
2023-01-18 02:00:00,MTR-009,5.4133,3.0144,1,high_consumption,robust_zscore,low
2023-01-18 04:00:00,MTR-004,5.8224,22.0581,1,sudden_spike,robust_zscore,high
2023-01-18 06:00:00,MTR-007,6.3072,21.8795,1,sudden_spike,robust_zscore,high
2023-01-18 07:00:00,MTR-009,15.014,6.4621,1,abnormal_meter_behaviour,isolation_forest,high
2023-01-18 17:00:00,MTR-009,16.3606,5.9868,1,abnormal_meter_behaviour,isolation_forest,medium
2023-01-18 19:00:00,MTR-009,15.5732,6.0659,1,abnormal_meter_behaviour,isolation_forest,high
2023-01-18 23:00:00,MTR-010,0.9948,3.0041,1,high_consumption,robust_zscore,low
2023-01-19 18:00:00,MTR-009,16.1415,6.307,1,abnormal_meter_behaviour,isolation_forest,high
2023-01-19 19:00:00,MTR-009,17.6904,6.2723,1,abnormal_meter_behaviour,isolation_forest,high
2023-01-19 20:00:00,MTR-010,8.9303,23.0276,1,sudden_spike,robust_zscore,high
2023-01-19 22:00:00,MTR-001,5.0052,27.7869,1,sudden_spike,robust_zscore,high
2023-01-20 08:00:00,MTR-003,2.0487,-4.3817,1,low_consumption,robust_zscore,medium
2023-01-20 08:00:00,MTR-012,1.628,-4.3952,1,low_consumption,robust_zscore,medium
2023-01-20 11:00:00,MTR-005,25.1858,26.1613,1,sudden_spike,robust_zscore,high
2023-01-20 13:00:00,MTR-003,33.0468,16.7286,1,sudden_spike,robust_zscore,high
2023-01-20 17:00:00,MTR-009,16.9788,6.5867,1,abnormal_meter_behaviour,isolation_forest,high
2023-01-20 18:00:00,MTR-009,15.4908,5.9984,1,abnormal_meter_behaviour,isolation_forest,medium
2023-01-20 19:00:00,MTR-010,0.4307,-6.4578,1,low_consumption,robust_zscore,high
2023-01-21 04:00:00,MTR-001,6.2406,31.12,1,sudden_spike,robust_zscore,high
2023-01-21 05:00:00,MTR-010,2.022,3.2651,1,high_consumption,robust_zscore,low
2023-01-21 06:00:00,MTR-010,2.3819,3.7428,1,high_consumption,robust_zscore,low
2023-01-21 17:00:00,MTR-007,8.0975,13.0567,1,sudden_spike,robust_zscore,high
2023-01-22 03:00:00,MTR-004,3.7524,19.6778,1,sudden_spike,robust_zscore,high
2023-01-22 09:00:00,MTR-004,3.7784,3.7371,1,high_consumption,robust_zscore,low
2023-01-22 13:00:00,MTR-009,18.4615,4.644,1,high_consumption,robust_zscore,medium
2023-01-22 17:00:00,MTR-009,11.1093,5.9903,1,abnormal_meter_behaviour,isolation_forest,medium
2023-01-22 23:00:00,MTR-007,0.9661,3.2461,1,high_consumption,robust_zscore,low
2023-01-23 08:00:00,MTR-009,14.5614,6.1068,1,abnormal_meter_behaviour,isolation_forest,high
2023-01-23 17:00:00,MTR-009,15.1353,6.3572,1,abnormal_meter_behaviour,isolation_forest,high
2023-01-24 01:00:00,MTR-008,0.1477,-4.5674,1,low_consumption,robust_zscore,medium
2023-01-24 03:00:00,MTR-006,0.5093,-4.3723,1,low_consumption,robust_zscore,medium
2023-01-24 08:00:00,MTR-009,13.6115,6.2017,1,abnormal_meter_behaviour,isolation_forest,high
2023-01-24 10:00:00,MTR-006,12.8029,5.9871,1,abnormal_meter_behaviour,isolation_forest,medium
2023-01-24 18:00:00,MTR-003,14.198,6.3678,1,abnormal_meter_behaviour,isolation_forest,high
2023-01-24 18:00:00,MTR-009,15.0127,6.1233,1,abnormal_meter_behaviour,isolation_forest,high
2023-01-25 08:00:00,MTR-009,34.4852,6.2566,1,abnormal_meter_behaviour,isolation_forest,high
2023-01-25 08:00:00,MTR-009,34.4852,11.0922,1,sudden_spike,robust_zscore,high
2023-01-25 18:00:00,MTR-009,18.3428,6.2306,1,abnormal_meter_behaviour,isolation_forest,high
2023-01-25 20:00:00,MTR-009,12.0503,5.998,1,abnormal_meter_behaviour,isolation_forest,medium
2023-01-25 23:00:00,MTR-002,9.5556,21.7469,1,sudden_spike,robust_zscore,high
2023-01-26 08:00:00,MTR-009,12.2895,6.1618,1,abnormal_meter_behaviour,isolation_forest,high
2023-01-26 08:00:00,MTR-012,11.5137,6.4383,1,abnormal_meter_behaviour,isolation_forest,high
2023-01-26 15:00:00,MTR-012,33.5515,6.1222,1,abnormal_meter_behaviour,isolation_forest,high
2023-01-26 15:00:00,MTR-012,33.5515,14.0772,1,sudden_spike,robust_zscore,high
2023-01-26 17:00:00,MTR-003,14.9214,6.2146,1,abnormal_meter_behaviour,isolation_forest,high
2023-01-26 18:00:00,MTR-009,17.4349,6.0632,1,abnormal_meter_behaviour,isolation_forest,high
2023-01-27 02:00:00,MTR-003,0.2889,-4.7843,1,low_consumption,robust_zscore,medium
2023-01-27 07:00:00,MTR-006,12.1443,6.0961,1,abnormal_meter_behaviour,isolation_forest,high
2023-01-27 07:00:00,MTR-009,14.611,6.2511,1,abnormal_meter_behaviour,isolation_forest,high
2023-01-27 13:00:00,MTR-003,0.7911,-4.3888,1,low_consumption,robust_zscore,medium
2023-01-27 15:00:00,MTR-009,13.3603,6.1029,1,abnormal_meter_behaviour,isolation_forest,high
2023-01-27 17:00:00,MTR-009,3.4044,-4.648,1,low_consumption,robust_zscore,medium
2023-01-27 18:00:00,MTR-003,12.9661,6.0276,1,abnormal_meter_behaviour,isolation_forest,high
2023-01-27 18:00:00,MTR-006,13.1956,6.1176,1,abnormal_meter_behaviour,isolation_forest,high
2023-01-27 18:00:00,MTR-009,17.5224,6.6334,1,abnormal_meter_behaviour,isolation_forest,high
2023-01-27 18:00:00,MTR-012,12.6618,6.0224,1,abnormal_meter_behaviour,isolation_forest,high
2023-01-27 23:00:00,MTR-011,0.1654,-5.0895,1,low_consumption,robust_zscore,medium
2023-01-28 01:00:00,MTR-005,0.07,-4.6731,1,low_consumption,robust_zscore,medium
2023-01-28 02:00:00,MTR-004,1.1046,3.0177,1,high_consumption,robust_zscore,low
2023-01-28 02:00:00,MTR-010,0.082,-5.9032,1,low_consumption,robust_zscore,medium
2023-01-28 07:00:00,MTR-001,2.9995,3.1161,1,high_consumption,robust_zscore,low
2023-01-28 21:00:00,MTR-005,16.8768,14.3945,1,sudden_spike,robust_zscore,high
2023-01-28 21:00:00,MTR-007,0.2347,-8.5949,1,low_consumption,robust_zscore,high
2023-01-29 04:00:00,MTR-010,1.6519,3.261,1,high_consumption,robust_zscore,low
2023-01-29 06:00:00,MTR-007,2.251,3.1791,1,high_consumption,robust_zscore,low
2023-01-29 07:00:00,MTR-004,3.5851,3.1082,1,high_consumption,robust_zscore,low
2023-01-29 07:00:00,MTR-007,3.0083,3.2981,1,high_consumption,robust_zscore,low
2023-01-29 08:00:00,MTR-010,3.1001,3.214,1,high_consumption,robust_zscore,low
2023-01-29 17:00:00,MTR-001,11.7277,19.0163,1,sudden_spike,robust_zscore,high
2023-01-29 23:00:00,MTR-001,1.0158,3.2653,1,high_consumption,robust_zscore,low
2023-01-30 03:00:00,MTR-001,2.787,15.4368,1,sudden_spike,robust_zscore,high
2023-01-30 07:00:00,MTR-009,13.6538,6.0018,1,abnormal_meter_behaviour,isolation_forest,high
2023-01-30 09:00:00,MTR-009,13.7286,6.6261,1,abnormal_meter_behaviour,isolation_forest,high
2023-01-30 09:00:00,MTR-012,10.5651,6.0228,1,abnormal_meter_behaviour,isolation_forest,high
2023-01-30 14:00:00,MTR-002,17.1971,11.8283,1,sudden_spike,robust_zscore,high
2023-01-30 15:00:00,MTR-010,0.4082,-6.1426,1,low_consumption,robust_zscore,high
2023-01-30 17:00:00,MTR-009,16.885,6.0437,1,abnormal_meter_behaviour,isolation_forest,high
2023-01-30 17:00:00,MTR-011,30.1402,15.8607,1,sudden_spike,robust_zscore,high
2023-01-30 18:00:00,MTR-009,17.0195,6.0007,1,abnormal_meter_behaviour,isolation_forest,high
2023-01-30 19:00:00,MTR-011,28.4321,17.9396,1,sudden_spike,robust_zscore,high
2023-01-30 21:00:00,MTR-001,8.169,30.8146,1,sudden_spike,robust_zscore,high
2023-01-31 04:00:00,MTR-005,15.6537,6.0935,1,abnormal_meter_behaviour,isolation_forest,high
2023-01-31 04:00:00,MTR-005,15.6537,19.9525,1,sudden_spike,robust_zscore,high
2023-01-31 04:00:00,MTR-008,3.7802,6.1607,1,abnormal_meter_behaviour,isolation_forest,high
2023-01-31 17:00:00,MTR-009,16.5311,6.3285,1,abnormal_meter_behaviour,isolation_forest,high
2023-01-31 18:00:00,MTR-009,16.0631,6.0046,1,abnormal_meter_behaviour,isolation_forest,high
2023-02-01 05:00:00,MTR-009,8.3457,6.1051,1,abnormal_meter_behaviour,isolation_forest,high
2023-02-02 08:00:00,MTR-006,11.3603,6.1576,1,abnormal_meter_behaviour,isolation_forest,high
2023-02-02 08:00:00,MTR-009,13.8742,6.0601,1,abnormal_meter_behaviour,isolation_forest,high
2023-02-02 16:00:00,MTR-007,0.5168,-5.5899,1,low_consumption,robust_zscore,medium
2023-02-02 20:00:00,MTR-011,28.0631,21.6384,1,sudden_spike,robust_zscore,high
2023-02-02 22:00:00,MTR-011,12.6566,22.0176,1,sudden_spike,robust_zscore,high
2023-02-03 04:00:00,MTR-008,15.6765,20.8233,1,sudden_spike,robust_zscore,high
2023-02-03 05:00:00,MTR-010,5.7999,22.8137,1,sudden_spike,robust_zscore,high
2023-02-03 06:00:00,MTR-012,7.5138,6.1016,1,abnormal_meter_behaviour,isolation_forest,high
2023-02-03 10:00:00,MTR-006,34.4315,15.615,1,sudden_spike,robust_zscore,high
2023-02-03 17:00:00,MTR-009,17.6835,6.3085,1,abnormal_meter_behaviour,isolation_forest,high
2023-02-03 18:00:00,MTR-001,0.4935,-6.5161,1,low_consumption,robust_zscore,high
2023-02-03 18:00:00,MTR-009,16.3984,6.1576,1,abnormal_meter_behaviour,isolation_forest,high
2023-02-03 19:00:00,MTR-006,14.2973,6.2929,1,abnormal_meter_behaviour,isolation_forest,high
2023-02-03 20:00:00,MTR-001,7.5636,18.1766,1,sudden_spike,robust_zscore,high
2023-02-04 01:00:00,MTR-001,0.7585,3.031,1,high_consumption,robust_zscore,low
2023-02-04 05:00:00,MTR-010,2.0148,3.2278,1,high_consumption,robust_zscore,low
2023-02-04 17:00:00,MTR-012,25.1701,6.2689,1,sudden_spike,robust_zscore,high
2023-02-04 18:00:00,MTR-001,0.6513,-6.1002,1,low_consumption,robust_zscore,high
2023-02-05 00:00:00,MTR-001,0.7875,3.0585,1,high_consumption,robust_zscore,low
2023-02-05 00:00:00,MTR-004,0.9512,3.6146,1,high_consumption,robust_zscore,low
2023-02-05 03:00:00,MTR-003,0.8703,-4.2301,1,low_consumption,robust_zscore,medium
2023-02-05 03:00:00,MTR-010,1.2758,3.3086,1,high_consumption,robust_zscore,low
2023-02-05 06:00:00,MTR-001,2.326,3.2275,1,high_consumption,robust_zscore,low
2023-02-05 09:00:00,MTR-001,10.3145,30.4655,1,sudden_spike,robust_zscore,high
2023-02-05 10:00:00,MTR-005,15.172,8.923,1,sudden_spike,robust_zscore,high
2023-02-05 12:00:00,MTR-002,13.9915,9.9782,1,sudden_spike,robust_zscore,high
2023-02-05 14:00:00,MTR-006,0.9661,-4.2609,1,low_consumption,robust_zscore,medium
2023-02-05 18:00:00,MTR-009,33.8311,6.2686,1,abnormal_meter_behaviour,isolation_forest,high
2023-02-05 18:00:00,MTR-009,33.8311,6.4351,1,sudden_spike,robust_zscore,high
2023-02-06 07:00:00,MTR-003,10.9507,6.0472,1,abnormal_meter_behaviour,isolation_forest,high
2023-02-06 07:00:00,MTR-009,15.8341,6.4952,1,abnormal_meter_behaviour,isolation_forest,high
2023-02-06 07:00:00,MTR-012,10.2518,6.0129,1,abnormal_meter_behaviour,isolation_forest,high
2023-02-06 14:00:00,MTR-001,7.567,18.398,1,sudden_spike,robust_zscore,high
2023-02-06 16:00:00,MTR-007,6.6528,13.5928,1,sudden_spike,robust_zscore,high
2023-02-06 17:00:00,MTR-009,19.6272,6.1726,1,abnormal_meter_behaviour,isolation_forest,high
2023-02-06 18:00:00,MTR-009,15.1071,6.1645,1,abnormal_meter_behaviour,isolation_forest,high
2023-02-07 13:00:00,MTR-007,6.7772,20.1357,1,sudden_spike,robust_zscore,high
2023-02-07 18:00:00,MTR-005,1.1473,-4.4911,1,low_consumption,robust_zscore,medium
2023-02-07 18:00:00,MTR-009,16.7575,6.2052,1,abnormal_meter_behaviour,isolation_forest,high
2023-02-08 03:00:00,MTR-011,0.4732,-4.3114,1,low_consumption,robust_zscore,medium
2023-02-08 06:00:00,MTR-006,23.5056,6.1384,1,abnormal_meter_behaviour,isolation_forest,high
2023-02-08 06:00:00,MTR-006,23.5056,15.3488,1,sudden_spike,robust_zscore,high
2023-02-08 07:00:00,MTR-003,11.1891,6.2088,1,abnormal_meter_behaviour,isolation_forest,high
2023-02-08 07:00:00,MTR-006,10.4892,6.2392,1,abnormal_meter_behaviour,isolation_forest,high
2023-02-08 07:00:00,MTR-009,13.1285,6.1862,1,abnormal_meter_behaviour,isolation_forest,high
2023-02-08 08:00:00,MTR-003,1.9037,-4.4735,1,low_consumption,robust_zscore,medium
2023-02-08 17:00:00,MTR-006,14.6206,6.1427,1,abnormal_meter_behaviour,isolation_forest,high
2023-02-08 17:00:00,MTR-009,17.4533,6.2837,1,abnormal_meter_behaviour,isolation_forest,high
2023-02-08 18:00:00,MTR-009,15.4111,6.1868,1,abnormal_meter_behaviour,isolation_forest,high
2023-02-08 19:00:00,MTR-009,14.0947,6.0297,1,abnormal_meter_behaviour,isolation_forest,high
2023-02-08 19:00:00,MTR-012,11.8876,6.0136,1,abnormal_meter_behaviour,isolation_forest,high
2023-02-08 20:00:00,MTR-009,13.4936,6.2949,1,abnormal_meter_behaviour,isolation_forest,high
2023-02-08 20:00:00,MTR-012,48.0376,6.1875,1,abnormal_meter_behaviour,isolation_forest,high
2023-02-08 20:00:00,MTR-012,48.0376,23.1611,1,sudden_spike,robust_zscore,high
2023-02-09 00:00:00,MTR-008,5.9626,15.3067,1,sudden_spike,robust_zscore,high
2023-02-09 01:00:00,MTR-010,1.7941398508319026,14.4548,1,sudden_spike,robust_zscore,high
2023-02-09 07:00:00,MTR-009,13.2271,6.0263,1,abnormal_meter_behaviour,isolation_forest,high
2023-02-09 09:00:00,MTR-006,28.1093,6.0725,1,abnormal_meter_behaviour,isolation_forest,high
2023-02-09 09:00:00,MTR-006,28.1093,11.5776,1,sudden_spike,robust_zscore,high
2023-02-09 09:00:00,MTR-009,11.9364,6.1538,1,abnormal_meter_behaviour,isolation_forest,high
2023-02-09 10:00:00,MTR-006,1.7592,-4.2984,1,low_consumption,robust_zscore,medium
2023-02-09 11:00:00,MTR-006,36.2341,6.0291,1,abnormal_meter_behaviour,isolation_forest,high
2023-02-09 11:00:00,MTR-006,36.2341,23.5713,1,sudden_spike,robust_zscore,high
2023-02-09 17:00:00,MTR-003,36.112,6.0021,1,abnormal_meter_behaviour,isolation_forest,high
2023-02-09 17:00:00,MTR-003,36.112,9.8329,1,sudden_spike,robust_zscore,high
2023-02-09 17:00:00,MTR-009,15.8797,6.0044,1,abnormal_meter_behaviour,isolation_forest,high
2023-02-09 21:00:00,MTR-001,6.4012,22.319,1,sudden_spike,robust_zscore,high
2023-02-09 21:00:00,MTR-009,0.6813,-4.5703,1,low_consumption,robust_zscore,medium
2023-02-10 02:00:00,MTR-009,15.2399,17.0775,1,sudden_spike,robust_zscore,high
2023-02-10 07:00:00,MTR-006,45.075,6.0012,1,abnormal_meter_behaviour,isolation_forest,high
2023-02-10 07:00:00,MTR-006,45.075,20.3096,1,sudden_spike,robust_zscore,high
2023-02-10 08:00:00,MTR-009,13.203,6.1071,1,abnormal_meter_behaviour,isolation_forest,high
2023-02-10 18:00:00,MTR-009,16.2142,6.0818,1,abnormal_meter_behaviour,isolation_forest,high
2023-02-10 19:00:00,MTR-007,0.3289,-7.4765,1,low_consumption,robust_zscore,high
2023-02-11 00:00:00,MTR-007,0.7893,3.0513,1,high_consumption,robust_zscore,low
2023-02-11 05:00:00,MTR-008,0.3406,-4.8221,1,low_consumption,robust_zscore,medium
2023-02-11 07:00:00,MTR-010,2.9815,3.0601,1,high_consumption,robust_zscore,low
2023-02-12 09:00:00,MTR-006,23.8012,5.9893,1,abnormal_meter_behaviour,isolation_forest,medium
2023-02-12 09:00:00,MTR-006,23.8012,8.9417,1,sudden_spike,robust_zscore,high
2023-02-12 21:00:00,MTR-011,14.2044,13.3666,1,sudden_spike,robust_zscore,high
2023-02-13 10:00:00,MTR-004,0.6774,-6.0972,1,low_consumption,robust_zscore,high
2023-02-13 10:00:00,MTR-011,1.2661,-3.8826,1,low_consumption,robust_zscore,low
2023-02-13 14:00:00,MTR-012,22.0361,8.7257,1,sudden_spike,robust_zscore,high
2023-02-13 17:00:00,MTR-009,15.4394,6.0094,1,abnormal_meter_behaviour,isolation_forest,high
2023-02-13 23:00:00,MTR-010,2.0502,15.0389,1,sudden_spike,robust_zscore,high
2023-02-14 17:00:00,MTR-009,16.8225,6.0296,1,abnormal_meter_behaviour,isolation_forest,high
2023-02-14 18:00:00,MTR-009,16.0419,6.1491,1,abnormal_meter_behaviour,isolation_forest,high
2023-02-14 20:00:00,MTR-009,1.7941,-4.7534,1,low_consumption,robust_zscore,medium
2023-02-15 09:00:00,MTR-004,13.3679,33.87,1,sudden_spike,robust_zscore,high
2023-02-15 14:00:00,MTR-007,7.8472,18.8966,1,sudden_spike,robust_zscore,high
2023-02-15 16:00:00,MTR-004,0.3156,-6.6782,1,low_consumption,robust_zscore,high
2023-02-15 23:00:00,MTR-012,11.7189,16.7369,1,sudden_spike,robust_zscore,high
2023-02-16 02:00:00,MTR-010,2.7487,21.2055,1,sudden_spike,robust_zscore,high
2023-02-16 03:00:00,MTR-008,0.4687,-3.8333,1,low_consumption,robust_zscore,low
2023-02-16 07:00:00,MTR-003,11.0041,6.2676,1,abnormal_meter_behaviour,isolation_forest,high
2023-02-16 07:00:00,MTR-009,13.6557,6.1322,1,abnormal_meter_behaviour,isolation_forest,high
2023-02-16 18:00:00,MTR-009,1.3143,-4.4868,1,low_consumption,robust_zscore,medium
2023-02-16 19:00:00,MTR-009,16.081,6.0324,1,abnormal_meter_behaviour,isolation_forest,high
2023-02-17 03:00:00,MTR-008,4.797999299816347,4.8691,1,high_consumption,robust_zscore,medium
2023-02-17 05:00:00,MTR-002,4.7762,6.0109,1,abnormal_meter_behaviour,isolation_forest,high
2023-02-17 06:00:00,MTR-002,0.755,-4.228,1,low_consumption,robust_zscore,medium
2023-02-17 07:00:00,MTR-009,13.9305,6.0142,1,abnormal_meter_behaviour,isolation_forest,high
2023-02-17 17:00:00,MTR-009,17.1634,6.1705,1,abnormal_meter_behaviour,isolation_forest,high
2023-02-17 21:00:00,MTR-010,0.1565,-7.751,1,low_consumption,robust_zscore,high
2023-02-18 17:00:00,MTR-008,0.719,-5.0957,1,low_consumption,robust_zscore,medium
2023-02-18 19:00:00,MTR-005,19.5955,9.5209,1,sudden_spike,robust_zscore,high
2023-02-19 02:00:00,MTR-007,1.7639752522935772,11.1248,1,sudden_spike,robust_zscore,high
2023-02-19 20:00:00,MTR-010,9.6231,25.4154,1,sudden_spike,robust_zscore,high
2023-02-19 23:00:00,MTR-004,1.1672,3.1047,1,high_consumption,robust_zscore,low
2023-02-20 03:00:00,MTR-003,7.03008936682726,5.5595,1,high_consumption,robust_zscore,medium
2023-02-20 07:00:00,MTR-008,0.7582,-4.2519,1,low_consumption,robust_zscore,medium
2023-02-20 07:00:00,MTR-009,48.8561,18.607,1,sudden_spike,robust_zscore,high
2023-02-20 08:00:00,MTR-002,0.98,-4.2849,1,low_consumption,robust_zscore,medium
2023-02-20 17:00:00,MTR-009,16.3147,6.518,1,abnormal_meter_behaviour,isolation_forest,high
2023-02-20 18:00:00,MTR-005,24.1505,11.1141,1,sudden_spike,robust_zscore,high
2023-02-21 07:00:00,MTR-009,13.4086,6.0086,1,abnormal_meter_behaviour,isolation_forest,high
2023-02-21 11:00:00,MTR-009,29.2473,13.9472,1,sudden_spike,robust_zscore,high
2023-02-22 01:00:00,MTR-005,0.1323,-4.4541,1,low_consumption,robust_zscore,medium
2023-02-22 02:00:00,MTR-010,2.2405,16.0394,1,sudden_spike,robust_zscore,high
2023-02-22 03:00:00,MTR-002,10.035,19.0072,1,sudden_spike,robust_zscore,high
2023-02-22 14:00:00,MTR-008,20.7087,13.2087,1,sudden_spike,robust_zscore,high
2023-02-22 14:00:00,MTR-009,38.5828,13.4155,1,sudden_spike,robust_zscore,high
2023-02-22 18:00:00,MTR-009,17.7983,6.2944,1,abnormal_meter_behaviour,isolation_forest,high
2023-02-22 21:00:00,MTR-003,20.7993,9.8565,1,sudden_spike,robust_zscore,high
2023-02-22 22:00:00,MTR-012,6.963775628227193,4.2671,1,high_consumption,robust_zscore,medium
2023-02-23 05:00:00,MTR-004,6.544,20.8553,1,sudden_spike,robust_zscore,high
2023-02-23 07:00:00,MTR-006,11.2372,6.1005,1,abnormal_meter_behaviour,isolation_forest,high
2023-02-23 08:00:00,MTR-006,10.8359,6.1017,1,abnormal_meter_behaviour,isolation_forest,high
2023-02-23 17:00:00,MTR-010,1.7941398508319026,-3.0037,1,low_consumption,robust_zscore,low
2023-02-23 18:00:00,MTR-009,16.0818,6.6318,1,abnormal_meter_behaviour,isolation_forest,high
2023-02-23 21:00:00,MTR-009,0.6027,-4.615,1,low_consumption,robust_zscore,medium
2023-02-24 08:00:00,MTR-004,0.2569,-7.3335,1,low_consumption,robust_zscore,high
2023-02-24 12:00:00,MTR-011,0.3347,-5.1522,1,low_consumption,robust_zscore,medium
2023-02-24 15:00:00,MTR-009,11.8282,6.0798,1,abnormal_meter_behaviour,isolation_forest,high
2023-02-24 19:00:00,MTR-009,15.9901,6.2286,1,abnormal_meter_behaviour,isolation_forest,high
2023-02-24 20:00:00,MTR-001,0.49,-6.0605,1,low_consumption,robust_zscore,high
2023-02-25 21:00:00,MTR-003,23.0474,11.4685,1,sudden_spike,robust_zscore,high
2023-02-26 00:00:00,MTR-008,3.5918,7.1502,1,sudden_spike,robust_zscore,high
2023-02-26 02:00:00,MTR-009,10.3316,10.0531,1,sudden_spike,robust_zscore,high
2023-02-26 07:00:00,MTR-006,26.9863,10.1715,1,sudden_spike,robust_zscore,high
2023-02-26 18:00:00,MTR-011,15.1881,5.7472,1,high_consumption,robust_zscore,medium
2023-02-27 18:00:00,MTR-009,60.7136,6.3169,1,abnormal_meter_behaviour,isolation_forest,high
2023-02-27 18:00:00,MTR-009,60.7136,15.4645,1,sudden_spike,robust_zscore,high
2023-02-27 19:00:00,MTR-010,0.2442,-6.9943,1,low_consumption,robust_zscore,high
2023-02-28 02:00:00,MTR-009,8.802393522127964,7.8646,1,sudden_spike,robust_zscore,high
2023-02-28 06:00:00,MTR-011,0.7365,-4.3013,1,low_consumption,robust_zscore,medium
2023-02-28 07:00:00,MTR-012,0.816,-4.9781,1,low_consumption,robust_zscore,medium
2023-02-28 16:00:00,MTR-008,23.9056,13.6716,1,sudden_spike,robust_zscore,high
2023-02-28 18:00:00,MTR-012,13.5519,6.0989,1,abnormal_meter_behaviour,isolation_forest,high
2023-02-28 19:00:00,MTR-009,47.3754,5.9862,1,abnormal_meter_behaviour,isolation_forest,medium
2023-02-28 19:00:00,MTR-009,47.3754,13.1247,1,sudden_spike,robust_zscore,high
2023-02-28 19:00:00,MTR-011,16.8867,8.4879,1,sudden_spike,robust_zscore,high
2023-03-01 10:00:00,MTR-003,27.2086,11.4198,1,sudden_spike,robust_zscore,high
2023-03-01 18:00:00,MTR-012,35.8444,11.4019,1,sudden_spike,robust_zscore,high
2023-03-01 20:00:00,MTR-004,0.508,-6.4529,1,low_consumption,robust_zscore,high
2023-03-02 10:00:00,MTR-009,11.6072,6.0322,1,abnormal_meter_behaviour,isolation_forest,high
2023-03-03 00:00:00,MTR-006,0.3858,-4.0774,1,low_consumption,robust_zscore,medium
2023-03-03 12:00:00,MTR-005,18.6314,6.0107,1,abnormal_meter_behaviour,isolation_forest,high
2023-03-03 12:00:00,MTR-005,18.6314,16.2527,1,sudden_spike,robust_zscore,high
2023-03-03 14:00:00,MTR-006,1.5506,-3.9253,1,low_consumption,robust_zscore,low
2023-03-03 17:00:00,MTR-009,13.9462,6.1062,1,abnormal_meter_behaviour,isolation_forest,high
2023-03-03 22:00:00,MTR-011,0.1332,-5.0082,1,low_consumption,robust_zscore,medium
2023-03-04 00:00:00,MTR-002,4.916,11.9376,1,sudden_spike,robust_zscore,high
2023-03-04 04:00:00,MTR-009,20.3627,14.5288,1,sudden_spike,robust_zscore,high
2023-03-04 06:00:00,MTR-006,22.1154,14.0984,1,sudden_spike,robust_zscore,high
2023-03-05 03:00:00,MTR-012,0.2689,-4.7209,1,low_consumption,robust_zscore,medium
2023-03-05 10:00:00,MTR-002,0.5776,-4.7465,1,low_consumption,robust_zscore,medium
2023-03-06 00:00:00,MTR-012,0.7178,-3.499,1,low_consumption,robust_zscore,low
2023-03-06 03:00:00,MTR-001,1.803051909184729,7.4744,1,sudden_spike,robust_zscore,high
2023-03-06 11:00:00,MTR-007,5.5788,20.0024,1,sudden_spike,robust_zscore,high
2023-03-06 15:00:00,MTR-012,1.9555,-3.9564,1,low_consumption,robust_zscore,low
2023-03-06 17:00:00,MTR-008,0.8103,-5.035,1,low_consumption,robust_zscore,medium
2023-03-07 12:00:00,MTR-006,1.0405,-4.4567,1,low_consumption,robust_zscore,medium
2023-03-07 12:00:00,MTR-011,0.7661,-4.6045,1,low_consumption,robust_zscore,medium
2023-03-07 20:00:00,MTR-002,19.9745,11.8682,1,sudden_spike,robust_zscore,high
2023-03-07 21:00:00,MTR-003,1.8121,-3.7583,1,low_consumption,robust_zscore,low
2023-03-08 10:00:00,MTR-004,8.1936,18.1883,1,sudden_spike,robust_zscore,high
2023-03-08 17:00:00,MTR-009,15.8441,6.6617,1,abnormal_meter_behaviour,isolation_forest,high
2023-03-08 20:00:00,MTR-008,16.1603,10.0599,1,sudden_spike,robust_zscore,high
2023-03-09 02:00:00,MTR-012,12.2492,19.3074,1,sudden_spike,robust_zscore,high
2023-03-09 07:00:00,MTR-009,13.3489,6.1209,1,abnormal_meter_behaviour,isolation_forest,high
2023-03-09 23:00:00,MTR-005,0.2122,-4.7152,1,low_consumption,robust_zscore,medium
2023-03-10 03:00:00,MTR-007,3.892,23.1357,1,sudden_spike,robust_zscore,high
2023-03-10 05:00:00,MTR-007,0.2212,-5.964,1,low_consumption,robust_zscore,medium
2023-03-11 04:00:00,MTR-004,2.101415075088851,3.7853,1,high_consumption,robust_zscore,low
2023-03-11 08:00:00,MTR-008,16.5789,9.2732,1,sudden_spike,robust_zscore,high
2023-03-11 13:00:00,MTR-001,0.2737,-6.7127,1,low_consumption,robust_zscore,high
2023-03-11 19:00:00,MTR-002,21.2277,10.458,1,sudden_spike,robust_zscore,high
2023-03-12 00:00:00,MTR-010,0.1368,-5.427,1,low_consumption,robust_zscore,medium
2023-03-12 05:00:00,MTR-002,7.8548,5.779,1,high_consumption,robust_zscore,medium
2023-03-12 09:00:00,MTR-001,7.7385,20.7615,1,sudden_spike,robust_zscore,high
2023-03-12 18:00:00,MTR-007,9.1953,17.0049,1,sudden_spike,robust_zscore,high
2023-03-13 03:00:00,MTR-012,6.963775628227193,5.0311,1,high_consumption,robust_zscore,medium
2023-03-13 04:00:00,MTR-009,1.0213,-4.6305,1,low_consumption,robust_zscore,medium
2023-03-13 08:00:00,MTR-009,37.7679,6.4143,1,abnormal_meter_behaviour,isolation_forest,high
2023-03-13 08:00:00,MTR-009,37.7679,12.6559,1,sudden_spike,robust_zscore,high
2023-03-13 11:00:00,MTR-010,0.2449,-6.3199,1,low_consumption,robust_zscore,high
2023-03-13 14:00:00,MTR-010,0.1088,-7.4146,1,low_consumption,robust_zscore,high
2023-03-14 23:00:00,MTR-010,1.7941398508319026,12.1191,1,sudden_spike,robust_zscore,high
2023-03-15 07:00:00,MTR-004,11.1241,25.7736,1,sudden_spike,robust_zscore,high
2023-03-15 11:00:00,MTR-003,19.5898,10.1051,1,sudden_spike,robust_zscore,high
2023-03-16 14:00:00,MTR-010,0.1906,-7.1097,1,low_consumption,robust_zscore,high
2023-03-16 18:00:00,MTR-006,12.4476,6.1215,1,abnormal_meter_behaviour,isolation_forest,high
2023-03-17 04:00:00,MTR-007,3.737,14.6205,1,sudden_spike,robust_zscore,high
2023-03-17 12:00:00,MTR-010,0.3261,-6.1452,1,low_consumption,robust_zscore,high
2023-03-17 18:00:00,MTR-001,0.6079,-6.2146,1,low_consumption,robust_zscore,high
2023-03-18 02:00:00,MTR-006,6.9201,8.0138,1,sudden_spike,robust_zscore,high
2023-03-18 02:00:00,MTR-007,2.7875,21.398,1,sudden_spike,robust_zscore,high
2023-03-18 04:00:00,MTR-009,17.5018,11.6948,1,sudden_spike,robust_zscore,high
2023-03-18 23:00:00,MTR-003,7.6283,8.2612,1,sudden_spike,robust_zscore,high
2023-03-18 23:00:00,MTR-012,7.9611,9.6102,1,sudden_spike,robust_zscore,high
2023-03-19 17:00:00,MTR-009,33.0656,6.8222,1,sudden_spike,robust_zscore,high
2023-03-19 22:00:00,MTR-003,0.407,-4.5716,1,low_consumption,robust_zscore,medium
2023-03-20 02:00:00,MTR-012,0.2774,-4.6217,1,low_consumption,robust_zscore,medium
2023-03-20 21:00:00,MTR-004,0.4003,-6.8601,1,low_consumption,robust_zscore,high
2023-03-20 22:00:00,MTR-009,8.802393522127964,3.761,1,high_consumption,robust_zscore,low
2023-03-21 00:00:00,MTR-008,4.797999299816347,11.3,1,sudden_spike,robust_zscore,high
2023-03-21 01:00:00,MTR-003,0.3442,-4.2521,1,low_consumption,robust_zscore,medium
2023-03-21 04:00:00,MTR-011,0.3635,-4.232,1,low_consumption,robust_zscore,medium
2023-03-21 09:00:00,MTR-006,1.5634,-4.6642,1,low_consumption,robust_zscore,medium
2023-03-21 16:00:00,MTR-002,24.9639,14.7489,1,sudden_spike,robust_zscore,high
2023-03-21 19:00:00,MTR-009,14.6396,6.093,1,abnormal_meter_behaviour,isolation_forest,high
2023-03-22 02:00:00,MTR-009,11.6286,11.9093,1,sudden_spike,robust_zscore,high
2023-03-22 05:00:00,MTR-012,0.5721,-4.6081,1,low_consumption,robust_zscore,medium
2023-03-22 06:00:00,MTR-005,0.3541,-4.6599,1,low_consumption,robust_zscore,medium
2023-03-22 12:00:00,MTR-004,4.7548,9.5709,1,sudden_spike,robust_zscore,high
2023-03-22 15:00:00,MTR-012,23.1388,8.1341,1,sudden_spike,robust_zscore,high
2023-03-22 22:00:00,MTR-001,3.0613,14.242,1,sudden_spike,robust_zscore,high
2023-03-22 22:00:00,MTR-007,0.2044,-6.5547,1,low_consumption,robust_zscore,high
2023-03-23 16:00:00,MTR-007,7.3854,15.8831,1,sudden_spike,robust_zscore,high
2023-03-23 17:00:00,MTR-008,34.3815,17.2584,1,sudden_spike,robust_zscore,high
2023-03-23 21:00:00,MTR-007,5.3255,20.841,1,sudden_spike,robust_zscore,high
2023-03-24 18:00:00,MTR-009,16.1734,6.0851,1,abnormal_meter_behaviour,isolation_forest,high
2023-03-24 21:00:00,MTR-010,5.9985,20.3845,1,sudden_spike,robust_zscore,high
2023-03-25 05:00:00,MTR-001,0.1326,-6.3048,1,low_consumption,robust_zscore,high
2023-03-25 07:00:00,MTR-009,27.0433,7.9171,1,sudden_spike,robust_zscore,high
2023-03-25 09:00:00,MTR-001,8.27,22.7637,1,sudden_spike,robust_zscore,high
2023-03-25 15:00:00,MTR-010,0.415,-6.1197,1,low_consumption,robust_zscore,high
2023-03-25 23:00:00,MTR-004,3.1918,22.5712,1,sudden_spike,robust_zscore,high
2023-03-26 03:00:00,MTR-004,4.0007,21.469,1,sudden_spike,robust_zscore,high
2023-03-26 06:00:00,MTR-004,5.2941,13.7709,1,sudden_spike,robust_zscore,high
2023-03-26 15:00:00,MTR-006,20.8435,6.6048,1,sudden_spike,robust_zscore,high
2023-03-27 16:00:00,MTR-011,1.2475,-4.028,1,low_consumption,robust_zscore,medium
2023-03-27 17:00:00,MTR-003,2.0201,-4.223,1,low_consumption,robust_zscore,medium
2023-03-27 18:00:00,MTR-005,1.6624,-4.1416,1,low_consumption,robust_zscore,medium
2023-03-28 04:00:00,MTR-005,9.7017,10.5826,1,sudden_spike,robust_zscore,high
2023-03-28 04:00:00,MTR-006,1.1827,-3.7775,1,low_consumption,robust_zscore,low
2023-03-28 13:00:00,MTR-005,0.443,-4.4824,1,low_consumption,robust_zscore,medium
2023-03-28 14:00:00,MTR-010,6.2621,15.5155,1,sudden_spike,robust_zscore,high
2023-03-28 15:00:00,MTR-010,7.3616,17.249,1,sudden_spike,robust_zscore,high
2023-03-28 21:00:00,MTR-004,0.1057,-8.0897,1,low_consumption,robust_zscore,high
2023-03-29 05:00:00,MTR-005,15.3737,15.8941,1,sudden_spike,robust_zscore,high
2023-03-29 07:00:00,MTR-007,6.5091,16.5376,1,sudden_spike,robust_zscore,high
2023-03-29 09:00:00,MTR-003,9.1401,6.1075,1,abnormal_meter_behaviour,isolation_forest,high
2023-03-29 12:00:00,MTR-002,0.9805,-4.0239,1,low_consumption,robust_zscore,medium
2023-03-29 15:00:00,MTR-004,0.4294,-6.2963,1,low_consumption,robust_zscore,high
2023-03-30 04:00:00,MTR-011,0.2402,-4.4476,1,low_consumption,robust_zscore,medium
2023-03-30 08:00:00,MTR-006,31.7162,12.6063,1,sudden_spike,robust_zscore,high
2023-03-30 09:00:00,MTR-001,0.3075,-7.2314,1,low_consumption,robust_zscore,high
2023-03-30 10:00:00,MTR-009,38.5297,13.6041,1,sudden_spike,robust_zscore,high
2023-03-30 22:00:00,MTR-009,8.802393522127964,3.761,1,high_consumption,robust_zscore,low
2023-03-31 12:00:00,MTR-007,0.1406,-7.5876,1,low_consumption,robust_zscore,high
2023-03-31 14:00:00,MTR-011,19.9259,16.2216,1,sudden_spike,robust_zscore,high
2023-03-31 15:00:00,MTR-001,0.225,-6.2924,1,low_consumption,robust_zscore,high
2023-03-31 23:00:00,MTR-007,2.2839,20.0643,1,sudden_spike,robust_zscore,high
2023-03-31 23:00:00,MTR-008,4.797999299816347,7.1575,1,sudden_spike,robust_zscore,high
2023-04-01 02:00:00,MTR-005,4.9354,10.197,1,sudden_spike,robust_zscore,high
2023-04-01 15:00:00,MTR-003,0.3991,-5.0839,1,low_consumption,robust_zscore,medium
2023-04-01 20:00:00,MTR-004,8.7157,18.7337,1,sudden_spike,robust_zscore,high
2023-04-01 21:00:00,MTR-001,0.2026,-7.4701,1,low_consumption,robust_zscore,high
2023-04-02 03:00:00,MTR-008,0.1298,-4.5145,1,low_consumption,robust_zscore,medium
2023-04-02 19:00:00,MTR-006,0.9635,-4.5911,1,low_consumption,robust_zscore,medium
2023-04-02 19:00:00,MTR-009,34.2938,8.0831,1,sudden_spike,robust_zscore,high
2023-04-03 10:00:00,MTR-007,7.841,23.5374,1,sudden_spike,robust_zscore,high
2023-04-03 11:00:00,MTR-006,21.263,11.4969,1,sudden_spike,robust_zscore,high
2023-04-04 00:00:00,MTR-005,0.1312,-4.7237,1,low_consumption,robust_zscore,medium
2023-04-04 14:00:00,MTR-008,1.0708,-4.0348,1,low_consumption,robust_zscore,medium
2023-04-04 22:00:00,MTR-002,4.706682036271814,4.0604,1,high_consumption,robust_zscore,medium
2023-04-05 07:00:00,MTR-007,0.2429,-7.1602,1,low_consumption,robust_zscore,high
2023-04-05 10:00:00,MTR-003,0.6997,-5.0907,1,low_consumption,robust_zscore,medium
2023-04-05 19:00:00,MTR-009,3.6297,-3.7345,1,low_consumption,robust_zscore,low
2023-04-06 08:00:00,MTR-004,0.1381,-7.7059,1,low_consumption,robust_zscore,high
2023-04-06 08:00:00,MTR-011,13.6488,8.1557,1,sudden_spike,robust_zscore,high
2023-04-06 20:00:00,MTR-010,0.1561,-7.2131,1,low_consumption,robust_zscore,high
2023-04-06 21:00:00,MTR-006,0.4007,-4.8254,1,low_consumption,robust_zscore,medium
2023-04-07 02:00:00,MTR-003,13.8836,22.9181,1,sudden_spike,robust_zscore,high
2023-04-07 09:00:00,MTR-006,38.1852,17.7424,1,sudden_spike,robust_zscore,high
2023-04-07 17:00:00,MTR-009,14.961,6.0786,1,abnormal_meter_behaviour,isolation_forest,high
2023-04-07 17:00:00,MTR-010,0.4198,-6.2224,1,low_consumption,robust_zscore,high
2023-04-07 19:00:00,MTR-012,41.6709,15.0288,1,sudden_spike,robust_zscore,high
2023-04-08 01:00:00,MTR-012,4.7178,6.4898,1,sudden_spike,robust_zscore,high
2023-04-08 06:00:00,MTR-002,14.5416,12.3921,1,sudden_spike,robust_zscore,high
2023-04-08 17:00:00,MTR-009,28.4393,5.0331,1,high_consumption,robust_zscore,medium
2023-04-08 22:00:00,MTR-009,0.53,-4.6024,1,low_consumption,robust_zscore,medium
2023-04-09 08:00:00,MTR-008,17.5748,10.1509,1,sudden_spike,robust_zscore,high
2023-04-09 08:00:00,MTR-010,0.3778,-6.9728,1,low_consumption,robust_zscore,high
2023-04-09 12:00:00,MTR-010,0.1036,-7.0799,1,low_consumption,robust_zscore,high
2023-04-09 21:00:00,MTR-008,9.5926,5.0879,1,high_consumption,robust_zscore,medium
2023-04-09 22:00:00,MTR-001,3.7939,19.3467,1,sudden_spike,robust_zscore,high
2023-04-10 09:00:00,MTR-001,0.3471,-7.0822,1,low_consumption,robust_zscore,high
2023-04-10 13:00:00,MTR-007,5.084,13.1784,1,sudden_spike,robust_zscore,high
2023-04-10 16:00:00,MTR-006,36.1298,14.7425,1,sudden_spike,robust_zscore,high
2023-04-10 21:00:00,MTR-012,23.0182,12.7222,1,sudden_spike,robust_zscore,high
2023-04-11 00:00:00,MTR-012,6.963775628227193,11.096,1,sudden_spike,robust_zscore,high
2023-04-11 07:00:00,MTR-004,0.4142,-6.4249,1,low_consumption,robust_zscore,high
2023-04-11 08:00:00,MTR-005,0.3055,-4.7469,1,low_consumption,robust_zscore,medium
2023-04-11 17:00:00,MTR-010,1.7941398508319026,-3.0037,1,low_consumption,robust_zscore,low
2023-04-12 19:00:00,MTR-009,54.7878,6.0153,1,abnormal_meter_behaviour,isolation_forest,high
2023-04-12 19:00:00,MTR-009,54.7878,15.9813,1,sudden_spike,robust_zscore,high
2023-04-13 06:00:00,MTR-012,24.166,13.224,1,sudden_spike,robust_zscore,high
2023-04-13 08:00:00,MTR-001,0.4741,-6.6228,1,low_consumption,robust_zscore,high
2023-04-13 13:00:00,MTR-011,12.8325,9.0652,1,sudden_spike,robust_zscore,high
2023-04-13 17:00:00,MTR-009,56.9462,6.2481,1,abnormal_meter_behaviour,isolation_forest,high
2023-04-13 17:00:00,MTR-009,56.9462,16.0569,1,sudden_spike,robust_zscore,high
2023-04-13 21:00:00,MTR-002,11.9923,8.6685,1,sudden_spike,robust_zscore,high
2023-04-14 20:00:00,MTR-001,5.5529,11.2871,1,sudden_spike,robust_zscore,high
2023-04-14 22:00:00,MTR-001,3.6864,18.5976,1,sudden_spike,robust_zscore,high
2023-04-15 02:00:00,MTR-005,6.3151,14.5589,1,sudden_spike,robust_zscore,high
2023-04-15 09:00:00,MTR-005,0.9132,-4.6969,1,low_consumption,robust_zscore,medium
2023-04-15 16:00:00,MTR-011,15.8986,9.0781,1,sudden_spike,robust_zscore,high
2023-04-15 21:00:00,MTR-001,7.6652,28.3935,1,sudden_spike,robust_zscore,high
2023-04-16 06:00:00,MTR-002,11.6724,8.9332,1,sudden_spike,robust_zscore,high
2023-04-17 04:00:00,MTR-007,0.1629,-5.2862,1,low_consumption,robust_zscore,medium
2023-04-17 16:00:00,MTR-007,10.5933,25.9119,1,sudden_spike,robust_zscore,high
2023-04-17 17:00:00,MTR-010,11.7131,20.2263,1,sudden_spike,robust_zscore,high
2023-04-17 19:00:00,MTR-003,11.1548,6.029,1,abnormal_meter_behaviour,isolation_forest,high
2023-04-17 21:00:00,MTR-012,0.6823,-5.1066,1,low_consumption,robust_zscore,medium
2023-04-18 02:00:00,MTR-011,4.9522,10.2746,1,sudden_spike,robust_zscore,high
2023-04-19 16:00:00,MTR-008,1.7037,-3.6485,1,low_consumption,robust_zscore,low
2023-04-19 18:00:00,MTR-003,2.3245,-4.0994,1,low_consumption,robust_zscore,medium
2023-04-19 18:00:00,MTR-009,14.7632,6.0496,1,abnormal_meter_behaviour,isolation_forest,high
2023-04-20 07:00:00,MTR-007,0.3534,-6.7423,1,low_consumption,robust_zscore,high
2023-04-20 17:00:00,MTR-009,15.9552,6.2588,1,abnormal_meter_behaviour,isolation_forest,high
2023-04-20 18:00:00,MTR-009,16.8277,6.4747,1,abnormal_meter_behaviour,isolation_forest,high
2023-04-20 18:00:00,MTR-011,1.2473,-4.3559,1,low_consumption,robust_zscore,medium
2023-04-20 22:00:00,MTR-006,7.150858183277885,4.1887,1,high_consumption,robust_zscore,medium
2023-04-22 09:00:00,MTR-011,12.565,7.1332,1,sudden_spike,robust_zscore,high
2023-04-22 15:00:00,MTR-007,8.3052,19.5193,1,sudden_spike,robust_zscore,high
2023-04-23 00:00:00,MTR-011,4.257,11.4317,1,sudden_spike,robust_zscore,high
2023-04-23 01:00:00,MTR-009,8.802393522127964,11.7251,1,sudden_spike,robust_zscore,high
2023-04-23 12:00:00,MTR-001,0.4441,-5.7397,1,low_consumption,robust_zscore,medium
2023-04-23 20:00:00,MTR-007,9.2774,28.9458,1,sudden_spike,robust_zscore,high
2023-04-23 20:00:00,MTR-008,16.7152,10.6147,1,sudden_spike,robust_zscore,high
2023-04-23 23:00:00,MTR-001,2.0757,15.2803,1,sudden_spike,robust_zscore,high
2023-04-24 12:00:00,MTR-009,1.2956,-4.7365,1,low_consumption,robust_zscore,medium
2023-04-24 15:00:00,MTR-009,30.8768,5.9921,1,abnormal_meter_behaviour,isolation_forest,medium
2023-04-24 15:00:00,MTR-009,30.8768,8.7349,1,sudden_spike,robust_zscore,high
2023-04-24 16:00:00,MTR-012,0.712,-4.6064,1,low_consumption,robust_zscore,medium
2023-04-25 21:00:00,MTR-001,0.3648,-6.6906,1,low_consumption,robust_zscore,high
2023-04-25 22:00:00,MTR-002,0.6039,-4.1842,1,low_consumption,robust_zscore,medium
2023-04-25 23:00:00,MTR-009,14.2659,15.7285,1,sudden_spike,robust_zscore,high
2023-04-26 02:00:00,MTR-011,0.1824,-4.3126,1,low_consumption,robust_zscore,medium
2023-04-26 17:00:00,MTR-009,16.4898,6.1151,1,abnormal_meter_behaviour,isolation_forest,high
2023-04-26 18:00:00,MTR-009,14.6667,6.0441,1,abnormal_meter_behaviour,isolation_forest,high
2023-04-27 03:00:00,MTR-012,0.7086,-4.0804,1,low_consumption,robust_zscore,medium
2023-04-27 17:00:00,MTR-009,15.8153,6.122,1,abnormal_meter_behaviour,isolation_forest,high
2023-04-28 08:00:00,MTR-002,19.0957,11.2361,1,sudden_spike,robust_zscore,high
2023-04-28 23:00:00,MTR-007,0.0597,-8.3217,1,low_consumption,robust_zscore,high
2023-04-29 17:00:00,MTR-005,1.521,-4.2166,1,low_consumption,robust_zscore,medium
2023-04-30 04:00:00,MTR-009,0.5682,-5.0794,1,low_consumption,robust_zscore,medium
2023-04-30 10:00:00,MTR-005,12.4975,6.3815,1,sudden_spike,robust_zscore,high
2023-04-30 14:00:00,MTR-004,10.3854,22.3393,1,sudden_spike,robust_zscore,high
2023-04-30 20:00:00,MTR-010,5.6377,11.6795,1,sudden_spike,robust_zscore,high
2023-05-01 01:00:00,MTR-008,0.1615,-4.519,1,low_consumption,robust_zscore,medium
2023-05-01 05:00:00,MTR-005,13.7634,13.714,1,sudden_spike,robust_zscore,high
2023-05-01 13:00:00,MTR-006,29.0512,14.0937,1,sudden_spike,robust_zscore,high
2023-05-01 17:00:00,MTR-009,18.7799,6.1362,1,abnormal_meter_behaviour,isolation_forest,high
2023-05-01 18:00:00,MTR-006,15.5951,6.0076,1,abnormal_meter_behaviour,isolation_forest,high
2023-05-01 18:00:00,MTR-009,16.8935,6.5379,1,abnormal_meter_behaviour,isolation_forest,high
2023-05-01 19:00:00,MTR-005,0.4383,-4.8922,1,low_consumption,robust_zscore,medium
2023-05-01 23:00:00,MTR-002,7.3262,15.382,1,sudden_spike,robust_zscore,high
2023-05-02 18:00:00,MTR-009,15.8796,6.0444,1,abnormal_meter_behaviour,isolation_forest,high
2023-05-02 19:00:00,MTR-009,15.7151,6.1097,1,abnormal_meter_behaviour,isolation_forest,high
2023-05-03 08:00:00,MTR-004,8.1536,17.4167,1,sudden_spike,robust_zscore,high
2023-05-03 09:00:00,MTR-003,22.2071,7.4668,1,sudden_spike,robust_zscore,high
2023-05-04 00:00:00,MTR-003,9.4258,16.5953,1,sudden_spike,robust_zscore,high
2023-05-04 05:00:00,MTR-003,18.0587,12.8224,1,sudden_spike,robust_zscore,high
2023-05-04 12:00:00,MTR-004,0.1709,-6.888,1,low_consumption,robust_zscore,high
2023-05-04 12:00:00,MTR-005,20.0851,6.0472,1,abnormal_meter_behaviour,isolation_forest,high
2023-05-04 12:00:00,MTR-005,20.0851,17.9474,1,sudden_spike,robust_zscore,high
2023-05-04 17:00:00,MTR-009,17.0753,6.1197,1,abnormal_meter_behaviour,isolation_forest,high
2023-05-04 19:00:00,MTR-009,16.1896,6.1329,1,abnormal_meter_behaviour,isolation_forest,high
2023-05-04 23:00:00,MTR-001,1.803051909184729,12.1896,1,sudden_spike,robust_zscore,high
2023-05-05 04:00:00,MTR-010,0.2289,-5.7724,1,low_consumption,robust_zscore,medium
2023-05-05 11:00:00,MTR-008,0.7201,-4.4969,1,low_consumption,robust_zscore,medium
2023-05-05 14:00:00,MTR-007,0.2013,-5.9269,1,low_consumption,robust_zscore,medium
2023-05-05 16:00:00,MTR-003,10.8062,6.0026,1,abnormal_meter_behaviour,isolation_forest,high
2023-05-05 17:00:00,MTR-009,17.7351,6.204,1,abnormal_meter_behaviour,isolation_forest,high
2023-05-05 18:00:00,MTR-003,15.0515,6.1876,1,abnormal_meter_behaviour,isolation_forest,high
2023-05-05 18:00:00,MTR-009,62.2235,6.6634,1,abnormal_meter_behaviour,isolation_forest,high
2023-05-05 18:00:00,MTR-009,62.2235,15.9717,1,sudden_spike,robust_zscore,high
2023-05-06 02:00:00,MTR-009,0.3325,-4.2569,1,low_consumption,robust_zscore,medium
2023-05-06 02:00:00,MTR-010,0.0913,-5.8087,1,low_consumption,robust_zscore,medium
2023-05-06 04:00:00,MTR-008,5.4997,4.0035,1,high_consumption,robust_zscore,medium
2023-05-06 10:00:00,MTR-003,25.6455,10.4462,1,sudden_spike,robust_zscore,high
2023-05-06 12:00:00,MTR-012,15.3332,6.4198,1,sudden_spike,robust_zscore,high
2023-05-06 15:00:00,MTR-010,6.5148,14.4003,1,sudden_spike,robust_zscore,high
2023-05-06 17:00:00,MTR-009,41.6864,6.2345,1,abnormal_meter_behaviour,isolation_forest,high
2023-05-06 17:00:00,MTR-009,41.6864,10.1559,1,sudden_spike,robust_zscore,high
2023-05-06 21:00:00,MTR-002,0.2391,-5.3536,1,low_consumption,robust_zscore,medium
2023-05-07 10:00:00,MTR-005,10.5451,4.5263,1,high_consumption,robust_zscore,medium
2023-05-07 12:00:00,MTR-004,8.5931,23.3526,1,sudden_spike,robust_zscore,high
2023-05-07 21:00:00,MTR-004,0.4658,-6.5867,1,low_consumption,robust_zscore,high
2023-05-08 10:00:00,MTR-007,0.316,-7.5533,1,low_consumption,robust_zscore,high
2023-05-08 14:00:00,MTR-003,23.1458,9.6766,1,sudden_spike,robust_zscore,high
2023-05-08 17:00:00,MTR-009,17.0291,6.1112,1,abnormal_meter_behaviour,isolation_forest,high
2023-05-08 19:00:00,MTR-003,1.2844,-4.67,1,low_consumption,robust_zscore,medium
2023-05-08 20:00:00,MTR-009,43.5508,16.2117,1,sudden_spike,robust_zscore,high
2023-05-09 00:00:00,MTR-002,5.1516,12.7595,1,sudden_spike,robust_zscore,high
2023-05-09 14:00:00,MTR-002,26.6319,21.4259,1,sudden_spike,robust_zscore,high
2023-05-09 15:00:00,MTR-009,14.2583,6.0248,1,abnormal_meter_behaviour,isolation_forest,high
2023-05-09 16:00:00,MTR-003,48.38,6.1385,1,abnormal_meter_behaviour,isolation_forest,high
2023-05-09 16:00:00,MTR-003,48.38,19.6047,1,sudden_spike,robust_zscore,high
2023-05-09 16:00:00,MTR-009,1.0923,-4.3868,1,low_consumption,robust_zscore,medium
2023-05-09 17:00:00,MTR-004,0.4694,-6.7936,1,low_consumption,robust_zscore,high
2023-05-09 17:00:00,MTR-009,17.9118,6.3125,1,abnormal_meter_behaviour,isolation_forest,high
2023-05-10 09:00:00,MTR-002,20.3594,12.4044,1,sudden_spike,robust_zscore,high
2023-05-10 17:00:00,MTR-006,14.8987,6.0153,1,abnormal_meter_behaviour,isolation_forest,high
2023-05-10 17:00:00,MTR-009,16.26,6.1144,1,abnormal_meter_behaviour,isolation_forest,high
2023-05-10 18:00:00,MTR-001,0.1502,-7.421,1,low_consumption,robust_zscore,high
2023-05-11 14:00:00,MTR-006,30.6677,6.0171,1,abnormal_meter_behaviour,isolation_forest,high
2023-05-11 14:00:00,MTR-006,30.6677,12.7932,1,sudden_spike,robust_zscore,high
2023-05-11 17:00:00,MTR-006,14.6578,6.0975,1,abnormal_meter_behaviour,isolation_forest,high
2023-05-11 18:00:00,MTR-002,26.613,12.0778,1,sudden_spike,robust_zscore,high
2023-05-11 18:00:00,MTR-009,18.2112,6.5361,1,abnormal_meter_behaviour,isolation_forest,high
2023-05-12 01:00:00,MTR-012,6.963775628227193,12.086,1,sudden_spike,robust_zscore,high
2023-05-12 03:00:00,MTR-008,0.3426,-4.0867,1,low_consumption,robust_zscore,medium
2023-05-12 11:00:00,MTR-001,8.1076,31.7539,1,sudden_spike,robust_zscore,high
2023-05-12 17:00:00,MTR-009,16.0808,6.0538,1,abnormal_meter_behaviour,isolation_forest,high
2023-05-12 19:00:00,MTR-001,0.2378,-6.8857,1,low_consumption,robust_zscore,high
2023-05-13 00:00:00,MTR-001,2.3897,24.6502,1,sudden_spike,robust_zscore,high
2023-05-13 10:00:00,MTR-001,0.1842,-7.4476,1,low_consumption,robust_zscore,high
2023-05-13 12:00:00,MTR-010,7.2048,22.7531,1,sudden_spike,robust_zscore,high
2023-05-13 21:00:00,MTR-002,12.6051,9.3996,1,sudden_spike,robust_zscore,high
2023-05-14 00:00:00,MTR-009,0.147,-4.4894,1,low_consumption,robust_zscore,medium
2023-05-14 00:00:00,MTR-011,0.1662,-4.7418,1,low_consumption,robust_zscore,medium
2023-05-14 02:00:00,MTR-006,5.4191,5.1656,1,high_consumption,robust_zscore,medium
2023-05-14 08:00:00,MTR-007,0.4218,-6.2563,1,low_consumption,robust_zscore,high
2023-05-14 08:00:00,MTR-012,19.8634,6.674,1,sudden_spike,robust_zscore,high
2023-05-14 22:00:00,MTR-004,4.4834,21.5517,1,sudden_spike,robust_zscore,high
2023-05-15 01:00:00,MTR-010,1.7941398508319026,14.4548,1,sudden_spike,robust_zscore,high
2023-05-15 05:00:00,MTR-008,9.9586,8.5619,1,sudden_spike,robust_zscore,high
2023-05-15 17:00:00,MTR-009,17.3588,6.2614,1,abnormal_meter_behaviour,isolation_forest,high
2023-05-15 18:00:00,MTR-008,20.4691,9.4639,1,sudden_spike,robust_zscore,high
2023-05-15 22:00:00,MTR-002,11.9125,18.5405,1,sudden_spike,robust_zscore,high
2023-05-16 18:00:00,MTR-006,13.3184,6.0942,1,abnormal_meter_behaviour,isolation_forest,high
2023-05-16 18:00:00,MTR-009,17.3616,6.0445,1,abnormal_meter_behaviour,isolation_forest,high
2023-05-16 19:00:00,MTR-009,13.4312,6.0589,1,abnormal_meter_behaviour,isolation_forest,high
2023-05-16 22:00:00,MTR-004,4.5011,21.6674,1,sudden_spike,robust_zscore,high
2023-05-16 23:00:00,MTR-005,0.4102,-4.1632,1,low_consumption,robust_zscore,medium
2023-05-17 14:00:00,MTR-007,7.7854,18.696,1,sudden_spike,robust_zscore,high
2023-05-17 16:00:00,MTR-009,12.4306,6.0592,1,abnormal_meter_behaviour,isolation_forest,high
2023-05-17 17:00:00,MTR-009,18.3941,6.5049,1,abnormal_meter_behaviour,isolation_forest,high
2023-05-17 18:00:00,MTR-009,18.1422,6.1115,1,abnormal_meter_behaviour,isolation_forest,high
2023-05-17 20:00:00,MTR-001,0.5441,-5.8751,1,low_consumption,robust_zscore,medium
2023-05-18 17:00:00,MTR-009,17.0832,6.1588,1,abnormal_meter_behaviour,isolation_forest,high
2023-05-18 17:00:00,MTR-012,16.0703,6.1104,1,abnormal_meter_behaviour,isolation_forest,high
2023-05-18 18:00:00,MTR-007,7.5164,12.478,1,sudden_spike,robust_zscore,high
2023-05-18 18:00:00,MTR-009,19.9423,6.2434,1,abnormal_meter_behaviour,isolation_forest,high
2023-05-18 19:00:00,MTR-009,16.0621,6.017,1,abnormal_meter_behaviour,isolation_forest,high
2023-05-19 03:00:00,MTR-002,0.2129,-5.1978,1,low_consumption,robust_zscore,medium
2023-05-19 12:00:00,MTR-004,0.463,-5.8392,1,low_consumption,robust_zscore,medium
2023-05-19 14:00:00,MTR-010,7.1849,18.9543,1,sudden_spike,robust_zscore,high
2023-05-19 17:00:00,MTR-009,16.2792,6.0796,1,abnormal_meter_behaviour,isolation_forest,high
2023-05-19 17:00:00,MTR-012,15.0069,6.0436,1,abnormal_meter_behaviour,isolation_forest,high
2023-05-19 18:00:00,MTR-003,38.8453,6.4106,1,abnormal_meter_behaviour,isolation_forest,high
2023-05-19 18:00:00,MTR-003,38.8453,11.7407,1,sudden_spike,robust_zscore,high
2023-05-19 18:00:00,MTR-009,17.5809,6.1385,1,abnormal_meter_behaviour,isolation_forest,high
2023-05-21 01:00:00,MTR-004,0.0621,-6.6741,1,low_consumption,robust_zscore,high
2023-05-21 13:00:00,MTR-006,1.3848,-4.088,1,low_consumption,robust_zscore,medium
2023-05-21 15:00:00,MTR-009,1.2337,-4.328,1,low_consumption,robust_zscore,medium
2023-05-21 18:00:00,MTR-008,25.5721,13.3476,1,sudden_spike,robust_zscore,high
2023-05-22 11:00:00,MTR-001,5.2366,17.4995,1,sudden_spike,robust_zscore,high
2023-05-22 17:00:00,MTR-003,14.9429,6.0137,1,abnormal_meter_behaviour,isolation_forest,high
2023-05-22 17:00:00,MTR-006,15.7972,6.237,1,abnormal_meter_behaviour,isolation_forest,high
2023-05-22 17:00:00,MTR-009,17.4716,6.1336,1,abnormal_meter_behaviour,isolation_forest,high
2023-05-22 17:00:00,MTR-012,15.5252,6.3688,1,abnormal_meter_behaviour,isolation_forest,high
2023-05-22 18:00:00,MTR-009,19.0314,6.2624,1,abnormal_meter_behaviour,isolation_forest,high
2023-05-22 20:00:00,MTR-012,0.991,-4.7075,1,low_consumption,robust_zscore,medium
2023-05-23 09:00:00,MTR-008,0.8359,-4.7637,1,low_consumption,robust_zscore,medium
2023-05-23 12:00:00,MTR-009,23.5575,9.2613,1,sudden_spike,robust_zscore,high
2023-05-23 17:00:00,MTR-009,17.183,6.0191,1,abnormal_meter_behaviour,isolation_forest,high
2023-05-23 17:00:00,MTR-012,14.5022,6.1515,1,abnormal_meter_behaviour,isolation_forest,high
2023-05-23 18:00:00,MTR-003,13.9658,6.1218,1,abnormal_meter_behaviour,isolation_forest,high
2023-05-23 18:00:00,MTR-009,19.2529,6.5818,1,abnormal_meter_behaviour,isolation_forest,high
2023-05-23 18:00:00,MTR-012,15.7714,6.7337,1,abnormal_meter_behaviour,isolation_forest,high
2023-05-24 01:00:00,MTR-010,1.4239,10.1677,1,sudden_spike,robust_zscore,high
2023-05-24 14:00:00,MTR-005,0.8456,-4.8738,1,low_consumption,robust_zscore,medium
2023-05-24 16:00:00,MTR-003,0.6151,-4.4378,1,low_consumption,robust_zscore,medium
2023-05-24 16:00:00,MTR-010,0.3502,-5.8583,1,low_consumption,robust_zscore,medium
2023-05-24 17:00:00,MTR-009,19.4487,6.5762,1,abnormal_meter_behaviour,isolation_forest,high
2023-05-24 18:00:00,MTR-009,19.918,6.48,1,abnormal_meter_behaviour,isolation_forest,high
2023-05-24 19:00:00,MTR-009,15.8387,6.2636,1,abnormal_meter_behaviour,isolation_forest,high
2023-05-25 06:00:00,MTR-004,5.9853,16.5427,1,sudden_spike,robust_zscore,high
2023-05-25 06:00:00,MTR-007,6.2502,21.6167,1,sudden_spike,robust_zscore,high
2023-05-25 16:00:00,MTR-012,1.3918,-4.2435,1,low_consumption,robust_zscore,medium
2023-05-25 17:00:00,MTR-009,17.0925,6.2649,1,abnormal_meter_behaviour,isolation_forest,high
2023-05-25 18:00:00,MTR-009,15.7651,6.0938,1,abnormal_meter_behaviour,isolation_forest,high
2023-05-26 10:00:00,MTR-011,17.9527,11.9739,1,sudden_spike,robust_zscore,high
2023-05-26 12:00:00,MTR-011,24.1624,25.0973,1,sudden_spike,robust_zscore,high
2023-05-26 16:00:00,MTR-009,14.6055,6.2965,1,abnormal_meter_behaviour,isolation_forest,high
2023-05-26 17:00:00,MTR-006,15.4399,6.2803,1,abnormal_meter_behaviour,isolation_forest,high
2023-05-26 17:00:00,MTR-009,21.0482,6.3598,1,abnormal_meter_behaviour,isolation_forest,high
2023-05-26 17:00:00,MTR-012,33.9682,6.4679,1,abnormal_meter_behaviour,isolation_forest,high
2023-05-26 17:00:00,MTR-012,33.9682,10.5557,1,sudden_spike,robust_zscore,high
2023-05-26 18:00:00,MTR-003,16.2561,6.2083,1,abnormal_meter_behaviour,isolation_forest,high
2023-05-26 18:00:00,MTR-009,18.2105,6.1756,1,abnormal_meter_behaviour,isolation_forest,high
2023-05-27 09:00:00,MTR-010,8.9974,26.7815,1,sudden_spike,robust_zscore,high
2023-05-27 17:00:00,MTR-002,27.7935,12.2406,1,sudden_spike,robust_zscore,high
2023-05-27 20:00:00,MTR-006,26.6662,10.3915,1,sudden_spike,robust_zscore,high
2023-05-28 00:00:00,MTR-009,8.802393522127964,10.1697,1,sudden_spike,robust_zscore,high
2023-05-28 01:00:00,MTR-004,2.101415075088851,17.1854,1,sudden_spike,robust_zscore,high
2023-05-28 13:00:00,MTR-004,10.7107,26.5993,1,sudden_spike,robust_zscore,high
2023-05-28 18:00:00,MTR-009,14.3647,6.6779,1,abnormal_meter_behaviour,isolation_forest,high
2023-05-28 19:00:00,MTR-012,2.1774,-4.0051,1,low_consumption,robust_zscore,medium
2023-05-29 06:00:00,MTR-004,8.0234,24.7156,1,sudden_spike,robust_zscore,high
2023-05-29 14:00:00,MTR-009,13.1834,6.2037,1,abnormal_meter_behaviour,isolation_forest,high
2023-05-29 15:00:00,MTR-009,15.5041,6.1317,1,abnormal_meter_behaviour,isolation_forest,high
2023-05-29 17:00:00,MTR-005,35.1242,6.1332,1,abnormal_meter_behaviour,isolation_forest,high
2023-05-29 17:00:00,MTR-005,35.1242,17.5788,1,sudden_spike,robust_zscore,high
2023-05-29 17:00:00,MTR-009,18.2987,6.2101,1,abnormal_meter_behaviour,isolation_forest,high
2023-05-29 18:00:00,MTR-003,16.9362,6.1763,1,abnormal_meter_behaviour,isolation_forest,high
2023-05-29 18:00:00,MTR-004,0.3836,-6.4566,1,low_consumption,robust_zscore,high
2023-05-29 18:00:00,MTR-009,17.0842,6.1852,1,abnormal_meter_behaviour,isolation_forest,high
2023-05-30 02:00:00,MTR-008,7.2916,15.2572,1,sudden_spike,robust_zscore,high
2023-05-30 09:00:00,MTR-007,0.4711,-6.7336,1,low_consumption,robust_zscore,high
2023-05-30 09:00:00,MTR-011,23.3321,17.9717,1,sudden_spike,robust_zscore,high
2023-05-30 13:00:00,MTR-009,13.3229,6.1247,1,abnormal_meter_behaviour,isolation_forest,high
2023-05-30 17:00:00,MTR-006,14.4623,6.0867,1,abnormal_meter_behaviour,isolation_forest,high
2023-05-30 17:00:00,MTR-009,20.4836,6.2915,1,abnormal_meter_behaviour,isolation_forest,high
2023-05-30 18:00:00,MTR-001,12.2554,24.4854,1,sudden_spike,robust_zscore,high
2023-05-30 18:00:00,MTR-009,17.5338,6.4992,1,abnormal_meter_behaviour,isolation_forest,high
2023-05-30 19:00:00,MTR-002,23.1257,6.3686,1,abnormal_meter_behaviour,isolation_forest,high
2023-05-30 19:00:00,MTR-002,23.1257,11.8629,1,sudden_spike,robust_zscore,high
2023-05-31 02:00:00,MTR-009,9.4251,8.7558,1,sudden_spike,robust_zscore,high
2023-05-31 15:00:00,MTR-009,15.2192,6.0316,1,abnormal_meter_behaviour,isolation_forest,high
2023-05-31 16:00:00,MTR-009,15.3952,6.1017,1,abnormal_meter_behaviour,isolation_forest,high
2023-05-31 17:00:00,MTR-009,16.366,6.1077,1,abnormal_meter_behaviour,isolation_forest,high
2023-05-31 17:00:00,MTR-012,15.3852,6.2944,1,abnormal_meter_behaviour,isolation_forest,high
2023-05-31 18:00:00,MTR-011,29.1943,15.8976,1,sudden_spike,robust_zscore,high
2023-05-31 19:00:00,MTR-009,16.4194,6.3276,1,abnormal_meter_behaviour,isolation_forest,high
2023-05-31 19:00:00,MTR-012,36.1446,6.1469,1,abnormal_meter_behaviour,isolation_forest,high
2023-05-31 19:00:00,MTR-012,36.1446,12.3654,1,sudden_spike,robust_zscore,high
2023-05-31 23:00:00,MTR-005,0.501,-3.9101,1,low_consumption,robust_zscore,low
2023-06-01 12:00:00,MTR-004,6.1398,14.5438,1,sudden_spike,robust_zscore,high
2023-06-01 15:00:00,MTR-006,14.3169,6.2253,1,abnormal_meter_behaviour,isolation_forest,high
2023-06-01 15:00:00,MTR-009,14.5963,6.2835,1,abnormal_meter_behaviour,isolation_forest,high
2023-06-01 16:00:00,MTR-009,14.0062,6.1925,1,abnormal_meter_behaviour,isolation_forest,high
2023-06-01 16:00:00,MTR-012,11.5597,6.2212,1,abnormal_meter_behaviour,isolation_forest,high
2023-06-01 17:00:00,MTR-009,19.6284,6.3174,1,abnormal_meter_behaviour,isolation_forest,high
2023-06-01 17:00:00,MTR-012,15.0897,6.3158,1,abnormal_meter_behaviour,isolation_forest,high
2023-06-01 18:00:00,MTR-001,0.6306,-6.1548,1,low_consumption,robust_zscore,high
2023-06-01 18:00:00,MTR-008,9.0682,6.0042,1,abnormal_meter_behaviour,isolation_forest,high
2023-06-01 18:00:00,MTR-009,16.6049,6.6135,1,abnormal_meter_behaviour,isolation_forest,high
2023-06-01 19:00:00,MTR-009,16.1475,6.3754,1,abnormal_meter_behaviour,isolation_forest,high
2023-06-01 23:00:00,MTR-005,5.1943,9.1736,1,sudden_spike,robust_zscore,high
2023-06-02 06:00:00,MTR-009,0.8388,-4.7863,1,low_consumption,robust_zscore,medium
2023-06-02 12:00:00,MTR-009,30.6985,6.1508,1,abnormal_meter_behaviour,isolation_forest,high
2023-06-02 12:00:00,MTR-009,30.6985,13.7514,1,sudden_spike,robust_zscore,high
2023-06-02 15:00:00,MTR-004,10.8817,24.1047,1,sudden_spike,robust_zscore,high
2023-06-02 16:00:00,MTR-009,15.113,6.0654,1,abnormal_meter_behaviour,isolation_forest,high
2023-06-02 17:00:00,MTR-006,16.4503,6.3461,1,abnormal_meter_behaviour,isolation_forest,high
2023-06-02 17:00:00,MTR-009,17.4509,6.3666,1,abnormal_meter_behaviour,isolation_forest,high
2023-06-02 18:00:00,MTR-003,12.6784,6.1591,1,abnormal_meter_behaviour,isolation_forest,high
2023-06-02 18:00:00,MTR-009,15.8615,6.1115,1,abnormal_meter_behaviour,isolation_forest,high
2023-06-02 18:00:00,MTR-012,14.0594,6.0266,1,abnormal_meter_behaviour,isolation_forest,high
2023-06-02 19:00:00,MTR-009,15.065,6.4351,1,abnormal_meter_behaviour,isolation_forest,high
2023-06-03 07:00:00,MTR-008,11.9986,4.877,1,high_consumption,robust_zscore,medium
2023-06-03 07:00:00,MTR-011,13.9357,8.4015,1,sudden_spike,robust_zscore,high
2023-06-03 09:00:00,MTR-006,26.3521,10.5025,1,sudden_spike,robust_zscore,high
2023-06-03 20:00:00,MTR-010,0.3599,-6.5107,1,low_consumption,robust_zscore,high
2023-06-03 22:00:00,MTR-002,6.1741,7.0092,1,sudden_spike,robust_zscore,high
2023-06-03 23:00:00,MTR-007,0.0511,-8.4315,1,low_consumption,robust_zscore,high
2023-06-04 11:00:00,MTR-010,0.3335,-5.9404,1,low_consumption,robust_zscore,medium
2023-06-04 18:00:00,MTR-009,14.7419,6.1809,1,abnormal_meter_behaviour,isolation_forest,high
2023-06-05 05:00:00,MTR-002,0.7381,-4.1767,1,low_consumption,robust_zscore,medium
2023-06-05 12:00:00,MTR-003,37.4867,22.1819,1,sudden_spike,robust_zscore,high
2023-06-05 15:00:00,MTR-009,15.92,6.1223,1,abnormal_meter_behaviour,isolation_forest,high
2023-06-05 16:00:00,MTR-007,0.5169,-5.5896,1,low_consumption,robust_zscore,medium
2023-06-05 17:00:00,MTR-003,15.2584,6.301,1,abnormal_meter_behaviour,isolation_forest,high
2023-06-05 17:00:00,MTR-006,16.0991,6.2376,1,abnormal_meter_behaviour,isolation_forest,high
2023-06-05 17:00:00,MTR-009,19.6658,6.3041,1,abnormal_meter_behaviour,isolation_forest,high
2023-06-05 18:00:00,MTR-009,16.466,6.2813,1,abnormal_meter_behaviour,isolation_forest,high
2023-06-06 00:00:00,MTR-009,10.3615,12.8102,1,sudden_spike,robust_zscore,high
2023-06-06 10:00:00,MTR-006,1.7327,-4.3145,1,low_consumption,robust_zscore,medium
2023-06-06 10:00:00,MTR-009,13.3362,6.0393,1,abnormal_meter_behaviour,isolation_forest,high
2023-06-06 13:00:00,MTR-006,32.9402,6.3201,1,abnormal_meter_behaviour,isolation_forest,high
2023-06-06 13:00:00,MTR-006,32.9402,16.6494,1,sudden_spike,robust_zscore,high
2023-06-06 15:00:00,MTR-009,13.5609,6.0723,1,abnormal_meter_behaviour,isolation_forest,high
2023-06-06 17:00:00,MTR-009,18.6833,6.3931,1,abnormal_meter_behaviour,isolation_forest,high
2023-06-06 17:00:00,MTR-012,12.8905,5.9895,1,abnormal_meter_behaviour,isolation_forest,medium
2023-06-06 18:00:00,MTR-006,14.4019,6.0422,1,abnormal_meter_behaviour,isolation_forest,high
2023-06-06 18:00:00,MTR-012,14.4498,6.0273,1,abnormal_meter_behaviour,isolation_forest,high
2023-06-07 01:00:00,MTR-003,0.2048,-4.5818,1,low_consumption,robust_zscore,medium
2023-06-07 07:00:00,MTR-006,35.318,6.1191,1,abnormal_meter_behaviour,isolation_forest,high
2023-06-07 07:00:00,MTR-006,35.318,14.8412,1,sudden_spike,robust_zscore,high
2023-06-07 14:00:00,MTR-009,15.4314,6.5076,1,abnormal_meter_behaviour,isolation_forest,high
2023-06-07 14:00:00,MTR-010,7.193,18.9845,1,sudden_spike,robust_zscore,high
2023-06-07 15:00:00,MTR-001,0.2294,-6.2789,1,low_consumption,robust_zscore,high
2023-06-07 17:00:00,MTR-006,17.502,6.0871,1,abnormal_meter_behaviour,isolation_forest,high
2023-06-07 17:00:00,MTR-009,20.2123,6.314,1,abnormal_meter_behaviour,isolation_forest,high
2023-06-07 18:00:00,MTR-009,17.2387,6.251,1,abnormal_meter_behaviour,isolation_forest,high
2023-06-07 20:00:00,MTR-003,31.5205,6.0322,1,abnormal_meter_behaviour,isolation_forest,high
2023-06-07 20:00:00,MTR-003,31.5205,13.9429,1,sudden_spike,robust_zscore,high
2023-06-08 00:00:00,MTR-009,0.2971,-4.2352,1,low_consumption,robust_zscore,medium
2023-06-08 07:00:00,MTR-011,0.6446,-4.6295,1,low_consumption,robust_zscore,medium
2023-06-08 17:00:00,MTR-009,17.8675,6.2662,1,abnormal_meter_behaviour,isolation_forest,high
2023-06-08 18:00:00,MTR-003,15.612,6.3716,1,abnormal_meter_behaviour,isolation_forest,high
2023-06-08 18:00:00,MTR-009,16.8723,6.1559,1,abnormal_meter_behaviour,isolation_forest,high
2023-06-08 18:00:00,MTR-012,14.744,6.0166,1,abnormal_meter_behaviour,isolation_forest,high
2023-06-08 23:00:00,MTR-010,2.8027,23.6197,1,sudden_spike,robust_zscore,high
2023-06-09 05:00:00,MTR-006,18.6773,12.5987,1,sudden_spike,robust_zscore,high
2023-06-09 15:00:00,MTR-009,16.3893,6.2372,1,abnormal_meter_behaviour,isolation_forest,high
2023-06-09 15:00:00,MTR-010,0.1618,-6.9715,1,low_consumption,robust_zscore,high
2023-06-09 16:00:00,MTR-010,0.3402,-5.8871,1,low_consumption,robust_zscore,medium
2023-06-09 17:00:00,MTR-003,16.4532,6.1227,1,abnormal_meter_behaviour,isolation_forest,high
2023-06-09 17:00:00,MTR-006,14.8917,6.4626,1,abnormal_meter_behaviour,isolation_forest,high
2023-06-09 17:00:00,MTR-009,19.7947,6.3535,1,abnormal_meter_behaviour,isolation_forest,high
2023-06-09 18:00:00,MTR-009,16.3939,6.2341,1,abnormal_meter_behaviour,isolation_forest,high
2023-06-09 19:00:00,MTR-009,16.9526,6.237,1,abnormal_meter_behaviour,isolation_forest,high
2023-06-09 20:00:00,MTR-003,32.9416,14.8244,1,sudden_spike,robust_zscore,high
2023-06-10 04:00:00,MTR-006,12.2381,8.6153,1,sudden_spike,robust_zscore,high
2023-06-10 10:00:00,MTR-008,19.9759,12.4908,1,sudden_spike,robust_zscore,high
2023-06-10 17:00:00,MTR-001,15.2645,26.8109,1,sudden_spike,robust_zscore,high
2023-06-10 21:00:00,MTR-003,19.4233,8.8698,1,sudden_spike,robust_zscore,high
2023-06-11 02:00:00,MTR-004,3.3997,23.8946,1,sudden_spike,robust_zscore,high
2023-06-11 13:00:00,MTR-007,7.8359,24.4859,1,sudden_spike,robust_zscore,high
2023-06-11 18:00:00,MTR-010,3.4017,6.0206,1,abnormal_meter_behaviour,isolation_forest,high
2023-06-12 11:00:00,MTR-006,34.7994,22.4142,1,sudden_spike,robust_zscore,high
2023-06-12 14:00:00,MTR-002,26.8533,6.0202,1,abnormal_meter_behaviour,isolation_forest,high
2023-06-12 14:00:00,MTR-002,26.8533,21.6511,1,sudden_spike,robust_zscore,high
2023-06-12 15:00:00,MTR-009,13.9478,5.9985,1,abnormal_meter_behaviour,isolation_forest,medium
2023-06-12 17:00:00,MTR-003,15.5997,6.0794,1,abnormal_meter_behaviour,isolation_forest,high
2023-06-12 17:00:00,MTR-009,19.5859,6.6633,1,abnormal_meter_behaviour,isolation_forest,high
2023-06-12 17:00:00,MTR-012,15.0611,6.2456,1,abnormal_meter_behaviour,isolation_forest,high
2023-06-12 18:00:00,MTR-003,17.018,6.0952,1,abnormal_meter_behaviour,isolation_forest,high
2023-06-12 18:00:00,MTR-006,13.9835,6.3952,1,abnormal_meter_behaviour,isolation_forest,high
2023-06-12 18:00:00,MTR-009,19.2778,6.6325,1,abnormal_meter_behaviour,isolation_forest,high
2023-06-12 19:00:00,MTR-009,17.7079,6.5194,1,abnormal_meter_behaviour,isolation_forest,high
2023-06-13 15:00:00,MTR-009,13.7172,6.04,1,abnormal_meter_behaviour,isolation_forest,high
2023-06-13 16:00:00,MTR-006,12.3009,6.1098,1,abnormal_meter_behaviour,isolation_forest,high
2023-06-13 16:00:00,MTR-009,16.7355,6.5355,1,abnormal_meter_behaviour,isolation_forest,high
2023-06-13 17:00:00,MTR-006,14.6034,6.027,1,abnormal_meter_behaviour,isolation_forest,high
2023-06-13 17:00:00,MTR-009,17.4574,6.0783,1,abnormal_meter_behaviour,isolation_forest,high
2023-06-13 18:00:00,MTR-003,15.3695,5.9887,1,abnormal_meter_behaviour,isolation_forest,medium
2023-06-13 18:00:00,MTR-009,17.6662,6.2324,1,abnormal_meter_behaviour,isolation_forest,high
2023-06-13 19:00:00,MTR-009,16.2641,6.3911,1,abnormal_meter_behaviour,isolation_forest,high
2023-06-13 20:00:00,MTR-007,6.5143,17.6439,1,sudden_spike,robust_zscore,high
2023-06-14 00:00:00,MTR-007,1.9159,17.5252,1,sudden_spike,robust_zscore,high
2023-06-14 00:00:00,MTR-008,0.2976,-4.1832,1,low_consumption,robust_zscore,medium
2023-06-14 17:00:00,MTR-003,17.151,6.4434,1,abnormal_meter_behaviour,isolation_forest,high
2023-06-14 17:00:00,MTR-009,18.9352,6.6253,1,abnormal_meter_behaviour,isolation_forest,high
2023-06-14 18:00:00,MTR-003,13.8396,6.2731,1,abnormal_meter_behaviour,isolation_forest,high
2023-06-14 18:00:00,MTR-006,15.0008,6.0993,1,abnormal_meter_behaviour,isolation_forest,high
2023-06-14 18:00:00,MTR-009,19.1253,6.4802,1,abnormal_meter_behaviour,isolation_forest,high
2023-06-14 19:00:00,MTR-006,15.0339,6.2265,1,abnormal_meter_behaviour,isolation_forest,high
2023-06-14 19:00:00,MTR-009,17.1868,6.6148,1,abnormal_meter_behaviour,isolation_forest,high
2023-06-14 22:00:00,MTR-003,19.3069,19.0792,1,sudden_spike,robust_zscore,high
2023-06-15 11:00:00,MTR-009,37.4194,6.343,1,abnormal_meter_behaviour,isolation_forest,high
2023-06-15 11:00:00,MTR-009,37.4194,19.4675,1,sudden_spike,robust_zscore,high
2023-06-15 15:00:00,MTR-008,31.5605,22.3736,1,sudden_spike,robust_zscore,high
2023-06-15 16:00:00,MTR-009,15.8605,6.0524,1,abnormal_meter_behaviour,isolation_forest,high
2023-06-15 17:00:00,MTR-003,16.095,6.2558,1,abnormal_meter_behaviour,isolation_forest,high
2023-06-15 17:00:00,MTR-006,14.9709,6.0408,1,abnormal_meter_behaviour,isolation_forest,high
2023-06-15 17:00:00,MTR-009,17.3645,6.5918,1,abnormal_meter_behaviour,isolation_forest,high
2023-06-15 17:00:00,MTR-012,16.8565,6.3972,1,abnormal_meter_behaviour,isolation_forest,high
2023-06-15 18:00:00,MTR-003,14.87,6.5651,1,abnormal_meter_behaviour,isolation_forest,high
2023-06-15 18:00:00,MTR-006,15.8406,6.4436,1,abnormal_meter_behaviour,isolation_forest,high
2023-06-15 18:00:00,MTR-007,4.0076,3.0171,1,high_consumption,robust_zscore,low
2023-06-15 18:00:00,MTR-009,19.4216,6.7762,1,abnormal_meter_behaviour,isolation_forest,high
2023-06-15 18:00:00,MTR-012,15.4323,6.2777,1,abnormal_meter_behaviour,isolation_forest,high
2023-06-15 19:00:00,MTR-003,13.4005,6.125,1,abnormal_meter_behaviour,isolation_forest,high
2023-06-15 19:00:00,MTR-006,12.7893,5.9855,1,abnormal_meter_behaviour,isolation_forest,medium
2023-06-15 19:00:00,MTR-009,16.0824,6.2814,1,abnormal_meter_behaviour,isolation_forest,high
2023-06-16 00:00:00,MTR-007,0.0903,-5.9291,1,low_consumption,robust_zscore,medium
2023-06-16 16:00:00,MTR-010,9.673,21.0083,1,sudden_spike,robust_zscore,high
2023-06-16 17:00:00,MTR-003,15.8925,6.0563,1,abnormal_meter_behaviour,isolation_forest,high
2023-06-16 17:00:00,MTR-006,15.2566,5.9989,1,abnormal_meter_behaviour,isolation_forest,medium
2023-06-16 17:00:00,MTR-009,18.2692,6.293,1,abnormal_meter_behaviour,isolation_forest,high
2023-06-16 17:00:00,MTR-012,15.3237,6.0047,1,abnormal_meter_behaviour,isolation_forest,high
2023-06-16 18:00:00,MTR-003,16.131,6.0501,1,abnormal_meter_behaviour,isolation_forest,high
2023-06-16 18:00:00,MTR-009,18.7939,6.6372,1,abnormal_meter_behaviour,isolation_forest,high
2023-06-16 19:00:00,MTR-003,13.5444,6.0275,1,abnormal_meter_behaviour,isolation_forest,high
2023-06-16 19:00:00,MTR-009,16.7318,6.2159,1,abnormal_meter_behaviour,isolation_forest,high
2023-06-16 20:00:00,MTR-003,1.7193,-4.543,1,low_consumption,robust_zscore,medium
2023-06-17 03:00:00,MTR-012,6.963775628227193,5.0311,1,high_consumption,robust_zscore,medium
2023-06-17 11:00:00,MTR-007,2.2747,3.0421,1,high_consumption,robust_zscore,low
2023-06-17 12:00:00,MTR-007,2.6542,4.2891,1,high_consumption,robust_zscore,medium
2023-06-17 15:00:00,MTR-005,0.6627,-4.4524,1,low_consumption,robust_zscore,medium
2023-06-18 11:00:00,MTR-001,2.3332,3.0842,1,high_consumption,robust_zscore,low
2023-06-18 11:00:00,MTR-007,2.3636,3.4985,1,high_consumption,robust_zscore,low
2023-06-18 12:00:00,MTR-003,5.6433,6.1128,1,abnormal_meter_behaviour,isolation_forest,high
2023-06-19 14:00:00,MTR-007,6.2424,13.6864,1,sudden_spike,robust_zscore,high
2023-06-19 16:00:00,MTR-002,8.3075,6.1883,1,abnormal_meter_behaviour,isolation_forest,high
2023-06-19 16:00:00,MTR-003,15.1107,6.7064,1,abnormal_meter_behaviour,isolation_forest,high
2023-06-19 16:00:00,MTR-006,15.5542,6.8373,1,abnormal_meter_behaviour,isolation_forest,high
2023-06-19 16:00:00,MTR-006,15.5542,3.3399,1,high_consumption,robust_zscore,low
2023-06-19 16:00:00,MTR-007,3.3278,3.198,1,high_consumption,robust_zscore,low
2023-06-19 16:00:00,MTR-009,16.5599,6.6806,1,abnormal_meter_behaviour,isolation_forest,high
2023-06-19 16:00:00,MTR-010,3.4899,3.1897,1,high_consumption,robust_zscore,low
2023-06-19 16:00:00,MTR-012,13.9041,6.4857,1,abnormal_meter_behaviour,isolation_forest,high
2023-06-19 17:00:00,MTR-003,15.4035,6.3926,1,abnormal_meter_behaviour,isolation_forest,high
2023-06-19 17:00:00,MTR-009,19.5067,6.4315,1,abnormal_meter_behaviour,isolation_forest,high
2023-06-19 18:00:00,MTR-009,17.6281,6.1134,1,abnormal_meter_behaviour,isolation_forest,high
2023-06-19 23:00:00,MTR-003,12.6069,17.0129,1,sudden_spike,robust_zscore,high
2023-06-20 02:00:00,MTR-003,0.2828,-4.7967,1,low_consumption,robust_zscore,medium
2023-06-20 09:00:00,MTR-009,15.6431,6.4411,1,abnormal_meter_behaviour,isolation_forest,high
2023-06-20 09:00:00,MTR-012,41.5947,6.3783,1,abnormal_meter_behaviour,isolation_forest,high
2023-06-20 09:00:00,MTR-012,41.5947,19.3464,1,sudden_spike,robust_zscore,high
2023-06-20 16:00:00,MTR-010,0.4039,-5.7036,1,low_consumption,robust_zscore,medium
2023-06-20 17:00:00,MTR-009,18.1866,6.9811,1,abnormal_meter_behaviour,isolation_forest,high
2023-06-20 18:00:00,MTR-003,16.3673,6.4319,1,abnormal_meter_behaviour,isolation_forest,high
2023-06-20 18:00:00,MTR-006,16.3787,6.1906,1,abnormal_meter_behaviour,isolation_forest,high
2023-06-20 18:00:00,MTR-009,17.4026,6.3753,1,abnormal_meter_behaviour,isolation_forest,high
2023-06-20 18:00:00,MTR-012,15.0707,6.0004,1,abnormal_meter_behaviour,isolation_forest,high
2023-06-20 19:00:00,MTR-012,14.0701,6.0725,1,abnormal_meter_behaviour,isolation_forest,high
2023-06-21 11:00:00,MTR-011,1.1187,-4.1376,1,low_consumption,robust_zscore,medium
2023-06-21 17:00:00,MTR-003,14.9249,6.117,1,abnormal_meter_behaviour,isolation_forest,high
2023-06-21 17:00:00,MTR-006,16.1048,6.5176,1,abnormal_meter_behaviour,isolation_forest,high
2023-06-21 17:00:00,MTR-007,9.6941,17.1592,1,sudden_spike,robust_zscore,high
2023-06-21 17:00:00,MTR-009,20.9108,6.2948,1,abnormal_meter_behaviour,isolation_forest,high
2023-06-21 17:00:00,MTR-012,16.4235,6.1997,1,abnormal_meter_behaviour,isolation_forest,high
2023-06-21 18:00:00,MTR-001,0.6994,-5.9734,1,low_consumption,robust_zscore,medium
2023-06-21 18:00:00,MTR-003,16.7752,6.1043,1,abnormal_meter_behaviour,isolation_forest,high
2023-06-21 18:00:00,MTR-006,15.9043,6.3153,1,abnormal_meter_behaviour,isolation_forest,high
2023-06-21 18:00:00,MTR-009,19.8127,6.3963,1,abnormal_meter_behaviour,isolation_forest,high
2023-06-21 19:00:00,MTR-009,18.7773,6.5105,1,abnormal_meter_behaviour,isolation_forest,high
2023-06-22 06:00:00,MTR-011,18.2492,19.4584,1,sudden_spike,robust_zscore,high
2023-06-22 08:00:00,MTR-012,1.4567,-4.4992,1,low_consumption,robust_zscore,medium
2023-06-22 09:00:00,MTR-005,0.6215,-4.9717,1,low_consumption,robust_zscore,medium
2023-06-22 15:00:00,MTR-009,14.1308,6.1337,1,abnormal_meter_behaviour,isolation_forest,high
2023-06-22 16:00:00,MTR-009,14.9278,6.0702,1,abnormal_meter_behaviour,isolation_forest,high
2023-06-22 17:00:00,MTR-009,19.5041,6.4179,1,abnormal_meter_behaviour,isolation_forest,high
2023-06-22 18:00:00,MTR-006,15.475,6.0714,1,abnormal_meter_behaviour,isolation_forest,high
2023-06-22 18:00:00,MTR-009,16.8811,6.2358,1,abnormal_meter_behaviour,isolation_forest,high
2023-06-22 19:00:00,MTR-003,14.1966,6.1779,1,abnormal_meter_behaviour,isolation_forest,high
2023-06-22 19:00:00,MTR-009,16.444,6.3508,1,abnormal_meter_behaviour,isolation_forest,high
2023-06-22 22:00:00,MTR-002,7.9679,10.6138,1,sudden_spike,robust_zscore,high
2023-06-23 13:00:00,MTR-009,12.8805,6.2899,1,abnormal_meter_behaviour,isolation_forest,high
2023-06-23 14:00:00,MTR-009,13.5118,5.9963,1,abnormal_meter_behaviour,isolation_forest,medium
2023-06-23 15:00:00,MTR-003,11.803,6.315,1,abnormal_meter_behaviour,isolation_forest,high
2023-06-23 15:00:00,MTR-004,2.666,6.0301,1,abnormal_meter_behaviour,isolation_forest,high
2023-06-23 15:00:00,MTR-006,11.2567,6.2361,1,abnormal_meter_behaviour,isolation_forest,high
2023-06-23 15:00:00,MTR-009,14.1884,6.418,1,abnormal_meter_behaviour,isolation_forest,high
2023-06-23 16:00:00,MTR-005,9.2339,6.1336,1,abnormal_meter_behaviour,isolation_forest,high
2023-06-23 16:00:00,MTR-006,13.1722,5.9964,1,abnormal_meter_behaviour,isolation_forest,medium
2023-06-23 16:00:00,MTR-009,13.9763,6.393,1,abnormal_meter_behaviour,isolation_forest,high
2023-06-23 17:00:00,MTR-003,15.119,6.0527,1,abnormal_meter_behaviour,isolation_forest,high
2023-06-23 17:00:00,MTR-006,15.3736,6.3772,1,abnormal_meter_behaviour,isolation_forest,high
2023-06-23 17:00:00,MTR-009,18.831,6.6601,1,abnormal_meter_behaviour,isolation_forest,high
2023-06-23 18:00:00,MTR-009,16.7295,6.1633,1,abnormal_meter_behaviour,isolation_forest,high
2023-06-23 19:00:00,MTR-006,15.7728,6.5501,1,abnormal_meter_behaviour,isolation_forest,high
2023-06-23 19:00:00,MTR-009,18.473,6.4651,1,abnormal_meter_behaviour,isolation_forest,high
2023-06-23 20:00:00,MTR-002,22.1017,6.0722,1,abnormal_meter_behaviour,isolation_forest,high
2023-06-23 20:00:00,MTR-002,22.1017,13.6777,1,sudden_spike,robust_zscore,high
2023-06-23 20:00:00,MTR-009,14.9529,6.104,1,abnormal_meter_behaviour,isolation_forest,high
2023-06-23 22:00:00,MTR-006,15.9007,16.2947,1,sudden_spike,robust_zscore,high
2023-06-24 00:00:00,MTR-005,0.1324,-4.7195,1,low_consumption,robust_zscore,medium
2023-06-24 01:00:00,MTR-012,0.0781,-5.0708,1,low_consumption,robust_zscore,medium
2023-06-24 06:00:00,MTR-002,8.5389,5.1557,1,high_consumption,robust_zscore,medium
2023-06-24 13:00:00,MTR-007,2.7133,3.4372,1,high_consumption,robust_zscore,low
2023-06-24 14:00:00,MTR-001,3.0502,3.226,1,high_consumption,robust_zscore,low
2023-06-24 16:00:00,MTR-009,1.4277,-4.2501,1,low_consumption,robust_zscore,medium
2023-06-24 19:00:00,MTR-007,10.7152,25.9545,1,sudden_spike,robust_zscore,high
2023-06-24 23:00:00,MTR-007,0.961,3.181,1,high_consumption,robust_zscore,low
2023-06-24 23:00:00,MTR-010,0.1445,-6.6919,1,low_consumption,robust_zscore,high
2023-06-25 00:00:00,MTR-009,9.9042,12.0357,1,sudden_spike,robust_zscore,high
2023-06-25 03:00:00,MTR-008,4.797999299816347,4.8691,1,high_consumption,robust_zscore,medium
2023-06-25 09:00:00,MTR-010,2.9943,3.0404,1,high_consumption,robust_zscore,low
2023-06-25 15:00:00,MTR-006,8.5995,6.0373,1,abnormal_meter_behaviour,isolation_forest,high
2023-06-25 15:00:00,MTR-009,10.7759,6.4485,1,abnormal_meter_behaviour,isolation_forest,high
2023-06-25 17:00:00,MTR-009,14.6648,6.1551,1,abnormal_meter_behaviour,isolation_forest,high
2023-06-25 19:00:00,MTR-004,4.4417,3.3257,1,high_consumption,robust_zscore,low
2023-06-26 15:00:00,MTR-006,12.431,6.0806,1,abnormal_meter_behaviour,isolation_forest,high
2023-06-26 16:00:00,MTR-009,16.9144,6.4999,1,abnormal_meter_behaviour,isolation_forest,high
2023-06-26 17:00:00,MTR-006,17.4209,6.3884,1,abnormal_meter_behaviour,isolation_forest,high
2023-06-26 17:00:00,MTR-009,20.35,6.2813,1,abnormal_meter_behaviour,isolation_forest,high
2023-06-26 18:00:00,MTR-003,15.2163,6.0237,1,abnormal_meter_behaviour,isolation_forest,high
2023-06-26 18:00:00,MTR-006,16.2867,6.0439,1,abnormal_meter_behaviour,isolation_forest,high
2023-06-26 18:00:00,MTR-009,17.0464,6.6975,1,abnormal_meter_behaviour,isolation_forest,high
2023-06-26 18:00:00,MTR-012,15.6801,6.0088,1,abnormal_meter_behaviour,isolation_forest,high
2023-06-26 19:00:00,MTR-009,18.8066,6.6208,1,abnormal_meter_behaviour,isolation_forest,high
2023-06-26 19:00:00,MTR-012,13.8677,6.1956,1,abnormal_meter_behaviour,isolation_forest,high
2023-06-27 12:00:00,MTR-009,11.1971,6.0,1,abnormal_meter_behaviour,isolation_forest,high
2023-06-27 13:00:00,MTR-011,1.2051,-3.7736,1,low_consumption,robust_zscore,low
2023-06-27 14:00:00,MTR-009,15.3892,6.2359,1,abnormal_meter_behaviour,isolation_forest,high
2023-06-27 16:00:00,MTR-001,3.5076,3.1642,1,high_consumption,robust_zscore,low
2023-06-27 16:00:00,MTR-009,15.744,6.3333,1,abnormal_meter_behaviour,isolation_forest,high
2023-06-27 17:00:00,MTR-003,15.5166,6.0586,1,abnormal_meter_behaviour,isolation_forest,high
2023-06-27 17:00:00,MTR-009,19.1409,6.517,1,abnormal_meter_behaviour,isolation_forest,high
2023-06-27 18:00:00,MTR-003,13.1036,5.9906,1,abnormal_meter_behaviour,isolation_forest,medium
2023-06-27 18:00:00,MTR-009,18.3596,6.6746,1,abnormal_meter_behaviour,isolation_forest,high
2023-06-27 18:00:00,MTR-012,15.2627,6.1202,1,abnormal_meter_behaviour,isolation_forest,high
2023-06-27 19:00:00,MTR-009,15.33,5.9962,1,abnormal_meter_behaviour,isolation_forest,medium
2023-06-28 10:00:00,MTR-009,12.8416,6.1411,1,abnormal_meter_behaviour,isolation_forest,high
2023-06-28 11:00:00,MTR-001,2.4427,3.6279,1,high_consumption,robust_zscore,low
2023-06-28 16:00:00,MTR-009,16.2725,6.2413,1,abnormal_meter_behaviour,isolation_forest,high
2023-06-28 16:00:00,MTR-012,13.3429,6.099,1,abnormal_meter_behaviour,isolation_forest,high
2023-06-28 17:00:00,MTR-003,18.2364,6.6401,1,abnormal_meter_behaviour,isolation_forest,high
2023-06-28 17:00:00,MTR-006,14.841,6.3096,1,abnormal_meter_behaviour,isolation_forest,high
2023-06-28 17:00:00,MTR-007,4.2894,3.2719,1,high_consumption,robust_zscore,low
2023-06-28 17:00:00,MTR-009,21.8248,6.6655,1,abnormal_meter_behaviour,isolation_forest,high
2023-06-28 17:00:00,MTR-012,16.8703,6.5021,1,abnormal_meter_behaviour,isolation_forest,high
2023-06-28 18:00:00,MTR-006,16.0529,6.1952,1,abnormal_meter_behaviour,isolation_forest,high
2023-06-28 18:00:00,MTR-009,18.8491,6.4753,1,abnormal_meter_behaviour,isolation_forest,high
2023-06-28 18:00:00,MTR-012,14.3072,6.283,1,abnormal_meter_behaviour,isolation_forest,high
2023-06-28 19:00:00,MTR-009,16.4047,5.9951,1,abnormal_meter_behaviour,isolation_forest,medium
2023-06-29 13:00:00,MTR-009,13.3268,6.0086,1,abnormal_meter_behaviour,isolation_forest,high
2023-06-29 14:00:00,MTR-006,11.8616,6.0323,1,abnormal_meter_behaviour,isolation_forest,high
2023-06-29 14:00:00,MTR-009,13.7425,6.189,1,abnormal_meter_behaviour,isolation_forest,high
2023-06-29 16:00:00,MTR-003,13.5551,6.0443,1,abnormal_meter_behaviour,isolation_forest,high
2023-06-29 16:00:00,MTR-009,18.725,6.5975,1,abnormal_meter_behaviour,isolation_forest,high
2023-06-29 17:00:00,MTR-003,16.025,5.9968,1,abnormal_meter_behaviour,isolation_forest,medium
2023-06-29 17:00:00,MTR-009,18.6115,6.4687,1,abnormal_meter_behaviour,isolation_forest,high
2023-06-29 17:00:00,MTR-012,16.4768,6.2839,1,abnormal_meter_behaviour,isolation_forest,high
2023-06-29 18:00:00,MTR-003,16.0881,6.4725,1,abnormal_meter_behaviour,isolation_forest,high
2023-06-29 18:00:00,MTR-006,15.6515,6.4698,1,abnormal_meter_behaviour,isolation_forest,high
2023-06-29 18:00:00,MTR-008,10.5126,6.0638,1,abnormal_meter_behaviour,isolation_forest,high
2023-06-29 18:00:00,MTR-009,20.8457,6.5256,1,abnormal_meter_behaviour,isolation_forest,high
2023-06-29 18:00:00,MTR-012,14.242,6.2513,1,abnormal_meter_behaviour,isolation_forest,high
2023-06-29 19:00:00,MTR-003,14.8075,6.0619,1,abnormal_meter_behaviour,isolation_forest,high
2023-06-29 19:00:00,MTR-009,16.5481,6.1953,1,abnormal_meter_behaviour,isolation_forest,high
2023-06-30 08:00:00,MTR-004,8.215,17.6092,1,sudden_spike,robust_zscore,high
2023-06-30 10:00:00,MTR-006,42.1273,6.4055,1,abnormal_meter_behaviour,isolation_forest,high
2023-06-30 10:00:00,MTR-006,42.1273,20.3055,1,sudden_spike,robust_zscore,high
2023-06-30 14:00:00,MTR-002,8.6538,3.1376,1,high_consumption,robust_zscore,low
2023-06-30 14:00:00,MTR-003,9.5102,6.0103,1,abnormal_meter_behaviour,isolation_forest,high
2023-06-30 14:00:00,MTR-009,15.4697,6.2952,1,abnormal_meter_behaviour,isolation_forest,high
2023-06-30 14:00:00,MTR-012,10.8192,5.9968,1,abnormal_meter_behaviour,isolation_forest,medium
2023-06-30 15:00:00,MTR-009,14.5026,6.7698,1,abnormal_meter_behaviour,isolation_forest,high
2023-06-30 16:00:00,MTR-009,14.9916,6.0931,1,abnormal_meter_behaviour,isolation_forest,high
2023-06-30 17:00:00,MTR-006,16.0131,6.1306,1,abnormal_meter_behaviour,isolation_forest,high
2023-06-30 17:00:00,MTR-009,18.0372,6.4434,1,abnormal_meter_behaviour,isolation_forest,high
2023-06-30 18:00:00,MTR-003,15.5754,6.2398,1,abnormal_meter_behaviour,isolation_forest,high
2023-06-30 18:00:00,MTR-006,16.2917,6.4213,1,abnormal_meter_behaviour,isolation_forest,high
2023-06-30 18:00:00,MTR-009,3.8097,-3.6487,1,low_consumption,robust_zscore,low
2023-06-30 21:00:00,MTR-011,17.219,17.4652,1,sudden_spike,robust_zscore,high
2023-07-01 06:00:00,MTR-004,6.6868,19.3557,1,sudden_spike,robust_zscore,high
2023-07-01 12:00:00,MTR-001,2.4861,3.0135,1,high_consumption,robust_zscore,low
2023-07-01 12:00:00,MTR-009,24.697,6.4072,1,abnormal_meter_behaviour,isolation_forest,high
2023-07-01 12:00:00,MTR-009,24.697,9.9778,1,sudden_spike,robust_zscore,high
2023-07-01 15:00:00,MTR-005,5.8265,6.2504,1,abnormal_meter_behaviour,isolation_forest,high
2023-07-01 18:00:00,MTR-001,4.2897,3.4897,1,high_consumption,robust_zscore,low
2023-07-01 18:00:00,MTR-003,2.076,-4.2072,1,low_consumption,robust_zscore,medium
2023-07-01 18:00:00,MTR-004,5.3782,4.0825,1,high_consumption,robust_zscore,medium
2023-07-01 18:00:00,MTR-007,4.052,3.1368,1,high_consumption,robust_zscore,low
2023-07-01 18:00:00,MTR-010,4.2315,3.381,1,high_consumption,robust_zscore,low
2023-07-01 22:00:00,MTR-012,8.9791,7.2192,1,sudden_spike,robust_zscore,high
2023-07-02 02:00:00,MTR-003,0.3947,-4.5687,1,low_consumption,robust_zscore,medium
2023-07-02 05:00:00,MTR-011,0.6315,-4.1184,1,low_consumption,robust_zscore,medium
2023-07-02 17:00:00,MTR-009,16.128,6.1139,1,abnormal_meter_behaviour,isolation_forest,high
2023-07-02 18:00:00,MTR-006,12.305,6.0241,1,abnormal_meter_behaviour,isolation_forest,high
2023-07-02 19:00:00,MTR-007,3.6352,3.1656,1,high_consumption,robust_zscore,low
2023-07-02 22:00:00,MTR-001,3.8827,19.9654,1,sudden_spike,robust_zscore,high
2023-07-03 00:00:00,MTR-007,1.7639752522935772,15.5734,1,sudden_spike,robust_zscore,high
2023-07-03 14:00:00,MTR-009,14.0903,6.0404,1,abnormal_meter_behaviour,isolation_forest,high
2023-07-03 15:00:00,MTR-004,3.6673,3.1213,1,high_consumption,robust_zscore,low
2023-07-03 15:00:00,MTR-009,16.317,6.4153,1,abnormal_meter_behaviour,isolation_forest,high
2023-07-03 16:00:00,MTR-009,14.9589,6.141,1,abnormal_meter_behaviour,isolation_forest,high
2023-07-03 17:00:00,MTR-009,19.4547,6.5259,1,abnormal_meter_behaviour,isolation_forest,high
2023-07-03 18:00:00,MTR-003,14.988,6.0327,1,abnormal_meter_behaviour,isolation_forest,high
2023-07-03 18:00:00,MTR-009,18.8191,6.5976,1,abnormal_meter_behaviour,isolation_forest,high
2023-07-03 20:00:00,MTR-009,14.4757,6.4774,1,abnormal_meter_behaviour,isolation_forest,high
2023-07-04 00:00:00,MTR-002,0.2393,-4.3768,1,low_consumption,robust_zscore,medium
2023-07-04 08:00:00,MTR-003,31.1489,14.0439,1,sudden_spike,robust_zscore,high
2023-07-04 14:00:00,MTR-006,11.56,6.0054,1,abnormal_meter_behaviour,isolation_forest,high
2023-07-04 14:00:00,MTR-009,15.8846,6.2396,1,abnormal_meter_behaviour,isolation_forest,high
2023-07-04 15:00:00,MTR-009,13.8295,6.0947,1,abnormal_meter_behaviour,isolation_forest,high
2023-07-04 17:00:00,MTR-003,17.2863,6.1316,1,abnormal_meter_behaviour,isolation_forest,high
2023-07-04 17:00:00,MTR-006,17.97,6.2272,1,abnormal_meter_behaviour,isolation_forest,high
2023-07-04 17:00:00,MTR-009,20.0458,6.344,1,abnormal_meter_behaviour,isolation_forest,high
2023-07-04 18:00:00,MTR-009,19.3886,6.2754,1,abnormal_meter_behaviour,isolation_forest,high
2023-07-04 20:00:00,MTR-012,10.9551,5.9915,1,abnormal_meter_behaviour,isolation_forest,medium
2023-07-05 05:00:00,MTR-009,1.1937,-4.5947,1,low_consumption,robust_zscore,medium
2023-07-05 08:00:00,MTR-001,0.4931,-6.552,1,low_consumption,robust_zscore,high
2023-07-05 14:00:00,MTR-003,11.627,5.9853,1,abnormal_meter_behaviour,isolation_forest,medium
2023-07-05 14:00:00,MTR-009,14.054,6.369,1,abnormal_meter_behaviour,isolation_forest,high
2023-07-05 14:00:00,MTR-012,11.7601,6.2337,1,abnormal_meter_behaviour,isolation_forest,high
2023-07-05 15:00:00,MTR-009,15.3652,6.2464,1,abnormal_meter_behaviour,isolation_forest,high
2023-07-05 16:00:00,MTR-004,4.2503,3.9737,1,high_consumption,robust_zscore,low
2023-07-05 16:00:00,MTR-009,15.9819,6.0197,1,abnormal_meter_behaviour,isolation_forest,high
2023-07-05 17:00:00,MTR-003,15.4623,6.121,1,abnormal_meter_behaviour,isolation_forest,high
2023-07-05 17:00:00,MTR-006,16.1324,6.6868,1,abnormal_meter_behaviour,isolation_forest,high
2023-07-05 17:00:00,MTR-009,19.3107,6.5527,1,abnormal_meter_behaviour,isolation_forest,high
2023-07-05 17:00:00,MTR-012,17.6722,6.3768,1,abnormal_meter_behaviour,isolation_forest,high
2023-07-06 04:00:00,MTR-010,1.7941398508319026,4.164,1,high_consumption,robust_zscore,medium
2023-07-06 08:00:00,MTR-009,13.0001,6.2408,1,abnormal_meter_behaviour,isolation_forest,high
2023-07-06 12:00:00,MTR-002,0.5539,-4.483,1,low_consumption,robust_zscore,medium
2023-07-06 16:00:00,MTR-009,15.636,5.993,1,abnormal_meter_behaviour,isolation_forest,medium
2023-07-06 17:00:00,MTR-003,14.9088,6.142,1,abnormal_meter_behaviour,isolation_forest,high
2023-07-06 17:00:00,MTR-009,20.0573,6.4256,1,abnormal_meter_behaviour,isolation_forest,high
2023-07-06 17:00:00,MTR-012,16.6043,6.3199,1,abnormal_meter_behaviour,isolation_forest,high
2023-07-06 18:00:00,MTR-006,2.3675,-4.2738,1,low_consumption,robust_zscore,medium
2023-07-06 18:00:00,MTR-009,18.2117,6.1448,1,abnormal_meter_behaviour,isolation_forest,high
2023-07-06 19:00:00,MTR-003,13.2689,5.9886,1,abnormal_meter_behaviour,isolation_forest,medium
2023-07-06 19:00:00,MTR-006,12.9219,6.143,1,abnormal_meter_behaviour,isolation_forest,high
2023-07-06 19:00:00,MTR-009,15.6196,6.3736,1,abnormal_meter_behaviour,isolation_forest,high
2023-07-06 19:00:00,MTR-012,13.5467,6.0833,1,abnormal_meter_behaviour,isolation_forest,high
2023-07-07 02:00:00,MTR-009,14.1463,15.5124,1,sudden_spike,robust_zscore,high
2023-07-07 04:00:00,MTR-012,0.704,-4.0401,1,low_consumption,robust_zscore,medium
2023-07-07 05:00:00,MTR-005,16.5998,17.5541,1,sudden_spike,robust_zscore,high
2023-07-07 05:00:00,MTR-010,0.1138,-6.6088,1,low_consumption,robust_zscore,high
2023-07-07 08:00:00,MTR-008,22.2111,14.2371,1,sudden_spike,robust_zscore,high
2023-07-07 15:00:00,MTR-003,12.3132,6.0013,1,abnormal_meter_behaviour,isolation_forest,high
2023-07-07 15:00:00,MTR-006,12.7623,5.9932,1,abnormal_meter_behaviour,isolation_forest,medium
2023-07-07 15:00:00,MTR-009,14.3456,6.0238,1,abnormal_meter_behaviour,isolation_forest,high
2023-07-07 17:00:00,MTR-003,16.1288,6.223,1,abnormal_meter_behaviour,isolation_forest,high
2023-07-07 17:00:00,MTR-006,16.477,6.5037,1,abnormal_meter_behaviour,isolation_forest,high
2023-07-07 17:00:00,MTR-009,20.8831,6.3901,1,abnormal_meter_behaviour,isolation_forest,high
2023-07-07 18:00:00,MTR-003,13.9359,6.2044,1,abnormal_meter_behaviour,isolation_forest,high
2023-07-07 18:00:00,MTR-006,14.3409,6.1831,1,abnormal_meter_behaviour,isolation_forest,high
2023-07-07 18:00:00,MTR-009,18.9608,6.7783,1,abnormal_meter_behaviour,isolation_forest,high
2023-07-07 18:00:00,MTR-012,13.0092,6.1191,1,abnormal_meter_behaviour,isolation_forest,high
2023-07-08 06:00:00,MTR-007,0.0924,-6.7728,1,low_consumption,robust_zscore,high
2023-07-08 14:00:00,MTR-008,14.9868,6.0562,1,abnormal_meter_behaviour,isolation_forest,high
2023-07-08 14:00:00,MTR-008,14.9868,8.1844,1,sudden_spike,robust_zscore,high
2023-07-08 15:00:00,MTR-006,9.1278,6.6345,1,abnormal_meter_behaviour,isolation_forest,high
2023-07-08 17:00:00,MTR-004,5.0311,3.1092,1,high_consumption,robust_zscore,low
2023-07-08 17:00:00,MTR-009,14.238,6.155,1,abnormal_meter_behaviour,isolation_forest,high
2023-07-08 17:00:00,MTR-012,13.4348,6.0382,1,abnormal_meter_behaviour,isolation_forest,high
2023-07-09 02:00:00,MTR-004,0.2172,-5.0544,1,low_consumption,robust_zscore,medium
2023-07-09 05:00:00,MTR-006,11.6428,5.8031,1,high_consumption,robust_zscore,medium
2023-07-09 15:00:00,MTR-004,13.9861,6.0409,1,abnormal_meter_behaviour,isolation_forest,high
2023-07-09 15:00:00,MTR-004,13.9861,33.134,1,sudden_spike,robust_zscore,high
2023-07-09 15:00:00,MTR-010,3.2446,3.3992,1,high_consumption,robust_zscore,low
2023-07-09 17:00:00,MTR-004,4.9873,3.0142,1,high_consumption,robust_zscore,low
2023-07-09 17:00:00,MTR-006,13.0233,6.2881,1,abnormal_meter_behaviour,isolation_forest,high
2023-07-09 17:00:00,MTR-009,16.445,6.2254,1,abnormal_meter_behaviour,isolation_forest,high
2023-07-10 03:00:00,MTR-006,14.3258,15.7141,1,sudden_spike,robust_zscore,high
2023-07-10 10:00:00,MTR-002,0.5173,-4.8014,1,low_consumption,robust_zscore,medium
2023-07-10 13:00:00,MTR-003,11.3852,6.094,1,abnormal_meter_behaviour,isolation_forest,high
2023-07-10 13:00:00,MTR-009,13.2094,6.2812,1,abnormal_meter_behaviour,isolation_forest,high
2023-07-10 13:00:00,MTR-010,2.7589,3.0533,1,high_consumption,robust_zscore,low
2023-07-10 14:00:00,MTR-009,12.1474,6.026,1,abnormal_meter_behaviour,isolation_forest,high
2023-07-10 14:00:00,MTR-012,1.2065,-4.3886,1,low_consumption,robust_zscore,medium
2023-07-10 15:00:00,MTR-003,11.1022,6.1034,1,abnormal_meter_behaviour,isolation_forest,high
2023-07-10 15:00:00,MTR-009,15.6572,6.2069,1,abnormal_meter_behaviour,isolation_forest,high
2023-07-10 15:00:00,MTR-012,12.5248,6.1095,1,abnormal_meter_behaviour,isolation_forest,high
2023-07-10 17:00:00,MTR-006,15.9633,6.3473,1,abnormal_meter_behaviour,isolation_forest,high
2023-07-10 17:00:00,MTR-009,17.6713,6.4451,1,abnormal_meter_behaviour,isolation_forest,high
2023-07-10 17:00:00,MTR-012,15.2882,6.1462,1,abnormal_meter_behaviour,isolation_forest,high
2023-07-10 18:00:00,MTR-009,19.2386,6.3307,1,abnormal_meter_behaviour,isolation_forest,high
2023-07-10 19:00:00,MTR-009,15.7985,6.4713,1,abnormal_meter_behaviour,isolation_forest,high
2023-07-10 21:00:00,MTR-009,10.7004,6.2186,1,abnormal_meter_behaviour,isolation_forest,high
2023-07-11 03:00:00,MTR-011,7.2804,13.2801,1,sudden_spike,robust_zscore,high
2023-07-11 05:00:00,MTR-006,19.0928,13.0001,1,sudden_spike,robust_zscore,high
2023-07-11 13:00:00,MTR-003,11.2342,6.0639,1,abnormal_meter_behaviour,isolation_forest,high
2023-07-11 13:00:00,MTR-004,3.1854,3.0131,1,high_consumption,robust_zscore,low
2023-07-11 13:00:00,MTR-009,13.5986,6.2154,1,abnormal_meter_behaviour,isolation_forest,high
2023-07-11 13:00:00,MTR-012,1.1645,-4.0959,1,low_consumption,robust_zscore,medium
2023-07-11 15:00:00,MTR-009,15.0039,6.372,1,abnormal_meter_behaviour,isolation_forest,high
2023-07-11 16:00:00,MTR-003,12.2805,6.0213,1,abnormal_meter_behaviour,isolation_forest,high
2023-07-11 16:00:00,MTR-006,11.8352,6.0388,1,abnormal_meter_behaviour,isolation_forest,high
2023-07-11 16:00:00,MTR-007,3.3056,3.1286,1,high_consumption,robust_zscore,low
2023-07-11 16:00:00,MTR-008,28.192,6.5467,1,abnormal_meter_behaviour,isolation_forest,high
2023-07-11 16:00:00,MTR-008,28.192,17.0155,1,sudden_spike,robust_zscore,high
2023-07-11 16:00:00,MTR-009,15.8323,6.6195,1,abnormal_meter_behaviour,isolation_forest,high
2023-07-11 16:00:00,MTR-011,8.8368,6.0933,1,abnormal_meter_behaviour,isolation_forest,high
2023-07-11 16:00:00,MTR-012,12.8224,6.0922,1,abnormal_meter_behaviour,isolation_forest,high
2023-07-11 17:00:00,MTR-002,9.3308,6.0485,1,abnormal_meter_behaviour,isolation_forest,high
2023-07-11 17:00:00,MTR-003,16.0762,6.3183,1,abnormal_meter_behaviour,isolation_forest,high
2023-07-11 17:00:00,MTR-006,14.9879,6.4712,1,abnormal_meter_behaviour,isolation_forest,high
2023-07-11 17:00:00,MTR-009,19.9193,6.6942,1,abnormal_meter_behaviour,isolation_forest,high
2023-07-11 17:00:00,MTR-012,76.4917,6.9665,1,abnormal_meter_behaviour,isolation_forest,high
2023-07-11 17:00:00,MTR-012,76.4917,31.275,1,sudden_spike,robust_zscore,high
2023-07-11 18:00:00,MTR-006,15.2668,6.0548,1,abnormal_meter_behaviour,isolation_forest,high
2023-07-11 18:00:00,MTR-009,16.7311,6.1105,1,abnormal_meter_behaviour,isolation_forest,high
2023-07-11 18:00:00,MTR-012,15.0381,6.0532,1,abnormal_meter_behaviour,isolation_forest,high
2023-07-11 19:00:00,MTR-003,12.4853,6.3346,1,abnormal_meter_behaviour,isolation_forest,high
2023-07-11 19:00:00,MTR-006,15.2957,6.0911,1,abnormal_meter_behaviour,isolation_forest,high
2023-07-11 19:00:00,MTR-008,40.0241,6.0889,1,abnormal_meter_behaviour,isolation_forest,high
2023-07-11 19:00:00,MTR-008,40.0241,23.1498,1,sudden_spike,robust_zscore,high
2023-07-11 19:00:00,MTR-009,16.064,6.1077,1,abnormal_meter_behaviour,isolation_forest,high
2023-07-11 22:00:00,MTR-002,13.1612,21.0498,1,sudden_spike,robust_zscore,high
2023-07-11 22:00:00,MTR-004,6.2852,33.3335,1,sudden_spike,robust_zscore,high
2023-07-12 01:00:00,MTR-009,8.802393522127964,11.7251,1,sudden_spike,robust_zscore,high
2023-07-12 13:00:00,MTR-003,11.1417,5.9959,1,abnormal_meter_behaviour,isolation_forest,medium
2023-07-12 14:00:00,MTR-004,0.3677,-5.68,1,low_consumption,robust_zscore,medium
2023-07-12 14:00:00,MTR-009,16.6733,6.5124,1,abnormal_meter_behaviour,isolation_forest,high
2023-07-12 14:00:00,MTR-009,16.6733,3.0065,1,high_consumption,robust_zscore,low
2023-07-12 16:00:00,MTR-009,16.1478,6.5711,1,abnormal_meter_behaviour,isolation_forest,high
2023-07-12 16:00:00,MTR-012,13.4574,6.2006,1,abnormal_meter_behaviour,isolation_forest,high
2023-07-12 17:00:00,MTR-003,14.6233,6.2134,1,abnormal_meter_behaviour,isolation_forest,high
2023-07-12 17:00:00,MTR-006,14.9895,6.3511,1,abnormal_meter_behaviour,isolation_forest,high
2023-07-12 17:00:00,MTR-009,21.3016,6.725,1,abnormal_meter_behaviour,isolation_forest,high
2023-07-12 17:00:00,MTR-012,14.9649,6.1929,1,abnormal_meter_behaviour,isolation_forest,high
2023-07-12 18:00:00,MTR-003,15.6436,5.9909,1,abnormal_meter_behaviour,isolation_forest,medium
2023-07-12 18:00:00,MTR-009,19.4836,6.3383,1,abnormal_meter_behaviour,isolation_forest,high
2023-07-12 18:00:00,MTR-012,14.9398,6.083,1,abnormal_meter_behaviour,isolation_forest,high
2023-07-12 19:00:00,MTR-009,18.7298,6.5517,1,abnormal_meter_behaviour,isolation_forest,high
2023-07-12 19:00:00,MTR-012,13.9604,6.2024,1,abnormal_meter_behaviour,isolation_forest,high
2023-07-13 10:00:00,MTR-009,12.8325,6.0198,1,abnormal_meter_behaviour,isolation_forest,high
2023-07-13 13:00:00,MTR-012,9.6728,5.9862,1,abnormal_meter_behaviour,isolation_forest,medium
2023-07-13 14:00:00,MTR-003,11.7173,6.3907,1,abnormal_meter_behaviour,isolation_forest,high
2023-07-13 14:00:00,MTR-005,7.7884,6.0447,1,abnormal_meter_behaviour,isolation_forest,high
2023-07-13 14:00:00,MTR-006,13.2234,6.4203,1,abnormal_meter_behaviour,isolation_forest,high
2023-07-13 14:00:00,MTR-009,16.5139,6.7982,1,abnormal_meter_behaviour,isolation_forest,high
2023-07-13 15:00:00,MTR-006,12.4744,6.0097,1,abnormal_meter_behaviour,isolation_forest,high
2023-07-13 15:00:00,MTR-009,13.7723,6.1881,1,abnormal_meter_behaviour,isolation_forest,high
2023-07-13 15:00:00,MTR-012,11.2168,6.2672,1,abnormal_meter_behaviour,isolation_forest,high
2023-07-13 16:00:00,MTR-003,11.9966,6.0459,1,abnormal_meter_behaviour,isolation_forest,high
2023-07-13 16:00:00,MTR-006,13.2218,6.1175,1,abnormal_meter_behaviour,isolation_forest,high
2023-07-13 16:00:00,MTR-009,16.6846,6.3618,1,abnormal_meter_behaviour,isolation_forest,high
2023-07-13 17:00:00,MTR-003,15.1707,6.0168,1,abnormal_meter_behaviour,isolation_forest,high
2023-07-13 17:00:00,MTR-006,16.4812,6.624,1,abnormal_meter_behaviour,isolation_forest,high
2023-07-13 17:00:00,MTR-009,18.7889,6.9424,1,abnormal_meter_behaviour,isolation_forest,high
2023-07-13 18:00:00,MTR-003,16.8531,6.7716,1,abnormal_meter_behaviour,isolation_forest,high
2023-07-13 18:00:00,MTR-006,15.8466,6.4855,1,abnormal_meter_behaviour,isolation_forest,high
2023-07-13 18:00:00,MTR-009,20.6746,6.6792,1,abnormal_meter_behaviour,isolation_forest,high
2023-07-13 18:00:00,MTR-010,4.1761,3.233,1,high_consumption,robust_zscore,low
2023-07-13 18:00:00,MTR-012,15.8277,6.3728,1,abnormal_meter_behaviour,isolation_forest,high
2023-07-13 19:00:00,MTR-009,17.021,6.3056,1,abnormal_meter_behaviour,isolation_forest,high
2023-07-14 03:00:00,MTR-005,10.0077,17.4045,1,sudden_spike,robust_zscore,high
2023-07-14 06:00:00,MTR-010,0.2594,-5.9795,1,low_consumption,robust_zscore,medium
2023-07-14 16:00:00,MTR-006,13.3551,6.0236,1,abnormal_meter_behaviour,isolation_forest,high
2023-07-14 16:00:00,MTR-009,16.336,6.2658,1,abnormal_meter_behaviour,isolation_forest,high
2023-07-14 16:00:00,MTR-012,12.5084,6.2051,1,abnormal_meter_behaviour,isolation_forest,high
2023-07-14 17:00:00,MTR-003,13.8958,6.1194,1,abnormal_meter_behaviour,isolation_forest,high
2023-07-14 17:00:00,MTR-006,58.4891,6.582,1,abnormal_meter_behaviour,isolation_forest,high
2023-07-14 17:00:00,MTR-006,58.4891,18.1916,1,sudden_spike,robust_zscore,high
2023-07-14 17:00:00,MTR-009,19.1915,6.8382,1,abnormal_meter_behaviour,isolation_forest,high
2023-07-14 17:00:00,MTR-011,10.0213,5.9853,1,abnormal_meter_behaviour,isolation_forest,medium
2023-07-14 18:00:00,MTR-006,16.0026,6.1874,1,abnormal_meter_behaviour,isolation_forest,high
2023-07-14 18:00:00,MTR-009,18.8457,6.4985,1,abnormal_meter_behaviour,isolation_forest,high
2023-07-14 18:00:00,MTR-012,15.4688,6.4967,1,abnormal_meter_behaviour,isolation_forest,high
2023-07-14 19:00:00,MTR-009,16.2526,6.2723,1,abnormal_meter_behaviour,isolation_forest,high
2023-07-15 11:00:00,MTR-001,2.3293,3.0649,1,high_consumption,robust_zscore,low
2023-07-15 11:00:00,MTR-012,1.3318,-4.3023,1,low_consumption,robust_zscore,medium
2023-07-15 12:00:00,MTR-004,2.9928,3.2443,1,high_consumption,robust_zscore,low
2023-07-15 14:00:00,MTR-010,3.1411,3.8852,1,high_consumption,robust_zscore,low
2023-07-15 17:00:00,MTR-007,4.4171,3.6,1,high_consumption,robust_zscore,low
2023-07-15 17:00:00,MTR-009,14.2834,6.3586,1,abnormal_meter_behaviour,isolation_forest,high
2023-07-15 17:00:00,MTR-010,4.4326,3.1755,1,high_consumption,robust_zscore,low
2023-07-15 17:00:00,MTR-012,13.388,6.3507,1,abnormal_meter_behaviour,isolation_forest,high
2023-07-15 18:00:00,MTR-009,14.2394,6.0111,1,abnormal_meter_behaviour,isolation_forest,high
2023-07-16 10:00:00,MTR-001,3.1983,3.6798,1,high_consumption,robust_zscore,low
2023-07-16 10:00:00,MTR-007,3.0413,3.7067,1,high_consumption,robust_zscore,low
2023-07-16 10:00:00,MTR-010,3.2362,4.3118,1,high_consumption,robust_zscore,medium
2023-07-16 14:00:00,MTR-003,26.4639,6.0168,1,abnormal_meter_behaviour,isolation_forest,high
2023-07-16 14:00:00,MTR-003,26.4639,11.8267,1,sudden_spike,robust_zscore,high
2023-07-16 14:00:00,MTR-008,0.5461,-4.4956,1,low_consumption,robust_zscore,medium
2023-07-16 15:00:00,MTR-001,3.3043,3.1957,1,high_consumption,robust_zscore,low
2023-07-16 16:00:00,MTR-007,3.3519,3.2734,1,high_consumption,robust_zscore,low
2023-07-16 17:00:00,MTR-003,12.5744,6.1366,1,abnormal_meter_behaviour,isolation_forest,high
2023-07-16 17:00:00,MTR-009,15.8976,6.2577,1,abnormal_meter_behaviour,isolation_forest,high
2023-07-17 08:00:00,MTR-011,0.8683,-4.5577,1,low_consumption,robust_zscore,medium
2023-07-17 10:00:00,MTR-005,1.2221,-4.333,1,low_consumption,robust_zscore,medium
2023-07-17 12:00:00,MTR-009,1.6139,-4.5363,1,low_consumption,robust_zscore,medium
2023-07-17 13:00:00,MTR-001,2.4067,6.0398,1,abnormal_meter_behaviour,isolation_forest,high
2023-07-17 14:00:00,MTR-008,26.6554,18.4303,1,sudden_spike,robust_zscore,high
2023-07-17 15:00:00,MTR-004,3.7155,3.2615,1,high_consumption,robust_zscore,low
2023-07-17 15:00:00,MTR-006,13.4784,6.3887,1,abnormal_meter_behaviour,isolation_forest,high
2023-07-17 15:00:00,MTR-009,14.5471,6.0924,1,abnormal_meter_behaviour,isolation_forest,high
2023-07-17 15:00:00,MTR-010,3.303,3.5957,1,high_consumption,robust_zscore,low
2023-07-17 15:00:00,MTR-012,13.2425,6.0699,1,abnormal_meter_behaviour,isolation_forest,high
2023-07-17 16:00:00,MTR-009,15.4634,6.1964,1,abnormal_meter_behaviour,isolation_forest,high
2023-07-17 17:00:00,MTR-003,19.3656,6.517,1,abnormal_meter_behaviour,isolation_forest,high
2023-07-17 17:00:00,MTR-005,11.5322,6.0955,1,abnormal_meter_behaviour,isolation_forest,high
2023-07-17 17:00:00,MTR-006,15.5709,6.9707,1,abnormal_meter_behaviour,isolation_forest,high
2023-07-17 17:00:00,MTR-007,4.194,3.0267,1,high_consumption,robust_zscore,low
2023-07-17 17:00:00,MTR-008,10.4111,6.0206,1,abnormal_meter_behaviour,isolation_forest,high
2023-07-17 17:00:00,MTR-009,20.8319,6.5476,1,abnormal_meter_behaviour,isolation_forest,high
2023-07-17 17:00:00,MTR-012,15.9146,6.4505,1,abnormal_meter_behaviour,isolation_forest,high
2023-07-17 18:00:00,MTR-003,15.0673,6.096,1,abnormal_meter_behaviour,isolation_forest,high
2023-07-17 18:00:00,MTR-006,15.1324,6.0801,1,abnormal_meter_behaviour,isolation_forest,high
2023-07-17 18:00:00,MTR-008,9.5335,6.1871,1,abnormal_meter_behaviour,isolation_forest,high
2023-07-17 18:00:00,MTR-009,20.2297,6.5032,1,abnormal_meter_behaviour,isolation_forest,high
2023-07-17 18:00:00,MTR-012,15.4997,6.0923,1,abnormal_meter_behaviour,isolation_forest,high
2023-07-17 19:00:00,MTR-009,18.8007,6.5482,1,abnormal_meter_behaviour,isolation_forest,high
2023-07-17 22:00:00,MTR-004,4.4941,21.6216,1,sudden_spike,robust_zscore,high
2023-07-18 04:00:00,MTR-005,9.7487,10.6565,1,sudden_spike,robust_zscore,high
2023-07-18 15:00:00,MTR-011,26.1955,19.854,1,sudden_spike,robust_zscore,high
2023-07-18 17:00:00,MTR-002,38.5679,6.2607,1,abnormal_meter_behaviour,isolation_forest,high
2023-07-18 17:00:00,MTR-002,38.5679,18.9702,1,sudden_spike,robust_zscore,high
2023-07-18 17:00:00,MTR-003,15.4105,6.0281,1,abnormal_meter_behaviour,isolation_forest,high
2023-07-18 17:00:00,MTR-006,16.2469,6.1883,1,abnormal_meter_behaviour,isolation_forest,high
2023-07-18 17:00:00,MTR-009,21.638,6.0914,1,abnormal_meter_behaviour,isolation_forest,high
2023-07-18 18:00:00,MTR-003,16.5265,6.5778,1,abnormal_meter_behaviour,isolation_forest,high
2023-07-18 18:00:00,MTR-006,15.9067,6.5538,1,abnormal_meter_behaviour,isolation_forest,high
2023-07-18 18:00:00,MTR-008,2.1323,-4.4916,1,low_consumption,robust_zscore,medium
2023-07-18 18:00:00,MTR-009,21.2505,6.3879,1,abnormal_meter_behaviour,isolation_forest,high
2023-07-18 18:00:00,MTR-012,14.6513,6.399,1,abnormal_meter_behaviour,isolation_forest,high
2023-07-18 19:00:00,MTR-003,12.7587,6.1039,1,abnormal_meter_behaviour,isolation_forest,high
2023-07-18 19:00:00,MTR-006,15.0632,6.6196,1,abnormal_meter_behaviour,isolation_forest,high
2023-07-18 19:00:00,MTR-008,9.1371,6.0746,1,abnormal_meter_behaviour,isolation_forest,high
2023-07-18 19:00:00,MTR-009,15.7824,6.6129,1,abnormal_meter_behaviour,isolation_forest,high
2023-07-19 00:00:00,MTR-003,7.03008936682726,11.0841,1,sudden_spike,robust_zscore,high
2023-07-19 12:00:00,MTR-003,9.3351,6.202,1,abnormal_meter_behaviour,isolation_forest,high
2023-07-19 15:00:00,MTR-009,15.1802,6.0812,1,abnormal_meter_behaviour,isolation_forest,high
2023-07-19 16:00:00,MTR-009,14.3314,6.1127,1,abnormal_meter_behaviour,isolation_forest,high
2023-07-19 17:00:00,MTR-003,15.8531,6.5229,1,abnormal_meter_behaviour,isolation_forest,high
2023-07-19 17:00:00,MTR-006,15.45,6.3803,1,abnormal_meter_behaviour,isolation_forest,high
2023-07-19 17:00:00,MTR-009,17.0915,6.234,1,abnormal_meter_behaviour,isolation_forest,high
2023-07-19 17:00:00,MTR-012,16.0779,6.5498,1,abnormal_meter_behaviour,isolation_forest,high
2023-07-19 18:00:00,MTR-006,15.7597,6.1021,1,abnormal_meter_behaviour,isolation_forest,high
2023-07-19 18:00:00,MTR-009,17.8049,6.5455,1,abnormal_meter_behaviour,isolation_forest,high
2023-07-19 19:00:00,MTR-007,3.6556,3.2313,1,high_consumption,robust_zscore,low
2023-07-19 22:00:00,MTR-001,5.027,27.9388,1,sudden_spike,robust_zscore,high
2023-07-20 15:00:00,MTR-009,15.8654,6.2556,1,abnormal_meter_behaviour,isolation_forest,high
2023-07-20 17:00:00,MTR-003,15.2236,6.0605,1,abnormal_meter_behaviour,isolation_forest,high
2023-07-20 17:00:00,MTR-009,18.6234,6.3906,1,abnormal_meter_behaviour,isolation_forest,high
2023-07-20 18:00:00,MTR-003,14.8339,6.384,1,abnormal_meter_behaviour,isolation_forest,high
2023-07-20 18:00:00,MTR-006,14.8546,6.1625,1,abnormal_meter_behaviour,isolation_forest,high
2023-07-20 18:00:00,MTR-009,17.2154,6.407,1,abnormal_meter_behaviour,isolation_forest,high
2023-07-21 13:00:00,MTR-001,0.2028,-7.0053,1,low_consumption,robust_zscore,high
2023-07-21 16:00:00,MTR-009,15.6188,6.1792,1,abnormal_meter_behaviour,isolation_forest,high
2023-07-21 17:00:00,MTR-003,14.0737,6.3613,1,abnormal_meter_behaviour,isolation_forest,high
2023-07-21 17:00:00,MTR-009,21.008,6.7832,1,abnormal_meter_behaviour,isolation_forest,high
2023-07-21 18:00:00,MTR-001,9.9433,18.3913,1,sudden_spike,robust_zscore,high
2023-07-21 18:00:00,MTR-009,18.1021,6.1151,1,abnormal_meter_behaviour,isolation_forest,high
2023-07-21 19:00:00,MTR-006,2.8937,-3.6872,1,low_consumption,robust_zscore,low
2023-07-21 19:00:00,MTR-009,17.0144,6.1445,1,abnormal_meter_behaviour,isolation_forest,high
2023-07-22 01:00:00,MTR-005,3.1148,6.0316,1,sudden_spike,robust_zscore,high
2023-07-22 10:00:00,MTR-003,20.3455,6.1186,1,abnormal_meter_behaviour,isolation_forest,high
2023-07-22 10:00:00,MTR-003,20.3455,7.1453,1,sudden_spike,robust_zscore,high
2023-07-22 10:00:00,MTR-007,2.9485,3.3233,1,high_consumption,robust_zscore,low
2023-07-22 10:00:00,MTR-010,2.9443,3.0915,1,high_consumption,robust_zscore,low
2023-07-22 12:00:00,MTR-001,2.526,3.1845,1,high_consumption,robust_zscore,low
2023-07-22 15:00:00,MTR-004,3.7445,3.3458,1,high_consumption,robust_zscore,low
2023-07-22 15:00:00,MTR-009,10.2447,6.1943,1,abnormal_meter_behaviour,isolation_forest,high
2023-07-22 18:00:00,MTR-011,1.3368,-4.2911,1,low_consumption,robust_zscore,medium
2023-07-22 21:00:00,MTR-007,2.3054,3.3782,1,high_consumption,robust_zscore,low
2023-07-23 12:00:00,MTR-007,2.3873,3.028,1,high_consumption,robust_zscore,low
2023-07-23 13:00:00,MTR-005,0.4138,-4.5112,1,low_consumption,robust_zscore,medium
2023-07-23 15:00:00,MTR-004,3.7139,3.2568,1,high_consumption,robust_zscore,low
2023-07-24 11:00:00,MTR-007,2.2958,3.1504,1,high_consumption,robust_zscore,low
2023-07-24 14:00:00,MTR-006,12.7668,6.0322,1,abnormal_meter_behaviour,isolation_forest,high
2023-07-24 14:00:00,MTR-009,13.7784,6.0774,1,abnormal_meter_behaviour,isolation_forest,high
2023-07-24 16:00:00,MTR-009,16.7518,6.3206,1,abnormal_meter_behaviour,isolation_forest,high
2023-07-24 16:00:00,MTR-011,24.2905,6.1012,1,abnormal_meter_behaviour,isolation_forest,high
2023-07-24 16:00:00,MTR-011,24.2905,16.5851,1,sudden_spike,robust_zscore,high
2023-07-24 17:00:00,MTR-002,9.6105,6.0932,1,abnormal_meter_behaviour,isolation_forest,high
2023-07-24 17:00:00,MTR-003,15.0317,6.5066,1,abnormal_meter_behaviour,isolation_forest,high
2023-07-24 17:00:00,MTR-006,16.25,6.2182,1,abnormal_meter_behaviour,isolation_forest,high
2023-07-24 17:00:00,MTR-009,18.3459,6.6852,1,abnormal_meter_behaviour,isolation_forest,high
2023-07-24 17:00:00,MTR-012,16.9361,6.5994,1,abnormal_meter_behaviour,isolation_forest,high
2023-07-24 18:00:00,MTR-003,15.351,6.0951,1,abnormal_meter_behaviour,isolation_forest,high
2023-07-24 18:00:00,MTR-006,14.485,6.091,1,abnormal_meter_behaviour,isolation_forest,high
2023-07-24 18:00:00,MTR-009,17.1132,6.533,1,abnormal_meter_behaviour,isolation_forest,high
2023-07-24 18:00:00,MTR-012,15.7606,6.2311,1,abnormal_meter_behaviour,isolation_forest,high
2023-07-24 19:00:00,MTR-003,14.4455,5.9888,1,abnormal_meter_behaviour,isolation_forest,medium
2023-07-24 19:00:00,MTR-006,12.8397,6.0452,1,abnormal_meter_behaviour,isolation_forest,high
2023-07-24 19:00:00,MTR-009,17.6275,6.3447,1,abnormal_meter_behaviour,isolation_forest,high
2023-07-24 19:00:00,MTR-012,13.2737,5.9849,1,abnormal_meter_behaviour,isolation_forest,medium
2023-07-24 22:00:00,MTR-006,7.150858183277885,4.1887,1,high_consumption,robust_zscore,medium
2023-07-25 01:00:00,MTR-001,1.216,9.3935,1,sudden_spike,robust_zscore,high
2023-07-25 02:00:00,MTR-006,0.3477,-4.4578,1,low_consumption,robust_zscore,medium
2023-07-25 10:00:00,MTR-006,0.9544,-4.7889,1,low_consumption,robust_zscore,medium
2023-07-25 12:00:00,MTR-009,3.1906,-3.5449,1,low_consumption,robust_zscore,low
2023-07-25 14:00:00,MTR-009,14.7697,5.9896,1,abnormal_meter_behaviour,isolation_forest,medium
2023-07-25 15:00:00,MTR-009,15.0338,6.1971,1,abnormal_meter_behaviour,isolation_forest,high
2023-07-25 16:00:00,MTR-006,14.1636,6.3845,1,abnormal_meter_behaviour,isolation_forest,high
2023-07-25 16:00:00,MTR-009,16.9907,6.365,1,abnormal_meter_behaviour,isolation_forest,high
2023-07-25 17:00:00,MTR-003,17.5766,6.4196,1,abnormal_meter_behaviour,isolation_forest,high
2023-07-25 17:00:00,MTR-006,15.9237,6.3134,1,abnormal_meter_behaviour,isolation_forest,high
2023-07-25 17:00:00,MTR-008,11.4995,6.1752,1,abnormal_meter_behaviour,isolation_forest,high
2023-07-25 17:00:00,MTR-009,22.1707,6.344,1,abnormal_meter_behaviour,isolation_forest,high
2023-07-25 17:00:00,MTR-012,15.9497,6.3863,1,abnormal_meter_behaviour,isolation_forest,high
2023-07-25 18:00:00,MTR-003,16.1371,6.4979,1,abnormal_meter_behaviour,isolation_forest,high
2023-07-25 18:00:00,MTR-006,15.3047,6.2232,1,abnormal_meter_behaviour,isolation_forest,high
2023-07-25 18:00:00,MTR-009,20.432,6.7973,1,abnormal_meter_behaviour,isolation_forest,high
2023-07-25 18:00:00,MTR-012,15.3834,6.2992,1,abnormal_meter_behaviour,isolation_forest,high
2023-07-25 19:00:00,MTR-009,16.9889,6.0974,1,abnormal_meter_behaviour,isolation_forest,high
2023-07-26 05:00:00,MTR-001,0.1577,-6.1809,1,low_consumption,robust_zscore,high
2023-07-26 13:00:00,MTR-003,0.6552,-4.4778,1,low_consumption,robust_zscore,medium
2023-07-26 16:00:00,MTR-009,15.4581,6.6813,1,abnormal_meter_behaviour,isolation_forest,high
2023-07-26 17:00:00,MTR-003,16.9296,6.1901,1,abnormal_meter_behaviour,isolation_forest,high
2023-07-26 17:00:00,MTR-006,15.1861,6.1001,1,abnormal_meter_behaviour,isolation_forest,high
2023-07-26 17:00:00,MTR-009,17.1154,6.376,1,abnormal_meter_behaviour,isolation_forest,high
2023-07-26 17:00:00,MTR-012,16.7519,6.3482,1,abnormal_meter_behaviour,isolation_forest,high
2023-07-26 18:00:00,MTR-003,16.7503,6.1808,1,abnormal_meter_behaviour,isolation_forest,high
2023-07-26 18:00:00,MTR-009,18.006,6.3552,1,abnormal_meter_behaviour,isolation_forest,high
2023-07-26 18:00:00,MTR-012,17.3029,6.2092,1,abnormal_meter_behaviour,isolation_forest,high
2023-07-27 04:00:00,MTR-012,21.5883,18.1012,1,sudden_spike,robust_zscore,high
2023-07-27 11:00:00,MTR-007,5.6656,20.448,1,sudden_spike,robust_zscore,high
2023-07-27 11:00:00,MTR-008,0.3884,-4.8766,1,low_consumption,robust_zscore,medium
2023-07-27 14:00:00,MTR-009,14.847,6.079,1,abnormal_meter_behaviour,isolation_forest,high
2023-07-27 16:00:00,MTR-008,33.1802,6.1985,1,abnormal_meter_behaviour,isolation_forest,high
2023-07-27 16:00:00,MTR-008,33.1802,20.9069,1,sudden_spike,robust_zscore,high
2023-07-27 17:00:00,MTR-005,12.873,3.1464,1,high_consumption,robust_zscore,low
2023-07-27 17:00:00,MTR-006,17.4526,6.2433,1,abnormal_meter_behaviour,isolation_forest,high
2023-07-27 17:00:00,MTR-009,19.6676,6.5983,1,abnormal_meter_behaviour,isolation_forest,high
2023-07-27 18:00:00,MTR-003,14.2932,6.056,1,abnormal_meter_behaviour,isolation_forest,high
2023-07-27 18:00:00,MTR-009,19.5472,6.3976,1,abnormal_meter_behaviour,isolation_forest,high
2023-07-27 18:00:00,MTR-012,15.621,6.1388,1,abnormal_meter_behaviour,isolation_forest,high
2023-07-27 19:00:00,MTR-009,15.593,6.3542,1,abnormal_meter_behaviour,isolation_forest,high
2023-07-28 04:00:00,MTR-001,3.2313,12.743,1,sudden_spike,robust_zscore,high
2023-07-28 07:00:00,MTR-010,9.6289,28.4414,1,sudden_spike,robust_zscore,high
2023-07-28 08:00:00,MTR-001,0.3415,-7.1165,1,low_consumption,robust_zscore,high
2023-07-28 16:00:00,MTR-006,12.7869,6.0544,1,abnormal_meter_behaviour,isolation_forest,high
2023-07-28 16:00:00,MTR-009,17.9724,6.3486,1,abnormal_meter_behaviour,isolation_forest,high
2023-07-28 17:00:00,MTR-012,14.5569,6.1904,1,abnormal_meter_behaviour,isolation_forest,high
2023-07-28 18:00:00,MTR-006,16.5889,6.1778,1,abnormal_meter_behaviour,isolation_forest,high
2023-07-28 18:00:00,MTR-009,20.6749,6.0803,1,abnormal_meter_behaviour,isolation_forest,high
2023-07-28 18:00:00,MTR-012,15.9168,6.3607,1,abnormal_meter_behaviour,isolation_forest,high
2023-07-29 01:00:00,MTR-007,0.0276,-6.3444,1,low_consumption,robust_zscore,high
2023-07-29 02:00:00,MTR-002,0.2367,-4.3756,1,low_consumption,robust_zscore,medium
2023-07-29 05:00:00,MTR-002,7.9591,5.9249,1,high_consumption,robust_zscore,medium
2023-07-29 11:00:00,MTR-010,2.4701,3.2095,1,high_consumption,robust_zscore,low
2023-07-29 14:00:00,MTR-008,0.9172,-4.1697,1,low_consumption,robust_zscore,medium
2023-07-29 14:00:00,MTR-010,2.9054,3.0069,1,high_consumption,robust_zscore,low
2023-07-29 16:00:00,MTR-004,3.3835,6.0743,1,abnormal_meter_behaviour,isolation_forest,high
2023-07-29 16:00:00,MTR-006,9.2269,6.139,1,abnormal_meter_behaviour,isolation_forest,high
2023-07-29 16:00:00,MTR-007,3.4409,3.5516,1,high_consumption,robust_zscore,low
2023-07-29 17:00:00,MTR-009,16.3403,6.2804,1,abnormal_meter_behaviour,isolation_forest,high
2023-07-29 20:00:00,MTR-004,3.7469,3.4861,1,high_consumption,robust_zscore,low
2023-07-30 01:00:00,MTR-007,0.1158,-5.2283,1,low_consumption,robust_zscore,medium
2023-07-30 05:00:00,MTR-008,10.3258,9.0729,1,sudden_spike,robust_zscore,high
2023-07-30 05:00:00,MTR-010,4.8093,17.6879,1,sudden_spike,robust_zscore,high
2023-07-30 14:00:00,MTR-010,3.0205,3.4358,1,high_consumption,robust_zscore,low
2023-07-30 15:00:00,MTR-004,0.5704,-5.8862,1,low_consumption,robust_zscore,medium
2023-07-30 15:00:00,MTR-010,3.3508,3.7565,1,high_consumption,robust_zscore,low
2023-07-30 16:00:00,MTR-009,11.2022,5.9847,1,abnormal_meter_behaviour,isolation_forest,medium
2023-07-31 14:00:00,MTR-009,13.5919,6.0235,1,abnormal_meter_behaviour,isolation_forest,high
2023-07-31 15:00:00,MTR-009,15.1633,6.1609,1,abnormal_meter_behaviour,isolation_forest,high
2023-07-31 15:00:00,MTR-010,3.191,3.2189,1,high_consumption,robust_zscore,low
2023-07-31 17:00:00,MTR-006,15.22,6.1433,1,abnormal_meter_behaviour,isolation_forest,high
2023-07-31 17:00:00,MTR-007,13.0894,25.8834,1,sudden_spike,robust_zscore,high
2023-07-31 17:00:00,MTR-009,19.1192,6.4669,1,abnormal_meter_behaviour,isolation_forest,high
2023-07-31 18:00:00,MTR-006,16.6803,6.0291,1,abnormal_meter_behaviour,isolation_forest,high
2023-07-31 18:00:00,MTR-009,17.5624,6.0433,1,abnormal_meter_behaviour,isolation_forest,high
2023-07-31 19:00:00,MTR-003,14.1533,6.0691,1,abnormal_meter_behaviour,isolation_forest,high
2023-07-31 19:00:00,MTR-006,15.2695,6.2812,1,abnormal_meter_behaviour,isolation_forest,high
2023-07-31 19:00:00,MTR-009,18.1645,6.5929,1,abnormal_meter_behaviour,isolation_forest,high
2023-07-31 19:00:00,MTR-012,13.7069,6.5088,1,abnormal_meter_behaviour,isolation_forest,high
2023-07-31 20:00:00,MTR-003,12.64,6.2398,1,abnormal_meter_behaviour,isolation_forest,high
2023-08-01 08:00:00,MTR-009,15.2053,6.204,1,abnormal_meter_behaviour,isolation_forest,high
2023-08-01 17:00:00,MTR-009,19.9315,6.2506,1,abnormal_meter_behaviour,isolation_forest,high
2023-08-01 17:00:00,MTR-012,16.1897,6.0528,1,abnormal_meter_behaviour,isolation_forest,high
2023-08-01 18:00:00,MTR-009,17.7011,6.3632,1,abnormal_meter_behaviour,isolation_forest,high
2023-08-01 21:00:00,MTR-003,0.5685,-4.65,1,low_consumption,robust_zscore,medium
2023-08-02 00:00:00,MTR-007,2.1227,20.182,1,sudden_spike,robust_zscore,high
2023-08-02 10:00:00,MTR-009,13.5221,6.0881,1,abnormal_meter_behaviour,isolation_forest,high
2023-08-02 15:00:00,MTR-009,15.7746,6.0914,1,abnormal_meter_behaviour,isolation_forest,high
2023-08-02 16:00:00,MTR-009,13.7328,5.9903,1,abnormal_meter_behaviour,isolation_forest,medium
2023-08-02 17:00:00,MTR-003,17.0874,6.7478,1,abnormal_meter_behaviour,isolation_forest,high
2023-08-02 17:00:00,MTR-009,18.7028,6.69,1,abnormal_meter_behaviour,isolation_forest,high
2023-08-02 17:00:00,MTR-012,13.7827,6.248,1,abnormal_meter_behaviour,isolation_forest,high
2023-08-02 18:00:00,MTR-008,40.9313,6.3074,1,abnormal_meter_behaviour,isolation_forest,high
2023-08-02 18:00:00,MTR-008,40.9313,25.0369,1,sudden_spike,robust_zscore,high
2023-08-02 18:00:00,MTR-009,18.1831,6.2865,1,abnormal_meter_behaviour,isolation_forest,high
2023-08-03 11:00:00,MTR-011,17.3649,17.5591,1,sudden_spike,robust_zscore,high
2023-08-03 14:00:00,MTR-003,11.115,5.9954,1,abnormal_meter_behaviour,isolation_forest,medium
2023-08-03 14:00:00,MTR-006,12.6545,6.2537,1,abnormal_meter_behaviour,isolation_forest,high
2023-08-03 14:00:00,MTR-009,14.2174,6.3512,1,abnormal_meter_behaviour,isolation_forest,high
2023-08-03 15:00:00,MTR-006,13.6366,6.3442,1,abnormal_meter_behaviour,isolation_forest,high
2023-08-03 15:00:00,MTR-008,8.8311,6.0327,1,abnormal_meter_behaviour,isolation_forest,high
2023-08-03 15:00:00,MTR-009,14.6237,6.0269,1,abnormal_meter_behaviour,isolation_forest,high
2023-08-03 16:00:00,MTR-009,16.8933,6.6138,1,abnormal_meter_behaviour,isolation_forest,high
2023-08-03 17:00:00,MTR-006,15.8923,6.3004,1,abnormal_meter_behaviour,isolation_forest,high
2023-08-03 17:00:00,MTR-009,18.9928,6.3612,1,abnormal_meter_behaviour,isolation_forest,high
2023-08-03 17:00:00,MTR-012,16.9232,6.1442,1,abnormal_meter_behaviour,isolation_forest,high
2023-08-03 18:00:00,MTR-009,17.3369,6.1343,1,abnormal_meter_behaviour,isolation_forest,high
2023-08-04 00:00:00,MTR-006,7.150858183277885,10.5734,1,sudden_spike,robust_zscore,high
2023-08-04 04:00:00,MTR-004,2.101415075088851,3.7853,1,high_consumption,robust_zscore,low
2023-08-04 05:00:00,MTR-009,34.8333,22.6143,1,sudden_spike,robust_zscore,high
2023-08-04 06:00:00,MTR-012,27.9408,16.0139,1,sudden_spike,robust_zscore,high
2023-08-04 09:00:00,MTR-002,26.998,6.1396,1,abnormal_meter_behaviour,isolation_forest,high
2023-08-04 09:00:00,MTR-002,26.998,18.1329,1,sudden_spike,robust_zscore,high
2023-08-04 09:00:00,MTR-003,35.9594,15.1429,1,sudden_spike,robust_zscore,high
2023-08-04 14:00:00,MTR-012,1.8696,-3.9711,1,low_consumption,robust_zscore,low
2023-08-04 15:00:00,MTR-009,14.8769,6.1425,1,abnormal_meter_behaviour,isolation_forest,high
2023-08-04 16:00:00,MTR-003,12.9005,6.1008,1,abnormal_meter_behaviour,isolation_forest,high
2023-08-04 16:00:00,MTR-009,15.7699,6.4134,1,abnormal_meter_behaviour,isolation_forest,high
2023-08-04 17:00:00,MTR-003,16.2906,6.0334,1,abnormal_meter_behaviour,isolation_forest,high
2023-08-04 17:00:00,MTR-006,16.588,6.6264,1,abnormal_meter_behaviour,isolation_forest,high
2023-08-04 17:00:00,MTR-009,21.3825,6.1731,1,abnormal_meter_behaviour,isolation_forest,high
2023-08-04 17:00:00,MTR-012,16.7341,6.2655,1,abnormal_meter_behaviour,isolation_forest,high
2023-08-04 18:00:00,MTR-006,14.9,6.2727,1,abnormal_meter_behaviour,isolation_forest,high
2023-08-04 18:00:00,MTR-009,19.2649,6.2476,1,abnormal_meter_behaviour,isolation_forest,high
2023-08-04 18:00:00,MTR-012,15.2854,6.3171,1,abnormal_meter_behaviour,isolation_forest,high
2023-08-04 23:00:00,MTR-008,6.0017,10.2063,1,sudden_spike,robust_zscore,high
2023-08-05 02:00:00,MTR-012,4.6767,4.1716,1,high_consumption,robust_zscore,medium
2023-08-05 07:00:00,MTR-009,0.7768,-4.9555,1,low_consumption,robust_zscore,medium
2023-08-05 14:00:00,MTR-001,2.9917,3.0295,1,high_consumption,robust_zscore,low
2023-08-05 15:00:00,MTR-011,5.0113,6.0619,1,abnormal_meter_behaviour,isolation_forest,high
2023-08-05 17:00:00,MTR-003,12.777,6.0553,1,abnormal_meter_behaviour,isolation_forest,high
2023-08-05 17:00:00,MTR-009,15.7005,6.2065,1,abnormal_meter_behaviour,isolation_forest,high
2023-08-05 18:00:00,MTR-001,12.6914,25.6346,1,sudden_spike,robust_zscore,high
2023-08-05 21:00:00,MTR-011,13.0036,11.734,1,sudden_spike,robust_zscore,high
2023-08-06 01:00:00,MTR-009,4.4673,3.4195,1,high_consumption,robust_zscore,low
2023-08-06 10:00:00,MTR-003,1.7151,-4.4583,1,low_consumption,robust_zscore,medium
2023-08-06 17:00:00,MTR-004,5.0958,3.2497,1,high_consumption,robust_zscore,low
2023-08-06 17:00:00,MTR-006,12.562,6.1011,1,abnormal_meter_behaviour,isolation_forest,high
2023-08-06 17:00:00,MTR-009,14.5794,6.1969,1,abnormal_meter_behaviour,isolation_forest,high
2023-08-06 17:00:00,MTR-012,11.5836,6.38,1,abnormal_meter_behaviour,isolation_forest,high
2023-08-06 21:00:00,MTR-007,5.416,21.3643,1,sudden_spike,robust_zscore,high
2023-08-07 02:00:00,MTR-002,9.501,22.2542,1,sudden_spike,robust_zscore,high
2023-08-07 09:00:00,MTR-005,20.4628,13.7219,1,sudden_spike,robust_zscore,high
2023-08-07 09:00:00,MTR-008,0.4029,-5.152,1,low_consumption,robust_zscore,medium
2023-08-07 12:00:00,MTR-002,22.3065,18.9266,1,sudden_spike,robust_zscore,high
2023-08-07 16:00:00,MTR-009,14.8002,6.2151,1,abnormal_meter_behaviour,isolation_forest,high
2023-08-07 17:00:00,MTR-009,18.5608,6.2,1,abnormal_meter_behaviour,isolation_forest,high
2023-08-07 18:00:00,MTR-003,15.3758,6.0202,1,abnormal_meter_behaviour,isolation_forest,high
2023-08-07 18:00:00,MTR-006,15.6829,6.2785,1,abnormal_meter_behaviour,isolation_forest,high
2023-08-07 18:00:00,MTR-009,18.1395,6.517,1,abnormal_meter_behaviour,isolation_forest,high
2023-08-07 18:00:00,MTR-012,16.9755,6.1586,1,abnormal_meter_behaviour,isolation_forest,high
2023-08-07 20:00:00,MTR-006,40.4417,6.2063,1,abnormal_meter_behaviour,isolation_forest,high
2023-08-07 20:00:00,MTR-006,40.4417,18.5141,1,sudden_spike,robust_zscore,high
2023-08-08 09:00:00,MTR-007,10.8619,34.384,1,sudden_spike,robust_zscore,high
2023-08-08 09:00:00,MTR-010,7.5145,20.9169,1,sudden_spike,robust_zscore,high
2023-08-08 13:00:00,MTR-002,20.2333,6.2897,1,abnormal_meter_behaviour,isolation_forest,high
2023-08-08 13:00:00,MTR-002,20.2333,15.3765,1,sudden_spike,robust_zscore,high
2023-08-08 15:00:00,MTR-009,15.2514,6.2279,1,abnormal_meter_behaviour,isolation_forest,high
2023-08-08 15:00:00,MTR-012,12.1682,6.1036,1,abnormal_meter_behaviour,isolation_forest,high
2023-08-08 16:00:00,MTR-009,14.3963,6.4879,1,abnormal_meter_behaviour,isolation_forest,high
2023-08-08 17:00:00,MTR-003,15.8519,6.1201,1,abnormal_meter_behaviour,isolation_forest,high
2023-08-08 17:00:00,MTR-006,15.8604,6.2479,1,abnormal_meter_behaviour,isolation_forest,high
2023-08-08 17:00:00,MTR-009,16.9185,6.0316,1,abnormal_meter_behaviour,isolation_forest,high
2023-08-08 17:00:00,MTR-012,15.61,6.0166,1,abnormal_meter_behaviour,isolation_forest,high
2023-08-08 18:00:00,MTR-003,15.3664,6.7986,1,abnormal_meter_behaviour,isolation_forest,high
2023-08-08 18:00:00,MTR-009,18.2152,6.7763,1,abnormal_meter_behaviour,isolation_forest,high
2023-08-08 18:00:00,MTR-012,15.8099,6.0957,1,abnormal_meter_behaviour,isolation_forest,high
2023-08-08 19:00:00,MTR-009,16.5771,6.239,1,abnormal_meter_behaviour,isolation_forest,high
2023-08-09 01:00:00,MTR-003,9.8536,18.2374,1,sudden_spike,robust_zscore,high
2023-08-09 08:00:00,MTR-006,42.8654,6.112,1,abnormal_meter_behaviour,isolation_forest,high
2023-08-09 08:00:00,MTR-006,42.8654,18.8292,1,sudden_spike,robust_zscore,high
2023-08-09 13:00:00,MTR-009,11.2448,6.09,1,abnormal_meter_behaviour,isolation_forest,high
2023-08-09 14:00:00,MTR-009,11.7086,6.0821,1,abnormal_meter_behaviour,isolation_forest,high
2023-08-09 16:00:00,MTR-009,16.2193,6.5993,1,abnormal_meter_behaviour,isolation_forest,high
2023-08-09 17:00:00,MTR-006,16.2946,6.4366,1,abnormal_meter_behaviour,isolation_forest,high
2023-08-09 17:00:00,MTR-009,20.4549,6.4889,1,abnormal_meter_behaviour,isolation_forest,high
2023-08-09 17:00:00,MTR-012,15.0873,6.055,1,abnormal_meter_behaviour,isolation_forest,high
2023-08-09 18:00:00,MTR-006,14.4298,6.2844,1,abnormal_meter_behaviour,isolation_forest,high
2023-08-09 18:00:00,MTR-009,17.5909,6.2955,1,abnormal_meter_behaviour,isolation_forest,high
2023-08-09 18:00:00,MTR-012,16.5218,6.5549,1,abnormal_meter_behaviour,isolation_forest,high
2023-08-09 19:00:00,MTR-012,13.1354,6.0939,1,abnormal_meter_behaviour,isolation_forest,high
2023-08-09 20:00:00,MTR-009,1.3211,-4.9909,1,low_consumption,robust_zscore,medium
2023-08-09 21:00:00,MTR-001,4.9403,15.2982,1,sudden_spike,robust_zscore,high
2023-08-10 00:00:00,MTR-006,0.1887,-4.5042,1,low_consumption,robust_zscore,medium
2023-08-10 10:00:00,MTR-009,14.0855,6.1704,1,abnormal_meter_behaviour,isolation_forest,high
2023-08-10 16:00:00,MTR-009,13.1676,5.9891,1,abnormal_meter_behaviour,isolation_forest,medium
2023-08-10 16:00:00,MTR-012,12.1771,6.1131,1,abnormal_meter_behaviour,isolation_forest,high
2023-08-10 17:00:00,MTR-003,16.2547,6.1862,1,abnormal_meter_behaviour,isolation_forest,high
2023-08-10 17:00:00,MTR-006,16.1083,6.3758,1,abnormal_meter_behaviour,isolation_forest,high
2023-08-10 17:00:00,MTR-009,18.3143,6.6074,1,abnormal_meter_behaviour,isolation_forest,high
2023-08-10 17:00:00,MTR-012,15.5204,6.0529,1,abnormal_meter_behaviour,isolation_forest,high
2023-08-10 18:00:00,MTR-009,17.5396,6.5111,1,abnormal_meter_behaviour,isolation_forest,high
2023-08-10 18:00:00,MTR-012,14.9367,6.3644,1,abnormal_meter_behaviour,isolation_forest,high
2023-08-11 13:00:00,MTR-009,11.2315,6.024,1,abnormal_meter_behaviour,isolation_forest,high
2023-08-11 14:00:00,MTR-002,23.374,6.334,1,abnormal_meter_behaviour,isolation_forest,high
2023-08-11 14:00:00,MTR-002,23.374,18.1118,1,sudden_spike,robust_zscore,high
2023-08-11 16:00:00,MTR-003,13.901,6.2722,1,abnormal_meter_behaviour,isolation_forest,high
2023-08-11 16:00:00,MTR-006,13.5959,6.1494,1,abnormal_meter_behaviour,isolation_forest,high
2023-08-11 16:00:00,MTR-008,0.9766,-4.2158,1,low_consumption,robust_zscore,medium
2023-08-11 16:00:00,MTR-009,16.3489,6.3755,1,abnormal_meter_behaviour,isolation_forest,high
2023-08-11 16:00:00,MTR-012,12.9867,5.9895,1,abnormal_meter_behaviour,isolation_forest,medium
2023-08-11 17:00:00,MTR-009,17.2844,6.3043,1,abnormal_meter_behaviour,isolation_forest,high
2023-08-11 18:00:00,MTR-006,14.3,6.1866,1,abnormal_meter_behaviour,isolation_forest,high
2023-08-11 18:00:00,MTR-009,21.3731,6.4811,1,abnormal_meter_behaviour,isolation_forest,high
2023-08-11 19:00:00,MTR-006,15.9649,6.1672,1,abnormal_meter_behaviour,isolation_forest,high
2023-08-11 19:00:00,MTR-009,17.2499,6.3017,1,abnormal_meter_behaviour,isolation_forest,high
2023-08-12 10:00:00,MTR-002,20.8638,13.7114,1,sudden_spike,robust_zscore,high
2023-08-12 14:00:00,MTR-009,10.019,6.0393,1,abnormal_meter_behaviour,isolation_forest,high
2023-08-12 15:00:00,MTR-003,1.0446,-4.7042,1,low_consumption,robust_zscore,medium
2023-08-12 16:00:00,MTR-008,0.8148,-4.342,1,low_consumption,robust_zscore,medium
2023-08-13 05:00:00,MTR-003,0.4387,-5.3108,1,low_consumption,robust_zscore,medium
2023-08-13 17:00:00,MTR-005,6.9962,6.022,1,abnormal_meter_behaviour,isolation_forest,high
2023-08-13 17:00:00,MTR-006,12.8059,6.321,1,abnormal_meter_behaviour,isolation_forest,high
2023-08-13 17:00:00,MTR-011,7.5689,6.064,1,abnormal_meter_behaviour,isolation_forest,high
2023-08-14 03:00:00,MTR-005,6.39,9.219,1,sudden_spike,robust_zscore,high
2023-08-14 05:00:00,MTR-008,0.1669,-5.0638,1,low_consumption,robust_zscore,medium
2023-08-14 06:00:00,MTR-012,27.7099,15.8433,1,sudden_spike,robust_zscore,high
2023-08-14 10:00:00,MTR-001,0.3797,-6.7259,1,low_consumption,robust_zscore,high
2023-08-14 11:00:00,MTR-004,10.2533,36.8396,1,sudden_spike,robust_zscore,high
2023-08-14 13:00:00,MTR-012,1.9209,-3.6069,1,low_consumption,robust_zscore,low
2023-08-14 15:00:00,MTR-009,15.117,6.5946,1,abnormal_meter_behaviour,isolation_forest,high
2023-08-14 17:00:00,MTR-006,14.218,6.1319,1,abnormal_meter_behaviour,isolation_forest,high
2023-08-14 17:00:00,MTR-009,20.4262,6.4978,1,abnormal_meter_behaviour,isolation_forest,high
2023-08-14 17:00:00,MTR-012,15.9236,6.585,1,abnormal_meter_behaviour,isolation_forest,high
2023-08-14 18:00:00,MTR-003,13.1182,6.1416,1,abnormal_meter_behaviour,isolation_forest,high
2023-08-14 22:00:00,MTR-004,3.5946,15.7399,1,sudden_spike,robust_zscore,high
2023-08-14 22:00:00,MTR-012,6.963775628227193,4.2671,1,high_consumption,robust_zscore,medium
2023-08-15 00:00:00,MTR-004,2.2277,19.2263,1,sudden_spike,robust_zscore,high
2023-08-15 16:00:00,MTR-009,16.027,6.1083,1,abnormal_meter_behaviour,isolation_forest,high
2023-08-15 17:00:00,MTR-006,15.852,5.9906,1,abnormal_meter_behaviour,isolation_forest,medium
2023-08-15 17:00:00,MTR-009,18.5919,6.4907,1,abnormal_meter_behaviour,isolation_forest,high
2023-08-15 18:00:00,MTR-009,18.1724,6.2374,1,abnormal_meter_behaviour,isolation_forest,high
2023-08-16 03:00:00,MTR-006,0.4034,-4.5263,1,low_consumption,robust_zscore,medium
2023-08-16 09:00:00,MTR-007,0.1135,-8.1487,1,low_consumption,robust_zscore,high
2023-08-16 15:00:00,MTR-009,41.6329,6.2279,1,abnormal_meter_behaviour,isolation_forest,high
2023-08-16 15:00:00,MTR-009,41.6329,13.4748,1,sudden_spike,robust_zscore,high
2023-08-16 17:00:00,MTR-006,17.0477,6.2501,1,abnormal_meter_behaviour,isolation_forest,high
2023-08-16 17:00:00,MTR-009,21.2256,6.5274,1,abnormal_meter_behaviour,isolation_forest,high
2023-08-16 17:00:00,MTR-012,17.7008,6.2491,1,abnormal_meter_behaviour,isolation_forest,high
2023-08-16 18:00:00,MTR-003,14.2556,6.1258,1,abnormal_meter_behaviour,isolation_forest,high
2023-08-16 18:00:00,MTR-006,14.6253,6.282,1,abnormal_meter_behaviour,isolation_forest,high
2023-08-16 18:00:00,MTR-009,18.4936,6.6183,1,abnormal_meter_behaviour,isolation_forest,high
2023-08-16 20:00:00,MTR-002,7.2505,6.0631,1,abnormal_meter_behaviour,isolation_forest,high
2023-08-16 20:00:00,MTR-003,10.3364,6.31,1,abnormal_meter_behaviour,isolation_forest,high
2023-08-16 20:00:00,MTR-006,11.7164,6.0214,1,abnormal_meter_behaviour,isolation_forest,high
2023-08-16 20:00:00,MTR-009,13.6125,6.2858,1,abnormal_meter_behaviour,isolation_forest,high
2023-08-16 22:00:00,MTR-004,3.0768,12.354,1,sudden_spike,robust_zscore,high
2023-08-16 22:00:00,MTR-005,0.6029,-4.1602,1,low_consumption,robust_zscore,medium
2023-08-17 07:00:00,MTR-003,0.8111,-4.9903,1,low_consumption,robust_zscore,medium
2023-08-17 11:00:00,MTR-007,5.6478,20.3566,1,sudden_spike,robust_zscore,high
2023-08-17 15:00:00,MTR-003,11.3462,6.3305,1,abnormal_meter_behaviour,isolation_forest,high
2023-08-17 17:00:00,MTR-006,15.8193,6.2223,1,abnormal_meter_behaviour,isolation_forest,high
2023-08-17 17:00:00,MTR-009,17.8809,6.1417,1,abnormal_meter_behaviour,isolation_forest,high
2023-08-17 18:00:00,MTR-003,14.5494,6.1618,1,abnormal_meter_behaviour,isolation_forest,high
2023-08-17 18:00:00,MTR-006,15.59,6.1532,1,abnormal_meter_behaviour,isolation_forest,high
2023-08-17 18:00:00,MTR-009,15.5725,6.1104,1,abnormal_meter_behaviour,isolation_forest,high
2023-08-17 19:00:00,MTR-009,17.1491,6.3412,1,abnormal_meter_behaviour,isolation_forest,high
2023-08-18 06:00:00,MTR-010,4.3963,12.9699,1,sudden_spike,robust_zscore,high
2023-08-18 17:00:00,MTR-003,15.1143,6.0469,1,abnormal_meter_behaviour,isolation_forest,high
2023-08-18 17:00:00,MTR-006,14.9192,6.2348,1,abnormal_meter_behaviour,isolation_forest,high
2023-08-18 17:00:00,MTR-009,19.2362,6.5793,1,abnormal_meter_behaviour,isolation_forest,high
2023-08-18 17:00:00,MTR-012,14.841,6.3464,1,abnormal_meter_behaviour,isolation_forest,high
2023-08-18 18:00:00,MTR-003,14.8271,6.0348,1,abnormal_meter_behaviour,isolation_forest,high
2023-08-18 18:00:00,MTR-009,17.0873,6.1831,1,abnormal_meter_behaviour,isolation_forest,high
2023-08-19 09:00:00,MTR-012,22.009,6.0167,1,abnormal_meter_behaviour,isolation_forest,high
2023-08-19 09:00:00,MTR-012,22.009,7.7837,1,sudden_spike,robust_zscore,high
2023-08-19 12:00:00,MTR-006,0.3743,-4.9377,1,low_consumption,robust_zscore,medium
2023-08-19 12:00:00,MTR-007,2.4155,3.1612,1,high_consumption,robust_zscore,low
2023-08-19 13:00:00,MTR-001,0.21,-6.9756,1,low_consumption,robust_zscore,high
2023-08-19 23:00:00,MTR-011,1.497,6.0139,1,abnormal_meter_behaviour,isolation_forest,high
2023-08-20 00:00:00,MTR-006,4.7959,5.4733,1,high_consumption,robust_zscore,medium
2023-08-20 15:00:00,MTR-009,36.5132,11.2187,1,sudden_spike,robust_zscore,high
2023-08-20 17:00:00,MTR-007,4.2028,3.0493,1,high_consumption,robust_zscore,low
2023-08-21 06:00:00,MTR-010,0.2168,-6.1746,1,low_consumption,robust_zscore,high
2023-08-21 15:00:00,MTR-009,15.9319,6.2338,1,abnormal_meter_behaviour,isolation_forest,high
2023-08-21 17:00:00,MTR-006,38.5658,6.3227,1,abnormal_meter_behaviour,isolation_forest,high
2023-08-21 17:00:00,MTR-006,38.5658,10.3065,1,sudden_spike,robust_zscore,high
2023-08-21 17:00:00,MTR-009,16.8368,6.3782,1,abnormal_meter_behaviour,isolation_forest,high
2023-08-21 18:00:00,MTR-012,15.1101,5.9857,1,abnormal_meter_behaviour,isolation_forest,medium
2023-08-21 19:00:00,MTR-011,30.2292,19.4108,1,sudden_spike,robust_zscore,high
2023-08-21 23:00:00,MTR-012,7.9501,9.5894,1,sudden_spike,robust_zscore,high
2023-08-22 10:00:00,MTR-008,28.3945,20.0351,1,sudden_spike,robust_zscore,high
2023-08-22 12:00:00,MTR-002,1.0737,-3.9236,1,low_consumption,robust_zscore,low
2023-08-22 13:00:00,MTR-001,0.3042,-6.5869,1,low_consumption,robust_zscore,high
2023-08-22 18:00:00,MTR-003,16.1094,6.275,1,abnormal_meter_behaviour,isolation_forest,high
2023-08-22 18:00:00,MTR-009,18.9463,6.4263,1,abnormal_meter_behaviour,isolation_forest,high
2023-08-22 19:00:00,MTR-003,12.8037,5.9873,1,abnormal_meter_behaviour,isolation_forest,medium
2023-08-22 19:00:00,MTR-006,15.3745,6.057,1,abnormal_meter_behaviour,isolation_forest,high
2023-08-22 19:00:00,MTR-009,16.8153,6.4016,1,abnormal_meter_behaviour,isolation_forest,high
2023-08-22 19:00:00,MTR-012,12.8918,6.0988,1,abnormal_meter_behaviour,isolation_forest,high
2023-08-23 03:00:00,MTR-008,7.3848,10.0688,1,sudden_spike,robust_zscore,high
2023-08-23 06:00:00,MTR-006,27.6001,19.0316,1,sudden_spike,robust_zscore,high
2023-08-23 10:00:00,MTR-007,10.0499,32.6637,1,sudden_spike,robust_zscore,high
2023-08-23 14:00:00,MTR-003,11.0885,6.2109,1,abnormal_meter_behaviour,isolation_forest,high
2023-08-23 17:00:00,MTR-006,13.6534,6.0821,1,abnormal_meter_behaviour,isolation_forest,high
2023-08-23 17:00:00,MTR-007,10.8571,20.1475,1,sudden_spike,robust_zscore,high
2023-08-23 17:00:00,MTR-009,16.4701,6.2993,1,abnormal_meter_behaviour,isolation_forest,high
2023-08-23 18:00:00,MTR-006,14.3788,6.4275,1,abnormal_meter_behaviour,isolation_forest,high
2023-08-23 18:00:00,MTR-009,18.8499,6.6863,1,abnormal_meter_behaviour,isolation_forest,high
2023-08-24 06:00:00,MTR-006,1.1615,-4.7484,1,low_consumption,robust_zscore,medium
2023-08-24 09:00:00,MTR-010,0.2803,-7.6929,1,low_consumption,robust_zscore,high
2023-08-24 13:00:00,MTR-006,42.5589,22.9706,1,sudden_spike,robust_zscore,high
2023-08-24 16:00:00,MTR-009,14.8388,6.064,1,abnormal_meter_behaviour,isolation_forest,high
2023-08-24 17:00:00,MTR-009,18.3581,6.2194,1,abnormal_meter_behaviour,isolation_forest,high
2023-08-24 18:00:00,MTR-011,1.2499,-4.354,1,low_consumption,robust_zscore,medium
2023-08-25 13:00:00,MTR-003,9.9725,5.9889,1,abnormal_meter_behaviour,isolation_forest,medium
2023-08-25 15:00:00,MTR-009,12.478,6.0275,1,abnormal_meter_behaviour,isolation_forest,high
2023-08-25 19:00:00,MTR-004,0.763,-5.6953,1,low_consumption,robust_zscore,medium
2023-08-25 19:00:00,MTR-009,16.977,6.0412,1,abnormal_meter_behaviour,isolation_forest,high
2023-08-26 01:00:00,MTR-010,0.1367,-4.7371,1,low_consumption,robust_zscore,medium
2023-08-26 04:00:00,MTR-003,0.383,-4.6982,1,low_consumption,robust_zscore,medium
2023-08-26 12:00:00,MTR-007,0.5082,-5.8507,1,low_consumption,robust_zscore,medium
2023-08-26 17:00:00,MTR-004,5.1329,3.3302,1,high_consumption,robust_zscore,low
2023-08-26 18:00:00,MTR-005,21.2056,9.1163,1,sudden_spike,robust_zscore,high
2023-08-26 18:00:00,MTR-011,16.8296,6.9368,1,sudden_spike,robust_zscore,high
2023-08-26 20:00:00,MTR-010,0.6106,-5.6467,1,low_consumption,robust_zscore,medium
2023-08-26 21:00:00,MTR-002,0.7205,-4.7793,1,low_consumption,robust_zscore,medium
2023-08-27 12:00:00,MTR-010,0.4965,-5.4293,1,low_consumption,robust_zscore,medium
2023-08-28 08:00:00,MTR-001,7.2408,18.5722,1,sudden_spike,robust_zscore,high
2023-08-28 10:00:00,MTR-012,25.2292,9.5992,1,sudden_spike,robust_zscore,high
2023-08-28 12:00:00,MTR-010,0.4709,-5.5369,1,low_consumption,robust_zscore,medium
2023-08-28 15:00:00,MTR-009,14.8483,6.3178,1,abnormal_meter_behaviour,isolation_forest,high
2023-08-28 16:00:00,MTR-009,45.5096,6.4292,1,abnormal_meter_behaviour,isolation_forest,high
2023-08-28 16:00:00,MTR-009,45.5096,13.7121,1,sudden_spike,robust_zscore,high
2023-08-28 18:00:00,MTR-009,17.3789,6.3701,1,abnormal_meter_behaviour,isolation_forest,high
2023-08-29 05:00:00,MTR-005,0.632,-4.064,1,low_consumption,robust_zscore,medium
2023-08-29 11:00:00,MTR-010,0.3662,-5.8004,1,low_consumption,robust_zscore,medium
2023-08-29 17:00:00,MTR-003,15.0123,6.0063,1,abnormal_meter_behaviour,isolation_forest,high
2023-08-29 17:00:00,MTR-009,20.2043,6.3265,1,abnormal_meter_behaviour,isolation_forest,high
2023-08-29 17:00:00,MTR-012,14.0862,6.0864,1,abnormal_meter_behaviour,isolation_forest,high
2023-08-29 18:00:00,MTR-006,14.293,6.1586,1,abnormal_meter_behaviour,isolation_forest,high
2023-08-29 18:00:00,MTR-009,20.4507,6.595,1,abnormal_meter_behaviour,isolation_forest,high
2023-08-30 16:00:00,MTR-009,14.1234,5.9999,1,abnormal_meter_behaviour,isolation_forest,medium
2023-08-30 17:00:00,MTR-009,19.9513,6.2437,1,abnormal_meter_behaviour,isolation_forest,high
2023-08-30 18:00:00,MTR-009,17.9016,6.6734,1,abnormal_meter_behaviour,isolation_forest,high
2023-08-31 00:00:00,MTR-003,0.3596,-4.261,1,low_consumption,robust_zscore,medium
2023-08-31 03:00:00,MTR-001,2.3152,11.6189,1,sudden_spike,robust_zscore,high
2023-08-31 17:00:00,MTR-006,15.5632,6.2502,1,abnormal_meter_behaviour,isolation_forest,high
2023-08-31 17:00:00,MTR-009,18.3456,6.3575,1,abnormal_meter_behaviour,isolation_forest,high
2023-08-31 18:00:00,MTR-009,18.7788,6.3536,1,abnormal_meter_behaviour,isolation_forest,high
2023-08-31 18:00:00,MTR-012,14.8603,6.2911,1,abnormal_meter_behaviour,isolation_forest,high
2023-09-01 13:00:00,MTR-004,0.3822,-5.7728,1,low_consumption,robust_zscore,medium
2023-09-01 17:00:00,MTR-006,15.2429,5.9956,1,abnormal_meter_behaviour,isolation_forest,medium
2023-09-01 17:00:00,MTR-009,20.6321,6.2762,1,abnormal_meter_behaviour,isolation_forest,high
2023-09-01 19:00:00,MTR-009,16.3736,6.4874,1,abnormal_meter_behaviour,isolation_forest,high
2023-09-01 22:00:00,MTR-004,4.0102,18.4574,1,sudden_spike,robust_zscore,high
2023-09-04 00:00:00,MTR-008,5.0802,12.2709,1,sudden_spike,robust_zscore,high
2023-09-04 06:00:00,MTR-010,6.2969,21.6758,1,sudden_spike,robust_zscore,high
2023-09-04 10:00:00,MTR-001,6.9934,17.6905,1,sudden_spike,robust_zscore,high
2023-09-04 15:00:00,MTR-009,14.7842,6.0023,1,abnormal_meter_behaviour,isolation_forest,high
2023-09-04 16:00:00,MTR-009,15.381,6.2993,1,abnormal_meter_behaviour,isolation_forest,high
2023-09-04 17:00:00,MTR-003,14.8167,6.2572,1,abnormal_meter_behaviour,isolation_forest,high
2023-09-04 17:00:00,MTR-006,14.7674,6.4174,1,abnormal_meter_behaviour,isolation_forest,high
2023-09-04 17:00:00,MTR-009,18.1165,7.0085,1,abnormal_meter_behaviour,isolation_forest,high
2023-09-04 17:00:00,MTR-012,15.3506,6.0173,1,abnormal_meter_behaviour,isolation_forest,high
2023-09-04 18:00:00,MTR-009,16.3099,6.2098,1,abnormal_meter_behaviour,isolation_forest,high
2023-09-04 20:00:00,MTR-009,13.7216,6.042,1,abnormal_meter_behaviour,isolation_forest,high
2023-09-05 01:00:00,MTR-004,0.1069,-6.15,1,low_consumption,robust_zscore,high
2023-09-05 04:00:00,MTR-006,14.5913,11.2532,1,sudden_spike,robust_zscore,high
2023-09-05 05:00:00,MTR-004,6.322,19.912,1,sudden_spike,robust_zscore,high
2023-09-05 10:00:00,MTR-005,27.5594,20.6942,1,sudden_spike,robust_zscore,high
2023-09-05 17:00:00,MTR-009,16.6212,6.1621,1,abnormal_meter_behaviour,isolation_forest,high
2023-09-05 18:00:00,MTR-001,0.6705,-6.0496,1,low_consumption,robust_zscore,high
2023-09-05 18:00:00,MTR-003,14.8243,6.2382,1,abnormal_meter_behaviour,isolation_forest,high
2023-09-05 18:00:00,MTR-009,18.5489,6.66,1,abnormal_meter_behaviour,isolation_forest,high
2023-09-06 05:00:00,MTR-007,3.8201,12.8169,1,sudden_spike,robust_zscore,high
2023-09-06 09:00:00,MTR-009,1.4579,-4.5699,1,low_consumption,robust_zscore,medium
2023-09-06 11:00:00,MTR-008,1.5331,-3.5663,1,low_consumption,robust_zscore,low
2023-09-06 15:00:00,MTR-009,14.5103,6.1744,1,abnormal_meter_behaviour,isolation_forest,high
2023-09-06 17:00:00,MTR-009,17.6442,5.9845,1,abnormal_meter_behaviour,isolation_forest,medium
2023-09-06 17:00:00,MTR-012,13.5533,6.082,1,abnormal_meter_behaviour,isolation_forest,high
2023-09-06 20:00:00,MTR-001,6.3148,13.8977,1,sudden_spike,robust_zscore,high
2023-09-06 22:00:00,MTR-006,13.0272,12.319,1,sudden_spike,robust_zscore,high
2023-09-07 04:00:00,MTR-005,0.3172,-4.1911,1,low_consumption,robust_zscore,medium
2023-09-07 14:00:00,MTR-001,0.2454,-6.1954,1,low_consumption,robust_zscore,high
2023-09-07 15:00:00,MTR-005,21.1178,13.1253,1,sudden_spike,robust_zscore,high
2023-09-07 17:00:00,MTR-009,15.6895,6.019,1,abnormal_meter_behaviour,isolation_forest,high
2023-09-07 18:00:00,MTR-009,18.2788,6.458,1,abnormal_meter_behaviour,isolation_forest,high
2023-09-07 23:00:00,MTR-001,2.6994,22.3506,1,sudden_spike,robust_zscore,high
2023-09-08 02:00:00,MTR-012,11.5211,17.8521,1,sudden_spike,robust_zscore,high
2023-09-08 12:00:00,MTR-007,5.1874,16.2584,1,sudden_spike,robust_zscore,high
2023-09-09 08:00:00,MTR-012,1.3211,-4.5815,1,low_consumption,robust_zscore,medium
2023-09-09 22:00:00,MTR-010,1.7941398508319026,6.4603,1,sudden_spike,robust_zscore,high
2023-09-09 23:00:00,MTR-012,0.5083,-4.524,1,low_consumption,robust_zscore,medium
2023-09-10 02:00:00,MTR-011,4.1238,7.7411,1,sudden_spike,robust_zscore,high
2023-09-10 05:00:00,MTR-009,16.3957,7.7013,1,sudden_spike,robust_zscore,high
2023-09-10 05:00:00,MTR-011,8.2394,7.1533,1,sudden_spike,robust_zscore,high
2023-09-10 16:00:00,MTR-003,25.0139,6.2583,1,abnormal_meter_behaviour,isolation_forest,high
2023-09-10 16:00:00,MTR-003,25.0139,7.8434,1,sudden_spike,robust_zscore,high
2023-09-11 08:00:00,MTR-002,19.5532,11.6281,1,sudden_spike,robust_zscore,high
2023-09-11 12:00:00,MTR-005,12.3025,8.8742,1,sudden_spike,robust_zscore,high
2023-09-11 16:00:00,MTR-012,9.7338,6.1281,1,abnormal_meter_behaviour,isolation_forest,high
2023-09-11 17:00:00,MTR-003,15.1632,6.0897,1,abnormal_meter_behaviour,isolation_forest,high
2023-09-11 17:00:00,MTR-006,14.8008,6.2787,1,abnormal_meter_behaviour,isolation_forest,high
2023-09-11 17:00:00,MTR-009,17.8519,6.4301,1,abnormal_meter_behaviour,isolation_forest,high
2023-09-11 18:00:00,MTR-009,16.7338,6.2863,1,abnormal_meter_behaviour,isolation_forest,high
2023-09-11 21:00:00,MTR-010,4.6774,14.022,1,sudden_spike,robust_zscore,high
2023-09-12 08:00:00,MTR-004,8.4373,18.3059,1,sudden_spike,robust_zscore,high
2023-09-12 10:00:00,MTR-006,45.3958,6.2443,1,abnormal_meter_behaviour,isolation_forest,high
2023-09-12 10:00:00,MTR-006,45.3958,22.2976,1,sudden_spike,robust_zscore,high
2023-09-12 15:00:00,MTR-010,0.3098,-6.4736,1,low_consumption,robust_zscore,high
2023-09-12 17:00:00,MTR-003,15.3322,6.3957,1,abnormal_meter_behaviour,isolation_forest,high
2023-09-12 17:00:00,MTR-009,16.4085,6.0751,1,abnormal_meter_behaviour,isolation_forest,high
2023-09-12 17:00:00,MTR-012,58.7323,6.3279,1,abnormal_meter_behaviour,isolation_forest,high
2023-09-12 17:00:00,MTR-012,58.7323,22.6219,1,sudden_spike,robust_zscore,high
2023-09-12 18:00:00,MTR-009,16.5893,6.0672,1,abnormal_meter_behaviour,isolation_forest,high
2023-09-12 20:00:00,MTR-009,32.3744,6.3332,1,abnormal_meter_behaviour,isolation_forest,high
2023-09-12 20:00:00,MTR-009,32.3744,10.6003,1,sudden_spike,robust_zscore,high
2023-09-12 22:00:00,MTR-007,0.1494,-7.0076,1,low_consumption,robust_zscore,high
2023-09-13 13:00:00,MTR-009,1.1417,-4.3181,1,low_consumption,robust_zscore,medium
2023-09-13 15:00:00,MTR-007,0.2986,-6.0931,1,low_consumption,robust_zscore,high
2023-09-13 17:00:00,MTR-009,20.6437,6.3159,1,abnormal_meter_behaviour,isolation_forest,high
2023-09-13 18:00:00,MTR-009,16.1334,6.0134,1,abnormal_meter_behaviour,isolation_forest,high
2023-09-14 12:00:00,MTR-006,1.277,-4.2859,1,low_consumption,robust_zscore,medium
2023-09-15 16:00:00,MTR-009,14.4653,6.4253,1,abnormal_meter_behaviour,isolation_forest,high
2023-09-15 17:00:00,MTR-009,15.8188,6.2449,1,abnormal_meter_behaviour,isolation_forest,high
2023-09-15 22:00:00,MTR-001,3.3069,15.9533,1,sudden_spike,robust_zscore,high
2023-09-15 22:00:00,MTR-002,9.3361,13.3632,1,sudden_spike,robust_zscore,high
2023-09-15 23:00:00,MTR-005,8.1217,17.3344,1,sudden_spike,robust_zscore,high
2023-09-16 08:00:00,MTR-002,0.8238,-4.4187,1,low_consumption,robust_zscore,medium
2023-09-16 16:00:00,MTR-006,27.681,10.0603,1,sudden_spike,robust_zscore,high
2023-09-16 17:00:00,MTR-007,1.7639752522935772,-3.2172,1,low_consumption,robust_zscore,low
2023-09-16 23:00:00,MTR-005,4.4105,6.9886,1,sudden_spike,robust_zscore,high
2023-09-17 16:00:00,MTR-008,1.0039,-4.1945,1,low_consumption,robust_zscore,medium
2023-09-17 18:00:00,MTR-009,36.6816,6.1136,1,abnormal_meter_behaviour,isolation_forest,high
2023-09-17 18:00:00,MTR-009,36.6816,7.3925,1,sudden_spike,robust_zscore,high
2023-09-18 00:00:00,MTR-001,1.5409,13.2115,1,sudden_spike,robust_zscore,high
2023-09-18 03:00:00,MTR-008,9.1786,13.6745,1,sudden_spike,robust_zscore,high
2023-09-18 05:00:00,MTR-006,1.1968,-4.2882,1,low_consumption,robust_zscore,medium
2023-09-18 05:00:00,MTR-007,5.3719,20.915,1,sudden_spike,robust_zscore,high
2023-09-18 16:00:00,MTR-004,10.2935,20.3337,1,sudden_spike,robust_zscore,high
2023-09-18 17:00:00,MTR-005,34.929,17.4522,1,sudden_spike,robust_zscore,high
2023-09-19 01:00:00,MTR-008,0.2065,-4.3612,1,low_consumption,robust_zscore,medium
2023-09-19 01:00:00,MTR-010,1.4819,10.8393,1,sudden_spike,robust_zscore,high
2023-09-19 05:00:00,MTR-011,10.3138,10.2267,1,sudden_spike,robust_zscore,high
2023-09-19 17:00:00,MTR-009,16.4791,6.1639,1,abnormal_meter_behaviour,isolation_forest,high
2023-09-19 23:00:00,MTR-005,4.608555256219183,7.5407,1,sudden_spike,robust_zscore,high
2023-09-20 08:00:00,MTR-002,0.4733,-4.719,1,low_consumption,robust_zscore,medium
2023-09-20 16:00:00,MTR-009,12.9034,6.1078,1,abnormal_meter_behaviour,isolation_forest,high
2023-09-20 17:00:00,MTR-009,18.8921,6.0369,1,abnormal_meter_behaviour,isolation_forest,high
2023-09-21 07:00:00,MTR-005,25.2436,17.9738,1,sudden_spike,robust_zscore,high
2023-09-21 12:00:00,MTR-011,19.6821,19.4095,1,sudden_spike,robust_zscore,high
2023-09-21 15:00:00,MTR-006,10.6751,6.0464,1,abnormal_meter_behaviour,isolation_forest,high
2023-09-22 03:00:00,MTR-004,0.2177,-5.8208,1,low_consumption,robust_zscore,medium
2023-09-22 04:00:00,MTR-004,3.4218,10.2693,1,sudden_spike,robust_zscore,high
2023-09-22 06:00:00,MTR-011,16.117,16.5656,1,sudden_spike,robust_zscore,high
2023-09-22 09:00:00,MTR-012,33.9476,14.8318,1,sudden_spike,robust_zscore,high
2023-09-22 14:00:00,MTR-006,24.9812,9.5281,1,sudden_spike,robust_zscore,high
2023-09-22 14:00:00,MTR-009,41.3048,14.7087,1,sudden_spike,robust_zscore,high
2023-09-22 15:00:00,MTR-009,13.1743,6.456,1,abnormal_meter_behaviour,isolation_forest,high
2023-09-22 17:00:00,MTR-009,16.757,6.279,1,abnormal_meter_behaviour,isolation_forest,high
2023-09-22 22:00:00,MTR-012,10.2679,9.1071,1,sudden_spike,robust_zscore,high
2023-09-23 02:00:00,MTR-001,2.5363,18.9663,1,sudden_spike,robust_zscore,high
2023-09-23 05:00:00,MTR-008,12.172,11.642,1,sudden_spike,robust_zscore,high
2023-09-23 10:00:00,MTR-004,0.3638,-7.1105,1,low_consumption,robust_zscore,high
2023-09-23 12:00:00,MTR-006,17.7064,7.5767,1,sudden_spike,robust_zscore,high
2023-09-23 19:00:00,MTR-003,1.6867,-4.4706,1,low_consumption,robust_zscore,medium
2023-09-24 19:00:00,MTR-006,0.8142,-4.661,1,low_consumption,robust_zscore,medium
2023-09-24 23:00:00,MTR-002,4.4865,7.2747,1,sudden_spike,robust_zscore,high
2023-09-25 02:00:00,MTR-003,0.2562,-4.8509,1,low_consumption,robust_zscore,medium
2023-09-25 16:00:00,MTR-009,14.0227,6.226,1,abnormal_meter_behaviour,isolation_forest,high
2023-09-25 17:00:00,MTR-009,17.121,5.9957,1,abnormal_meter_behaviour,isolation_forest,medium
2023-09-25 19:00:00,MTR-009,14.3873,6.2537,1,abnormal_meter_behaviour,isolation_forest,high
2023-09-26 03:00:00,MTR-002,0.3751,-4.7981,1,low_consumption,robust_zscore,medium
2023-09-26 07:00:00,MTR-011,20.0878,14.4333,1,sudden_spike,robust_zscore,high
2023-09-26 18:00:00,MTR-003,14.0259,6.0947,1,abnormal_meter_behaviour,isolation_forest,high
2023-09-26 18:00:00,MTR-009,17.6029,6.2509,1,abnormal_meter_behaviour,isolation_forest,high
2023-09-26 18:00:00,MTR-012,13.9877,6.0142,1,abnormal_meter_behaviour,isolation_forest,high
2023-09-26 20:00:00,MTR-008,18.3084,12.2077,1,sudden_spike,robust_zscore,high
2023-09-27 23:00:00,MTR-001,1.803051909184729,12.1896,1,sudden_spike,robust_zscore,high
2023-09-29 07:00:00,MTR-009,34.1479,11.3989,1,sudden_spike,robust_zscore,high
2023-09-29 23:00:00,MTR-007,2.6264,24.4355,1,sudden_spike,robust_zscore,high
2023-09-30 05:00:00,MTR-004,4.4147,11.8084,1,sudden_spike,robust_zscore,high
2023-09-30 05:00:00,MTR-012,11.1532,5.2946,1,high_consumption,robust_zscore,medium
2023-09-30 17:00:00,MTR-010,0.6268,-5.7376,1,low_consumption,robust_zscore,medium
2023-09-30 21:00:00,MTR-001,6.8729,24.5859,1,sudden_spike,robust_zscore,high
2023-10-01 05:00:00,MTR-005,8.5532,6.6602,1,sudden_spike,robust_zscore,high
2023-10-01 23:00:00,MTR-010,2.3572,18.5397,1,sudden_spike,robust_zscore,high
2023-10-02 00:00:00,MTR-004,2.286,19.9394,1,sudden_spike,robust_zscore,high
2023-10-02 02:00:00,MTR-009,8.802393522127964,7.8646,1,sudden_spike,robust_zscore,high
2023-10-02 08:00:00,MTR-006,32.4561,13.0193,1,sudden_spike,robust_zscore,high
2023-10-02 13:00:00,MTR-003,16.8648,6.1344,1,sudden_spike,robust_zscore,high
2023-10-02 17:00:00,MTR-003,51.1385,6.1869,1,abnormal_meter_behaviour,isolation_forest,high
2023-10-02 17:00:00,MTR-003,51.1385,16.0282,1,sudden_spike,robust_zscore,high
2023-10-03 04:00:00,MTR-001,3.7463,15.8879,1,sudden_spike,robust_zscore,high
2023-10-03 14:00:00,MTR-007,7.3994,17.4428,1,sudden_spike,robust_zscore,high
2023-10-03 21:00:00,MTR-005,15.8508,13.1878,1,sudden_spike,robust_zscore,high
2023-10-04 19:00:00,MTR-008,33.8567,18.7994,1,sudden_spike,robust_zscore,high
2023-10-04 23:00:00,MTR-010,1.7751,11.9019,1,sudden_spike,robust_zscore,high
2023-10-05 06:00:00,MTR-008,0.8394,-4.2815,1,low_consumption,robust_zscore,medium
2023-10-05 09:00:00,MTR-003,39.1911,16.9467,1,sudden_spike,robust_zscore,high
2023-10-05 15:00:00,MTR-001,7.322,15.5754,1,sudden_spike,robust_zscore,high
2023-10-05 19:00:00,MTR-002,0.3124,-5.0231,1,low_consumption,robust_zscore,medium
2023-10-05 19:00:00,MTR-006,43.7879,15.4622,1,sudden_spike,robust_zscore,high
2023-10-06 06:00:00,MTR-011,11.8667,10.7992,1,sudden_spike,robust_zscore,high
2023-10-06 11:00:00,MTR-006,21.4834,11.6746,1,sudden_spike,robust_zscore,high
2023-10-06 23:00:00,MTR-008,5.4069,8.6997,1,sudden_spike,robust_zscore,high
2023-10-07 03:00:00,MTR-001,3.7589,23.3017,1,sudden_spike,robust_zscore,high
2023-10-07 09:00:00,MTR-005,10.8709,4.6848,1,high_consumption,robust_zscore,medium
2023-10-07 17:00:00,MTR-008,21.6983,8.8359,1,sudden_spike,robust_zscore,high
2023-10-07 21:00:00,MTR-008,9.4393,4.9234,1,high_consumption,robust_zscore,medium
2023-10-08 10:00:00,MTR-008,11.3153,4.7295,1,high_consumption,robust_zscore,medium
2023-10-08 16:00:00,MTR-009,32.4634,8.3961,1,sudden_spike,robust_zscore,high
2023-10-08 20:00:00,MTR-012,0.4049,-5.0546,1,low_consumption,robust_zscore,medium
2023-10-09 03:00:00,MTR-002,9.1385,16.7979,1,sudden_spike,robust_zscore,high
2023-10-09 18:00:00,MTR-009,15.5582,6.3399,1,abnormal_meter_behaviour,isolation_forest,high
2023-10-09 19:00:00,MTR-005,20.1065,9.9053,1,sudden_spike,robust_zscore,high
2023-10-10 02:00:00,MTR-006,10.0972,14.0426,1,sudden_spike,robust_zscore,high
2023-10-10 05:00:00,MTR-005,0.4065,-4.3693,1,low_consumption,robust_zscore,medium
2023-10-10 13:00:00,MTR-004,6.8386,14.4632,1,sudden_spike,robust_zscore,high
2023-10-10 21:00:00,MTR-006,1.0488,-4.3637,1,low_consumption,robust_zscore,medium
2023-10-11 01:00:00,MTR-004,2.101415075088851,17.1854,1,sudden_spike,robust_zscore,high
2023-10-11 02:00:00,MTR-004,2.9217,19.5466,1,sudden_spike,robust_zscore,high
2023-10-11 04:00:00,MTR-009,20.0324,14.2016,1,sudden_spike,robust_zscore,high
2023-10-11 12:00:00,MTR-008,0.3496,-5.0159,1,low_consumption,robust_zscore,medium
2023-10-11 17:00:00,MTR-001,7.4178,9.5179,1,sudden_spike,robust_zscore,high
2023-10-12 00:00:00,MTR-012,7.8723,13.219,1,sudden_spike,robust_zscore,high
2023-10-12 07:00:00,MTR-002,26.1041,19.5676,1,sudden_spike,robust_zscore,high
2023-10-12 17:00:00,MTR-009,15.9149,6.3176,1,abnormal_meter_behaviour,isolation_forest,high
2023-10-13 04:00:00,MTR-005,0.4309,-4.0121,1,low_consumption,robust_zscore,medium
2023-10-13 12:00:00,MTR-012,20.4443,10.3608,1,sudden_spike,robust_zscore,high
2023-10-13 17:00:00,MTR-012,48.4796,6.3889,1,abnormal_meter_behaviour,isolation_forest,high
2023-10-13 17:00:00,MTR-012,48.4796,17.6263,1,sudden_spike,robust_zscore,high
2023-10-14 04:00:00,MTR-010,1.7941398508319026,4.164,1,high_consumption,robust_zscore,medium
2023-10-14 07:00:00,MTR-002,15.0904,8.9249,1,sudden_spike,robust_zscore,high
2023-10-14 13:00:00,MTR-008,0.2438,-4.9718,1,low_consumption,robust_zscore,medium
2023-10-14 23:00:00,MTR-002,0.1093,-5.2222,1,low_consumption,robust_zscore,medium
2023-10-15 08:00:00,MTR-010,6.5044,15.9528,1,sudden_spike,robust_zscore,high
2023-10-15 12:00:00,MTR-010,4.2908,10.511,1,sudden_spike,robust_zscore,high
2023-10-16 01:00:00,MTR-011,0.0725,-4.893,1,low_consumption,robust_zscore,medium
2023-10-16 08:00:00,MTR-002,0.9628,-4.2996,1,low_consumption,robust_zscore,medium
2023-10-16 08:00:00,MTR-009,30.2087,9.055,1,sudden_spike,robust_zscore,high
2023-10-16 13:00:00,MTR-011,17.7725,14.5199,1,sudden_spike,robust_zscore,high
2023-10-16 14:00:00,MTR-009,2.14,-3.8982,1,low_consumption,robust_zscore,low
2023-10-16 20:00:00,MTR-002,0.4934,-4.7037,1,low_consumption,robust_zscore,medium
2023-10-17 06:00:00,MTR-011,14.396,14.2307,1,sudden_spike,robust_zscore,high
2023-10-18 02:00:00,MTR-010,2.4854,18.5289,1,sudden_spike,robust_zscore,high
2023-10-18 09:00:00,MTR-012,33.6461,14.6538,1,sudden_spike,robust_zscore,high
2023-10-18 14:00:00,MTR-002,19.6898,14.364,1,sudden_spike,robust_zscore,high
2023-10-19 05:00:00,MTR-008,18.0695,19.8488,1,sudden_spike,robust_zscore,high
2023-10-19 12:00:00,MTR-003,23.4372,11.8989,1,sudden_spike,robust_zscore,high
2023-10-20 17:00:00,MTR-012,0.8603,-5.5759,1,low_consumption,robust_zscore,medium
2023-10-20 18:00:00,MTR-011,31.3962,17.4934,1,sudden_spike,robust_zscore,high
2023-10-20 19:00:00,MTR-009,0.8474,-4.8068,1,low_consumption,robust_zscore,medium
2023-10-21 01:00:00,MTR-002,0.2169,-4.2962,1,low_consumption,robust_zscore,medium
2023-10-21 03:00:00,MTR-010,0.1317,-6.236,1,low_consumption,robust_zscore,high
2023-10-22 23:00:00,MTR-006,7.23,7.515,1,sudden_spike,robust_zscore,high
2023-10-23 00:00:00,MTR-001,0.0991,-6.2187,1,low_consumption,robust_zscore,high
2023-10-23 04:00:00,MTR-003,19.3754,16.8714,1,sudden_spike,robust_zscore,high
2023-10-23 09:00:00,MTR-010,4.6649,9.6473,1,sudden_spike,robust_zscore,high
2023-10-23 15:00:00,MTR-004,0.2424,-6.8402,1,low_consumption,robust_zscore,high
2023-10-24 03:00:00,MTR-003,10.4418,10.9817,1,sudden_spike,robust_zscore,high
2023-10-24 05:00:00,MTR-011,0.4752,-4.35,1,low_consumption,robust_zscore,medium
2023-10-24 07:00:00,MTR-010,7.522,20.3968,1,sudden_spike,robust_zscore,high
2023-10-24 17:00:00,MTR-009,16.4591,6.2283,1,abnormal_meter_behaviour,isolation_forest,high
2023-10-25 21:00:00,MTR-007,0.2926,-8.2601,1,low_consumption,robust_zscore,high
2023-10-26 01:00:00,MTR-003,7.03008936682726,11.5599,1,sudden_spike,robust_zscore,high
2023-10-26 17:00:00,MTR-009,14.4338,6.1408,1,abnormal_meter_behaviour,isolation_forest,high
2023-10-27 08:00:00,MTR-009,1.8921,-4.4342,1,low_consumption,robust_zscore,medium
2023-10-27 16:00:00,MTR-010,0.5541,-5.2707,1,low_consumption,robust_zscore,medium
2023-10-27 18:00:00,MTR-005,0.5427,-4.9012,1,low_consumption,robust_zscore,medium
2023-10-28 01:00:00,MTR-008,3.6008,7.5381,1,sudden_spike,robust_zscore,high
2023-10-28 14:00:00,MTR-011,10.0996,5.4797,1,high_consumption,robust_zscore,medium
2023-10-28 17:00:00,MTR-007,0.6317,-6.1266,1,low_consumption,robust_zscore,high
2023-10-28 23:00:00,MTR-006,8.5581,9.8122,1,sudden_spike,robust_zscore,high
2023-10-29 12:00:00,MTR-005,0.2812,-5.1406,1,low_consumption,robust_zscore,medium
2023-10-29 13:00:00,MTR-008,11.7825,6.5873,1,sudden_spike,robust_zscore,high
2023-10-29 13:00:00,MTR-011,8.6174,4.4109,1,high_consumption,robust_zscore,medium
2023-10-30 00:00:00,MTR-003,0.4551,-4.0413,1,low_consumption,robust_zscore,medium
2023-10-30 09:00:00,MTR-003,0.7834,-4.4913,1,low_consumption,robust_zscore,medium
2023-10-30 14:00:00,MTR-011,0.8483,-4.6337,1,low_consumption,robust_zscore,medium
2023-10-30 15:00:00,MTR-012,0.8754,-4.5729,1,low_consumption,robust_zscore,medium
2023-10-30 20:00:00,MTR-011,20.6851,14.5616,1,sudden_spike,robust_zscore,high
2023-10-31 20:00:00,MTR-011,0.5857,-4.7172,1,low_consumption,robust_zscore,medium
2023-11-01 09:00:00,MTR-008,22.0284,14.2407,1,sudden_spike,robust_zscore,high
2023-11-01 22:00:00,MTR-011,0.2131,-4.8358,1,low_consumption,robust_zscore,medium
2023-11-01 23:00:00,MTR-002,4.706682036271814,7.9033,1,sudden_spike,robust_zscore,high
2023-11-02 06:00:00,MTR-010,0.2293,-6.1174,1,low_consumption,robust_zscore,high
2023-11-02 13:00:00,MTR-004,0.1665,-6.4489,1,low_consumption,robust_zscore,high
2023-11-03 19:00:00,MTR-008,1.818,-3.8003,1,low_consumption,robust_zscore,low
2023-11-04 00:00:00,MTR-008,0.2739,-4.2647,1,low_consumption,robust_zscore,medium
2023-11-04 03:00:00,MTR-010,3.4711,21.6229,1,sudden_spike,robust_zscore,high
2023-11-04 06:00:00,MTR-010,5.5285,18.1561,1,sudden_spike,robust_zscore,high
2023-11-05 09:00:00,MTR-005,15.5453,9.0889,1,sudden_spike,robust_zscore,high
2023-11-06 07:00:00,MTR-009,13.3976,6.1349,1,abnormal_meter_behaviour,isolation_forest,high
2023-11-06 10:00:00,MTR-011,16.4922,10.586,1,sudden_spike,robust_zscore,high
2023-11-06 11:00:00,MTR-001,0.3217,-6.9028,1,low_consumption,robust_zscore,high
2023-11-06 19:00:00,MTR-009,15.7015,6.2401,1,abnormal_meter_behaviour,isolation_forest,high
2023-11-07 17:00:00,MTR-001,0.3031,-6.1619,1,low_consumption,robust_zscore,high
2023-11-07 18:00:00,MTR-009,16.1997,6.2874,1,abnormal_meter_behaviour,isolation_forest,high
2023-11-07 19:00:00,MTR-002,25.3568,13.5143,1,sudden_spike,robust_zscore,high
2023-11-07 22:00:00,MTR-009,8.802393522127964,3.761,1,high_consumption,robust_zscore,low
2023-11-08 01:00:00,MTR-007,0.1433,-4.8803,1,low_consumption,robust_zscore,medium
2023-11-08 07:00:00,MTR-005,28.5999,21.0692,1,sudden_spike,robust_zscore,high
2023-11-08 13:00:00,MTR-010,4.3043,8.623,1,sudden_spike,robust_zscore,high
2023-11-08 16:00:00,MTR-010,5.6009,9.2733,1,sudden_spike,robust_zscore,high
2023-11-08 17:00:00,MTR-009,17.3887,6.0906,1,abnormal_meter_behaviour,isolation_forest,high
2023-11-08 19:00:00,MTR-009,14.3012,6.0243,1,abnormal_meter_behaviour,isolation_forest,high
2023-11-08 20:00:00,MTR-011,0.8281,-4.4847,1,low_consumption,robust_zscore,medium
2023-11-08 22:00:00,MTR-001,0.1403,-6.1112,1,low_consumption,robust_zscore,high
2023-11-09 03:00:00,MTR-010,0.1483,-6.0975,1,low_consumption,robust_zscore,high
2023-11-09 08:00:00,MTR-009,12.9095,6.0039,1,abnormal_meter_behaviour,isolation_forest,high
2023-11-09 11:00:00,MTR-003,24.3348,13.8812,1,sudden_spike,robust_zscore,high
2023-11-09 17:00:00,MTR-005,27.4794,12.6203,1,sudden_spike,robust_zscore,high
2023-11-09 18:00:00,MTR-001,8.1647,13.7033,1,sudden_spike,robust_zscore,high
2023-11-09 18:00:00,MTR-005,30.4495,6.0579,1,abnormal_meter_behaviour,isolation_forest,high
2023-11-09 18:00:00,MTR-005,30.4495,15.3873,1,sudden_spike,robust_zscore,high
2023-11-09 20:00:00,MTR-003,24.9062,9.84,1,sudden_spike,robust_zscore,high
2023-11-09 21:00:00,MTR-003,29.4495,16.0591,1,sudden_spike,robust_zscore,high
2023-11-10 03:00:00,MTR-002,0.1684,-5.3075,1,low_consumption,robust_zscore,medium
2023-11-10 10:00:00,MTR-004,11.6878,29.4784,1,sudden_spike,robust_zscore,high
2023-11-10 18:00:00,MTR-009,15.6429,5.989,1,abnormal_meter_behaviour,isolation_forest,medium
2023-11-11 00:00:00,MTR-006,6.9119,10.0559,1,sudden_spike,robust_zscore,high
2023-11-11 00:00:00,MTR-008,3.9067,8.2336,1,sudden_spike,robust_zscore,high
2023-11-11 02:00:00,MTR-012,0.5443,-4.0882,1,low_consumption,robust_zscore,medium
2023-11-11 03:00:00,MTR-006,11.4781,11.5741,1,sudden_spike,robust_zscore,high
2023-11-11 08:00:00,MTR-009,1.365,-4.6853,1,low_consumption,robust_zscore,medium
2023-11-11 18:00:00,MTR-010,0.5785,-6.379,1,low_consumption,robust_zscore,high
2023-11-11 21:00:00,MTR-002,9.7506,5.9941,1,high_consumption,robust_zscore,medium
2023-11-11 21:00:00,MTR-006,17.4052,7.2859,1,sudden_spike,robust_zscore,high
2023-11-12 03:00:00,MTR-007,2.4975,12.4716,1,sudden_spike,robust_zscore,high
2023-11-12 12:00:00,MTR-009,0.9922,-4.9272,1,low_consumption,robust_zscore,medium
2023-11-12 22:00:00,MTR-001,4.3635,23.3156,1,sudden_spike,robust_zscore,high
2023-11-13 05:00:00,MTR-001,5.5668,20.5081,1,sudden_spike,robust_zscore,high
2023-11-13 05:00:00,MTR-012,26.6979,19.8426,1,sudden_spike,robust_zscore,high
2023-11-13 13:00:00,MTR-003,1.0992,-4.1871,1,low_consumption,robust_zscore,medium
2023-11-13 16:00:00,MTR-003,39.6216,6.0493,1,abnormal_meter_behaviour,isolation_forest,high
2023-11-13 16:00:00,MTR-003,39.6216,15.1962,1,sudden_spike,robust_zscore,high
2023-11-13 17:00:00,MTR-009,15.5814,6.0956,1,abnormal_meter_behaviour,isolation_forest,high
2023-11-13 20:00:00,MTR-005,25.7999,17.1447,1,sudden_spike,robust_zscore,high
2023-11-14 06:00:00,MTR-003,32.351,21.7215,1,sudden_spike,robust_zscore,high
2023-11-14 08:00:00,MTR-007,5.8282,12.8858,1,sudden_spike,robust_zscore,high
2023-11-14 08:00:00,MTR-008,21.6685,13.7588,1,sudden_spike,robust_zscore,high
2023-11-14 14:00:00,MTR-012,1.5281,-4.1861,1,low_consumption,robust_zscore,medium
2023-11-14 15:00:00,MTR-005,1.0411,-4.1272,1,low_consumption,robust_zscore,medium
2023-11-14 19:00:00,MTR-006,26.9402,7.5729,1,sudden_spike,robust_zscore,high
2023-11-14 23:00:00,MTR-011,0.1109,-5.2628,1,low_consumption,robust_zscore,medium
2023-11-15 08:00:00,MTR-007,0.4604,-6.1196,1,low_consumption,robust_zscore,high
2023-11-15 09:00:00,MTR-004,0.5841,-6.3003,1,low_consumption,robust_zscore,high
2023-11-15 11:00:00,MTR-008,13.0306,9.5944,1,sudden_spike,robust_zscore,high
2023-11-15 21:00:00,MTR-003,0.941,-4.3829,1,low_consumption,robust_zscore,medium
2023-11-16 10:00:00,MTR-011,0.8394,-4.2881,1,low_consumption,robust_zscore,medium
2023-11-17 00:00:00,MTR-007,0.0818,-6.0383,1,low_consumption,robust_zscore,high
2023-11-18 00:00:00,MTR-012,0.227,-4.6458,1,low_consumption,robust_zscore,medium
2023-11-18 01:00:00,MTR-007,0.0335,-6.2697,1,low_consumption,robust_zscore,high
2023-11-18 16:00:00,MTR-004,0.2202,-6.9364,1,low_consumption,robust_zscore,high
2023-11-18 23:00:00,MTR-001,1.0523,3.6791,1,high_consumption,robust_zscore,low
2023-11-19 05:00:00,MTR-010,4.4389,15.7712,1,sudden_spike,robust_zscore,high
2023-11-19 14:00:00,MTR-007,0.2677,-5.7113,1,low_consumption,robust_zscore,medium
2023-11-20 10:00:00,MTR-005,1.4749,-4.0927,1,low_consumption,robust_zscore,medium
2023-11-20 11:00:00,MTR-006,1.31,-4.5956,1,low_consumption,robust_zscore,medium
2023-11-20 17:00:00,MTR-009,16.7316,6.0541,1,abnormal_meter_behaviour,isolation_forest,high
2023-11-20 18:00:00,MTR-009,17.0691,6.0608,1,abnormal_meter_behaviour,isolation_forest,high
2023-11-20 19:00:00,MTR-003,1.4035,-4.6109,1,low_consumption,robust_zscore,medium
2023-11-21 00:00:00,MTR-005,4.35,10.1939,1,sudden_spike,robust_zscore,high
2023-11-21 01:00:00,MTR-002,0.2871,-4.0503,1,low_consumption,robust_zscore,medium
2023-11-21 02:00:00,MTR-001,1.803051909184729,11.5348,1,sudden_spike,robust_zscore,high
2023-11-21 11:00:00,MTR-008,0.6964,-4.524,1,low_consumption,robust_zscore,medium
2023-11-21 18:00:00,MTR-009,15.2467,6.4078,1,abnormal_meter_behaviour,isolation_forest,high
2023-11-22 09:00:00,MTR-006,44.3971,21.5431,1,sudden_spike,robust_zscore,high
2023-11-22 17:00:00,MTR-009,17.0446,6.0667,1,abnormal_meter_behaviour,isolation_forest,high
2023-11-22 20:00:00,MTR-002,24.7413,15.9231,1,sudden_spike,robust_zscore,high
2023-11-23 05:00:00,MTR-009,8.2557,6.0393,1,abnormal_meter_behaviour,isolation_forest,high
2023-11-24 08:00:00,MTR-012,28.2365,11.7567,1,sudden_spike,robust_zscore,high
2023-11-24 16:00:00,MTR-003,2.2048,-3.6376,1,low_consumption,robust_zscore,low
2023-11-24 21:00:00,MTR-003,0.6857,-4.5659,1,low_consumption,robust_zscore,medium
2023-11-25 00:00:00,MTR-001,2.8293,30.5744,1,sudden_spike,robust_zscore,high
2023-11-25 18:00:00,MTR-011,15.4683,5.9502,1,high_consumption,robust_zscore,medium
2023-11-26 03:00:00,MTR-002,0.15,-5.3528,1,low_consumption,robust_zscore,medium
2023-11-26 08:00:00,MTR-003,0.9805,-5.058,1,low_consumption,robust_zscore,medium
2023-11-26 21:00:00,MTR-001,0.4811,-6.1317,1,low_consumption,robust_zscore,high
2023-11-27 00:00:00,MTR-004,2.5028,22.5909,1,sudden_spike,robust_zscore,high
2023-11-27 08:00:00,MTR-007,0.199,-7.0452,1,low_consumption,robust_zscore,high
2023-11-27 08:00:00,MTR-008,27.7461,19.1153,1,sudden_spike,robust_zscore,high
2023-11-27 17:00:00,MTR-009,16.8468,6.3847,1,abnormal_meter_behaviour,isolation_forest,high
2023-11-28 02:00:00,MTR-005,0.3595,-4.2694,1,low_consumption,robust_zscore,medium
2023-11-28 04:00:00,MTR-001,0.1234,-6.2362,1,low_consumption,robust_zscore,high
2023-11-28 05:00:00,MTR-004,5.2813,15.4903,1,sudden_spike,robust_zscore,high
2023-11-28 10:00:00,MTR-009,0.7082,-5.0533,1,low_consumption,robust_zscore,medium
2023-11-28 12:00:00,MTR-004,0.2641,-6.5534,1,low_consumption,robust_zscore,high
2023-11-28 18:00:00,MTR-003,13.9605,6.1696,1,abnormal_meter_behaviour,isolation_forest,high
2023-11-29 06:00:00,MTR-002,0.4277,-4.6226,1,low_consumption,robust_zscore,medium
2023-11-29 07:00:00,MTR-009,13.7892,6.2996,1,abnormal_meter_behaviour,isolation_forest,high
2023-11-29 09:00:00,MTR-004,9.7498,22.5009,1,sudden_spike,robust_zscore,high
2023-11-29 17:00:00,MTR-009,16.9691,6.4398,1,abnormal_meter_behaviour,isolation_forest,high
2023-11-30 04:00:00,MTR-007,0.165,-5.2745,1,low_consumption,robust_zscore,medium
2023-11-30 15:00:00,MTR-003,29.1557,11.833,1,sudden_spike,robust_zscore,high
2023-11-30 21:00:00,MTR-012,25.9401,15.0545,1,sudden_spike,robust_zscore,high
2023-12-01 02:00:00,MTR-005,0.3789,-4.208,1,low_consumption,robust_zscore,medium
2023-12-01 03:00:00,MTR-011,10.9094,22.6584,1,sudden_spike,robust_zscore,high
2023-12-01 05:00:00,MTR-002,20.3068,6.2994,1,abnormal_meter_behaviour,isolation_forest,high
2023-12-01 05:00:00,MTR-002,20.3068,23.1984,1,sudden_spike,robust_zscore,high
2023-12-01 17:00:00,MTR-006,44.7646,12.7598,1,sudden_spike,robust_zscore,high
2023-12-01 17:00:00,MTR-009,17.3237,6.2154,1,abnormal_meter_behaviour,isolation_forest,high
2023-12-01 18:00:00,MTR-009,15.5331,6.0507,1,abnormal_meter_behaviour,isolation_forest,high
2023-12-02 19:00:00,MTR-008,17.7446,7.4341,1,sudden_spike,robust_zscore,high
2023-12-02 21:00:00,MTR-002,11.3799,7.9379,1,sudden_spike,robust_zscore,high
2023-12-03 01:00:00,MTR-001,2.5655,28.161,1,sudden_spike,robust_zscore,high
2023-12-03 04:00:00,MTR-007,1.7571,3.593,1,high_consumption,robust_zscore,low
2023-12-03 17:00:00,MTR-001,12.5696,20.8717,1,sudden_spike,robust_zscore,high
2023-12-03 17:00:00,MTR-005,0.77,-4.7037,1,low_consumption,robust_zscore,medium
2023-12-03 18:00:00,MTR-008,15.5558,5.7246,1,high_consumption,robust_zscore,medium
2023-12-03 22:00:00,MTR-004,1.6557,3.0615,1,high_consumption,robust_zscore,low
2023-12-03 23:00:00,MTR-001,1.0108,3.2086,1,high_consumption,robust_zscore,low
2023-12-04 07:00:00,MTR-008,0.408,-4.5363,1,low_consumption,robust_zscore,medium
2023-12-04 07:00:00,MTR-009,13.1218,6.0497,1,abnormal_meter_behaviour,isolation_forest,high
2023-12-04 17:00:00,MTR-009,15.988,6.3007,1,abnormal_meter_behaviour,isolation_forest,high
2023-12-04 19:00:00,MTR-003,11.4835,5.9948,1,abnormal_meter_behaviour,isolation_forest,medium
2023-12-04 19:00:00,MTR-009,14.8901,6.2226,1,abnormal_meter_behaviour,isolation_forest,high
2023-12-05 17:00:00,MTR-009,16.3935,6.0371,1,abnormal_meter_behaviour,isolation_forest,high
2023-12-05 18:00:00,MTR-009,17.0641,6.003,1,abnormal_meter_behaviour,isolation_forest,high
2023-12-05 20:00:00,MTR-003,31.3428,13.8327,1,sudden_spike,robust_zscore,high
2023-12-06 10:00:00,MTR-011,14.3862,8.5848,1,sudden_spike,robust_zscore,high
2023-12-06 17:00:00,MTR-009,15.8697,6.2139,1,abnormal_meter_behaviour,isolation_forest,high
2023-12-06 18:00:00,MTR-009,14.7461,6.3963,1,abnormal_meter_behaviour,isolation_forest,high
2023-12-07 07:00:00,MTR-009,14.0278,6.1485,1,abnormal_meter_behaviour,isolation_forest,high
2023-12-07 08:00:00,MTR-008,1.5691,-3.9556,1,low_consumption,robust_zscore,low
2023-12-07 09:00:00,MTR-009,14.4347,6.0818,1,abnormal_meter_behaviour,isolation_forest,high
2023-12-07 10:00:00,MTR-012,38.443,17.2363,1,sudden_spike,robust_zscore,high
2023-12-07 11:00:00,MTR-002,5.3356,5.9845,1,abnormal_meter_behaviour,isolation_forest,medium
2023-12-07 11:00:00,MTR-008,18.2787,15.6017,1,sudden_spike,robust_zscore,high
2023-12-07 16:00:00,MTR-006,0.629,-4.9313,1,low_consumption,robust_zscore,medium
2023-12-07 17:00:00,MTR-003,14.0478,6.0241,1,abnormal_meter_behaviour,isolation_forest,high
2023-12-07 17:00:00,MTR-009,15.6668,6.008,1,abnormal_meter_behaviour,isolation_forest,high
2023-12-07 18:00:00,MTR-009,15.9653,6.4057,1,abnormal_meter_behaviour,isolation_forest,high
2023-12-08 01:00:00,MTR-001,0.5705,6.2146,1,abnormal_meter_behaviour,isolation_forest,high
2023-12-08 02:00:00,MTR-007,2.281,16.3142,1,sudden_spike,robust_zscore,high
2023-12-08 03:00:00,MTR-002,0.6015,-4.2401,1,low_consumption,robust_zscore,medium
2023-12-08 07:00:00,MTR-004,11.994,28.3889,1,sudden_spike,robust_zscore,high
2023-12-08 08:00:00,MTR-009,13.394,6.1876,1,abnormal_meter_behaviour,isolation_forest,high
2023-12-08 18:00:00,MTR-009,13.9749,6.1745,1,abnormal_meter_behaviour,isolation_forest,high
2023-12-08 21:00:00,MTR-012,0.5577,-5.2061,1,low_consumption,robust_zscore,medium
2023-12-08 22:00:00,MTR-002,4.706682036271814,4.0604,1,high_consumption,robust_zscore,medium
2023-12-08 22:00:00,MTR-006,0.412,-5.135,1,low_consumption,robust_zscore,medium
2023-12-09 01:00:00,MTR-007,1.7639752522935772,15.6288,1,sudden_spike,robust_zscore,high
2023-12-09 04:00:00,MTR-005,0.4373,-4.002,1,low_consumption,robust_zscore,medium
2023-12-09 20:00:00,MTR-003,34.4056,15.7326,1,sudden_spike,robust_zscore,high
2023-12-10 06:00:00,MTR-010,0.119,-6.6226,1,low_consumption,robust_zscore,high
2023-12-10 09:00:00,MTR-011,0.5693,-4.942,1,low_consumption,robust_zscore,medium
2023-12-10 11:00:00,MTR-008,0.5134,-4.7335,1,low_consumption,robust_zscore,medium
2023-12-10 14:00:00,MTR-002,0.4245,-5.2337,1,low_consumption,robust_zscore,medium
2023-12-10 16:00:00,MTR-004,8.323,14.9992,1,sudden_spike,robust_zscore,high
2023-12-10 18:00:00,MTR-005,24.7748,11.5376,1,sudden_spike,robust_zscore,high
2023-12-10 23:00:00,MTR-008,5.3733,8.6146,1,sudden_spike,robust_zscore,high
2023-12-11 00:00:00,MTR-002,6.0236,15.8014,1,sudden_spike,robust_zscore,high
2023-12-11 01:00:00,MTR-005,0.1728,-4.3117,1,low_consumption,robust_zscore,medium
2023-12-11 06:00:00,MTR-004,9.2965,29.8208,1,sudden_spike,robust_zscore,high
2023-12-11 07:00:00,MTR-009,41.1946,6.5934,1,abnormal_meter_behaviour,isolation_forest,high
2023-12-11 07:00:00,MTR-009,41.1946,14.8523,1,sudden_spike,robust_zscore,high
2023-12-11 08:00:00,MTR-003,2.392,-4.1643,1,low_consumption,robust_zscore,medium
2023-12-11 08:00:00,MTR-008,0.5151,-4.8845,1,low_consumption,robust_zscore,medium
2023-12-11 08:00:00,MTR-009,13.5784,6.1408,1,abnormal_meter_behaviour,isolation_forest,high
2023-12-11 09:00:00,MTR-010,7.2429,19.8428,1,sudden_spike,robust_zscore,high
2023-12-11 13:00:00,MTR-011,0.9202,-4.0882,1,low_consumption,robust_zscore,medium
2023-12-11 18:00:00,MTR-009,16.7717,6.4855,1,abnormal_meter_behaviour,isolation_forest,high
2023-12-12 03:00:00,MTR-011,10.2555,20.9685,1,sudden_spike,robust_zscore,high
2023-12-12 08:00:00,MTR-009,14.5086,6.0896,1,abnormal_meter_behaviour,isolation_forest,high
2023-12-12 18:00:00,MTR-007,8.4474,14.9883,1,sudden_spike,robust_zscore,high
2023-12-12 18:00:00,MTR-009,16.4359,6.1342,1,abnormal_meter_behaviour,isolation_forest,high
2023-12-12 19:00:00,MTR-003,13.072,6.2114,1,abnormal_meter_behaviour,isolation_forest,high
2023-12-12 19:00:00,MTR-005,8.7731,6.022,1,abnormal_meter_behaviour,isolation_forest,high
2023-12-12 19:00:00,MTR-006,14.7238,6.5292,1,abnormal_meter_behaviour,isolation_forest,high
2023-12-12 19:00:00,MTR-009,16.2907,6.6276,1,abnormal_meter_behaviour,isolation_forest,high
2023-12-12 19:00:00,MTR-012,12.9575,6.1411,1,abnormal_meter_behaviour,isolation_forest,high
2023-12-13 08:00:00,MTR-012,2.0316,-4.1502,1,low_consumption,robust_zscore,medium
2023-12-13 18:00:00,MTR-009,15.3665,6.1448,1,abnormal_meter_behaviour,isolation_forest,high
2023-12-13 18:00:00,MTR-012,12.7278,6.012,1,abnormal_meter_behaviour,isolation_forest,high
2023-12-13 22:00:00,MTR-005,8.9721,12.7535,1,sudden_spike,robust_zscore,high
2023-12-14 03:00:00,MTR-012,17.431,20.2779,1,sudden_spike,robust_zscore,high
2023-12-14 07:00:00,MTR-004,8.5618,18.0702,1,sudden_spike,robust_zscore,high
2023-12-14 09:00:00,MTR-009,14.8955,6.0375,1,abnormal_meter_behaviour,isolation_forest,high
2023-12-14 10:00:00,MTR-003,9.4219,6.1042,1,abnormal_meter_behaviour,isolation_forest,high
2023-12-14 10:00:00,MTR-012,11.9805,6.0804,1,abnormal_meter_behaviour,isolation_forest,high
2023-12-14 16:00:00,MTR-009,47.7201,6.2697,1,abnormal_meter_behaviour,isolation_forest,high
2023-12-14 16:00:00,MTR-009,47.7201,14.6128,1,sudden_spike,robust_zscore,high
2023-12-14 17:00:00,MTR-009,16.3523,6.349,1,abnormal_meter_behaviour,isolation_forest,high
2023-12-14 18:00:00,MTR-002,0.4577,-4.6981,1,low_consumption,robust_zscore,medium
2023-12-15 05:00:00,MTR-009,24.3416,6.2706,1,abnormal_meter_behaviour,isolation_forest,high
2023-12-15 05:00:00,MTR-009,24.3416,14.1282,1,sudden_spike,robust_zscore,high
2023-12-15 07:00:00,MTR-009,13.5691,6.1562,1,abnormal_meter_behaviour,isolation_forest,high
2023-12-15 18:00:00,MTR-009,15.708,6.3142,1,abnormal_meter_behaviour,isolation_forest,high
2023-12-15 19:00:00,MTR-009,13.3628,6.0302,1,abnormal_meter_behaviour,isolation_forest,high
2023-12-15 19:00:00,MTR-011,17.6242,9.0917,1,sudden_spike,robust_zscore,high
2023-12-16 12:00:00,MTR-003,17.706,7.7042,1,sudden_spike,robust_zscore,high
2023-12-16 13:00:00,MTR-011,10.5037,6.4938,1,sudden_spike,robust_zscore,high
2023-12-16 17:00:00,MTR-008,23.9339,10.3205,1,sudden_spike,robust_zscore,high
2023-12-17 11:00:00,MTR-007,0.1191,-8.0228,1,low_consumption,robust_zscore,high
2023-12-17 12:00:00,MTR-010,0.3461,-6.0612,1,low_consumption,robust_zscore,high
2023-12-17 16:00:00,MTR-004,12.1036,25.2339,1,sudden_spike,robust_zscore,high
2023-12-18 15:00:00,MTR-003,25.4604,9.6591,1,sudden_spike,robust_zscore,high
2023-12-18 17:00:00,MTR-009,15.7527,6.4075,1,abnormal_meter_behaviour,isolation_forest,high
2023-12-18 18:00:00,MTR-009,16.678,6.6446,1,abnormal_meter_behaviour,isolation_forest,high
2023-12-19 00:00:00,MTR-007,2.2237,21.4796,1,sudden_spike,robust_zscore,high
2023-12-19 04:00:00,MTR-011,9.599,11.9206,1,sudden_spike,robust_zscore,high
2023-12-19 06:00:00,MTR-005,18.4269,17.5177,1,sudden_spike,robust_zscore,high
2023-12-19 09:00:00,MTR-009,13.501,5.9943,1,abnormal_meter_behaviour,isolation_forest,medium
2023-12-19 10:00:00,MTR-003,2.2453,-4.128,1,low_consumption,robust_zscore,medium
2023-12-19 17:00:00,MTR-009,17.6401,6.0199,1,abnormal_meter_behaviour,isolation_forest,high
2023-12-19 18:00:00,MTR-009,15.1661,6.0084,1,abnormal_meter_behaviour,isolation_forest,high
2023-12-19 20:00:00,MTR-009,14.0644,6.0493,1,abnormal_meter_behaviour,isolation_forest,high
2023-12-20 00:00:00,MTR-012,0.4162,-4.2037,1,low_consumption,robust_zscore,medium
2023-12-20 01:00:00,MTR-003,8.2146,14.3612,1,sudden_spike,robust_zscore,high
2023-12-20 04:00:00,MTR-009,29.3136,6.1509,1,abnormal_meter_behaviour,isolation_forest,high
2023-12-20 04:00:00,MTR-009,29.3136,23.3954,1,sudden_spike,robust_zscore,high
2023-12-20 14:00:00,MTR-010,6.3361,15.7913,1,sudden_spike,robust_zscore,high
2023-12-20 17:00:00,MTR-009,15.845,6.0483,1,abnormal_meter_behaviour,isolation_forest,high
2023-12-20 19:00:00,MTR-003,12.4361,6.1359,1,abnormal_meter_behaviour,isolation_forest,high
2023-12-20 19:00:00,MTR-009,15.3437,5.9933,1,abnormal_meter_behaviour,isolation_forest,medium
2023-12-21 07:00:00,MTR-009,13.9705,6.3412,1,abnormal_meter_behaviour,isolation_forest,high
2023-12-21 09:00:00,MTR-009,13.398,5.9969,1,abnormal_meter_behaviour,isolation_forest,medium
2023-12-21 10:00:00,MTR-012,37.813,6.0593,1,abnormal_meter_behaviour,isolation_forest,high
2023-12-21 10:00:00,MTR-012,37.813,16.8722,1,sudden_spike,robust_zscore,high
2023-12-21 13:00:00,MTR-002,19.702,14.8359,1,sudden_spike,robust_zscore,high
2023-12-21 17:00:00,MTR-001,11.988,19.59,1,sudden_spike,robust_zscore,high
2023-12-21 17:00:00,MTR-009,15.6132,6.136,1,abnormal_meter_behaviour,isolation_forest,high
2023-12-22 06:00:00,MTR-008,1.2679,-3.7543,1,low_consumption,robust_zscore,low
2023-12-22 06:00:00,MTR-010,6.8446,24.1846,1,sudden_spike,robust_zscore,high
2023-12-22 08:00:00,MTR-010,10.524,30.994,1,sudden_spike,robust_zscore,high
2023-12-22 17:00:00,MTR-002,34.5239,16.4443,1,sudden_spike,robust_zscore,high
2023-12-22 17:00:00,MTR-003,13.8135,6.1338,1,abnormal_meter_behaviour,isolation_forest,high
2023-12-22 18:00:00,MTR-009,15.8206,6.2024,1,abnormal_meter_behaviour,isolation_forest,high
2023-12-22 19:00:00,MTR-009,15.0754,6.5321,1,abnormal_meter_behaviour,isolation_forest,high
2023-12-22 22:00:00,MTR-010,1.7941398508319026,6.4603,1,sudden_spike,robust_zscore,high
2023-12-23 00:00:00,MTR-004,0.9082,3.0887,1,high_consumption,robust_zscore,low
2023-12-23 03:00:00,MTR-001,1.2752,3.2029,1,high_consumption,robust_zscore,low
2023-12-23 08:00:00,MTR-006,7.7052,6.0166,1,abnormal_meter_behaviour,isolation_forest,high
2023-12-23 10:00:00,MTR-007,2.9795,3.4514,1,high_consumption,robust_zscore,low
2023-12-23 14:00:00,MTR-009,17.497,3.3978,1,high_consumption,robust_zscore,low
2023-12-23 16:00:00,MTR-012,21.3133,6.392,1,sudden_spike,robust_zscore,high
2023-12-23 23:00:00,MTR-005,4.608555256219183,7.5407,1,sudden_spike,robust_zscore,high
2023-12-24 03:00:00,MTR-003,0.7652,-4.3971,1,low_consumption,robust_zscore,medium
2023-12-24 03:00:00,MTR-004,1.5013,3.4388,1,high_consumption,robust_zscore,low
2023-12-24 03:00:00,MTR-010,1.3298,3.7591,1,high_consumption,robust_zscore,low
2023-12-24 08:00:00,MTR-010,12.5119,38.4327,1,sudden_spike,robust_zscore,high
2023-12-24 11:00:00,MTR-009,28.8768,13.697,1,sudden_spike,robust_zscore,high
2023-12-24 11:00:00,MTR-010,0.38,-5.7413,1,low_consumption,robust_zscore,medium
2023-12-24 13:00:00,MTR-005,0.3292,-4.5946,1,low_consumption,robust_zscore,medium
2023-12-24 23:00:00,MTR-004,1.1961,3.3825,1,high_consumption,robust_zscore,low
2023-12-25 07:00:00,MTR-003,11.4821,6.3375,1,abnormal_meter_behaviour,isolation_forest,high
2023-12-25 07:00:00,MTR-006,11.8274,6.3949,1,abnormal_meter_behaviour,isolation_forest,high
2023-12-25 07:00:00,MTR-007,2.9412,3.0444,1,high_consumption,robust_zscore,low
2023-12-25 07:00:00,MTR-009,16.1382,6.7451,1,abnormal_meter_behaviour,isolation_forest,high
2023-12-25 07:00:00,MTR-012,11.3277,6.1457,1,abnormal_meter_behaviour,isolation_forest,high
2023-12-25 08:00:00,MTR-003,31.7824,6.0821,1,abnormal_meter_behaviour,isolation_forest,high
2023-12-25 08:00:00,MTR-003,31.7824,14.445,1,sudden_spike,robust_zscore,high
2023-12-25 08:00:00,MTR-012,13.1309,6.0313,1,abnormal_meter_behaviour,isolation_forest,high
2023-12-25 10:00:00,MTR-012,44.2428,20.5884,1,sudden_spike,robust_zscore,high
2023-12-25 17:00:00,MTR-009,17.0808,6.0903,1,abnormal_meter_behaviour,isolation_forest,high
2023-12-25 18:00:00,MTR-006,13.9767,6.0676,1,abnormal_meter_behaviour,isolation_forest,high
2023-12-26 00:00:00,MTR-001,0.1673,-5.2996,1,low_consumption,robust_zscore,medium
2023-12-26 06:00:00,MTR-002,16.7856,15.0973,1,sudden_spike,robust_zscore,high
2023-12-26 07:00:00,MTR-003,10.4328,6.0653,1,abnormal_meter_behaviour,isolation_forest,high
2023-12-26 08:00:00,MTR-003,11.1588,6.1991,1,abnormal_meter_behaviour,isolation_forest,high
2023-12-26 08:00:00,MTR-006,12.2967,6.2316,1,abnormal_meter_behaviour,isolation_forest,high
2023-12-26 08:00:00,MTR-008,8.3064,6.0968,1,abnormal_meter_behaviour,isolation_forest,high
2023-12-26 08:00:00,MTR-009,15.274,6.7248,1,abnormal_meter_behaviour,isolation_forest,high
2023-12-26 08:00:00,MTR-012,9.8419,6.1096,1,abnormal_meter_behaviour,isolation_forest,high
2023-12-26 09:00:00,MTR-009,14.3506,6.6098,1,abnormal_meter_behaviour,isolation_forest,high
2023-12-26 09:00:00,MTR-012,11.8898,5.9861,1,abnormal_meter_behaviour,isolation_forest,medium
2023-12-26 15:00:00,MTR-005,18.6174,10.9767,1,sudden_spike,robust_zscore,high
2023-12-26 17:00:00,MTR-009,15.8432,6.5708,1,abnormal_meter_behaviour,isolation_forest,high
2023-12-26 18:00:00,MTR-009,16.2818,6.3051,1,abnormal_meter_behaviour,isolation_forest,high
2023-12-27 02:00:00,MTR-004,3.0691,20.8874,1,sudden_spike,robust_zscore,high
2023-12-27 05:00:00,MTR-007,5.3678,20.8936,1,sudden_spike,robust_zscore,high
2023-12-27 05:00:00,MTR-008,14.3716,14.7029,1,sudden_spike,robust_zscore,high
2023-12-27 05:00:00,MTR-012,1.418,-3.8164,1,low_consumption,robust_zscore,low
2023-12-27 07:00:00,MTR-003,11.355,6.3459,1,abnormal_meter_behaviour,isolation_forest,high
2023-12-27 07:00:00,MTR-006,11.9963,6.497,1,abnormal_meter_behaviour,isolation_forest,high
2023-12-27 07:00:00,MTR-009,15.4595,6.6996,1,abnormal_meter_behaviour,isolation_forest,high
2023-12-27 07:00:00,MTR-012,11.0349,6.2168,1,abnormal_meter_behaviour,isolation_forest,high
2023-12-27 17:00:00,MTR-009,16.5542,6.1173,1,abnormal_meter_behaviour,isolation_forest,high
2023-12-27 18:00:00,MTR-003,14.0059,6.3005,1,abnormal_meter_behaviour,isolation_forest,high
2023-12-27 18:00:00,MTR-006,14.9621,6.152,1,abnormal_meter_behaviour,isolation_forest,high
2023-12-27 18:00:00,MTR-009,17.8097,6.3507,1,abnormal_meter_behaviour,isolation_forest,high
2023-12-27 19:00:00,MTR-009,14.8481,6.1507,1,abnormal_meter_behaviour,isolation_forest,high
2023-12-27 20:00:00,MTR-009,14.3997,6.2745,1,abnormal_meter_behaviour,isolation_forest,high
2023-12-28 08:00:00,MTR-009,14.5008,6.7121,1,abnormal_meter_behaviour,isolation_forest,high
2023-12-28 14:00:00,MTR-001,7.4887,18.135,1,sudden_spike,robust_zscore,high
2023-12-28 17:00:00,MTR-006,13.0081,6.0877,1,abnormal_meter_behaviour,isolation_forest,high
2023-12-28 18:00:00,MTR-006,1.4493,-4.6857,1,low_consumption,robust_zscore,medium
2023-12-28 18:00:00,MTR-009,18.8367,6.2951,1,abnormal_meter_behaviour,isolation_forest,high
2023-12-28 18:00:00,MTR-012,12.7471,6.3806,1,abnormal_meter_behaviour,isolation_forest,high
2023-12-28 20:00:00,MTR-009,13.5723,6.0198,1,abnormal_meter_behaviour,isolation_forest,high
2023-12-28 21:00:00,MTR-006,23.1414,11.3715,1,sudden_spike,robust_zscore,high
2023-12-28 22:00:00,MTR-011,0.2708,-4.7113,1,low_consumption,robust_zscore,medium
2023-12-29 01:00:00,MTR-012,6.963775628227193,12.086,1,sudden_spike,robust_zscore,high
2023-12-29 07:00:00,MTR-009,13.8509,6.0203,1,abnormal_meter_behaviour,isolation_forest,high
2023-12-29 08:00:00,MTR-003,46.0708,6.2145,1,abnormal_meter_behaviour,isolation_forest,high
2023-12-29 08:00:00,MTR-003,46.0708,23.4921,1,sudden_spike,robust_zscore,high
2023-12-29 10:00:00,MTR-004,0.4365,-6.8756,1,low_consumption,robust_zscore,high
2023-12-29 17:00:00,MTR-006,13.9707,6.1819,1,abnormal_meter_behaviour,isolation_forest,high
2023-12-29 17:00:00,MTR-009,15.4933,6.4271,1,abnormal_meter_behaviour,isolation_forest,high
2023-12-30 02:00:00,MTR-006,9.4749,12.8617,1,sudden_spike,robust_zscore,high
2023-12-30 03:00:00,MTR-012,0.7083,-4.0808,1,low_consumption,robust_zscore,medium
2023-12-30 16:00:00,MTR-010,0.4261,-5.6396,1,low_consumption,robust_zscore,medium
