date,meter_id,total_consumption,avg_consumption,max_consumption,min_consumption,reading_count,avg_temperature,weekend_flag,season
2023-01-01,MTR-001,53.8851,2.2452,8.4039,0.6082,24,5.39,1,Winter
2023-01-01,MTR-002,92.6987,3.8624,6.2909,1.4274,24,5.39,1,Winter
2023-01-01,MTR-003,134.8136,5.6172,8.4932,2.0279,24,5.39,1,Winter
2023-01-01,MTR-004,55.5403,2.3142,3.9388,0.7676,24,5.39,1,Winter
2023-01-01,MTR-005,89.4309,3.7263,6.1643,1.1317,24,5.39,1,Winter
2023-01-01,MTR-006,137.9952,5.7498,9.8251,1.9227,24,5.39,1,Winter
2023-01-01,MTR-007,44.5615,1.8567,3.1476,0.4535,24,5.39,1,Winter
2023-01-01,MTR-008,92.7596,3.865,6.1786,1.3092,24,5.39,1,Winter
2023-01-01,MTR-009,170.4225,7.1009,11.7139,2.26,24,5.39,1,Winter
2023-01-01,MTR-010,47.6722,1.9863,3.2478,0.6358,24,5.39,1,Winter
2023-01-01,MTR-011,82.3361,3.4307,5.3922,1.2425,24,5.39,1,Winter
2023-01-01,MTR-012,138.7526,5.7814,8.965,2.102,24,5.39,1,Winter
2023-01-02,MTR-001,50.3674,2.0986,10.1323,0.209,24,5.17,0,Winter
2023-01-02,MTR-002,130.1824,5.4243,9.4273,1.7393,24,5.17,0,Winter
2023-01-02,MTR-003,192.2293,8.0096,13.17,2.6846,24,5.17,0,Winter
2023-01-02,MTR-004,51.5327,2.1472,3.8083,0.7184,24,5.17,0,Winter
2023-01-02,MTR-005,130.6326,5.443,8.7751,2.04,24,5.17,0,Winter
2023-01-02,MTR-006,192.9292,8.0387,14.1727,2.7265,24,5.17,0,Winter
2023-01-02,MTR-007,43.2379,1.8016,3.0325,0.6378,24,5.17,0,Winter
2023-01-02,MTR-008,128.0501,5.3354,9.204,1.7149,24,5.17,0,Winter
2023-01-02,MTR-009,236.9842,9.8743,15.8017,3.1469,24,5.17,0,Winter
2023-01-02,MTR-010,43.7548,1.8231,2.6679,0.6105,24,5.17,0,Winter
2023-01-02,MTR-011,118.9363,4.9557,9.0686,1.6223,24,5.17,0,Winter
2023-01-02,MTR-012,208.3926,8.683,28.3017,2.6176,24,5.17,0,Winter
2023-01-03,MTR-001,44.592,1.858,3.1553,0.653,24,4.84,0,Winter
2023-01-03,MTR-002,129.1184,5.3799,8.8672,1.9538,24,4.84,0,Winter
2023-01-03,MTR-003,190.7251,7.9469,13.9252,2.9047,24,4.84,0,Winter
2023-01-03,MTR-004,50.8645,2.1194,3.7188,0.707,24,4.84,0,Winter
2023-01-03,MTR-005,138.5748,5.7739,23.2832,0.5142,24,4.84,0,Winter
2023-01-03,MTR-006,196.4255,8.1844,13.9275,2.4207,24,4.84,0,Winter
2023-01-03,MTR-007,43.612,1.8172,3.4018,0.6151,24,4.84,0,Winter
2023-01-03,MTR-008,131.0709,5.4613,9.4189,1.7585,24,4.84,0,Winter
2023-01-03,MTR-009,277.6732,11.5697,48.878,3.3648,24,4.84,0,Winter
2023-01-03,MTR-010,44.4065,1.8503,2.9593,0.6425,24,4.84,0,Winter
2023-01-03,MTR-011,119.039,4.96,8.1736,1.377,24,4.84,0,Winter
2023-01-03,MTR-012,192.8427,8.0351,12.7634,2.74,24,4.84,0,Winter
2023-01-04,MTR-001,44.6787,1.8616,3.1055,0.644,24,4.42,0,Winter
2023-01-04,MTR-002,129.2002,5.3833,8.3997,1.7195,24,4.42,0,Winter
2023-01-04,MTR-003,196.8669,8.2028,13.4128,2.7152,24,4.42,0,Winter
2023-01-04,MTR-004,53.8352,2.2431,3.8949,0.7055,24,4.42,0,Winter
2023-01-04,MTR-005,126.0823,5.2534,8.9016,1.6553,24,4.42,0,Winter
2023-01-04,MTR-006,206.756,8.6148,14.7535,2.7859,24,4.42,0,Winter
2023-01-04,MTR-007,49.312,2.0547,7.0144,0.6223,24,4.42,0,Winter
2023-01-04,MTR-008,129.1899,5.3829,8.9411,1.613,24,4.42,0,Winter
2023-01-04,MTR-009,236.6292,9.8596,15.4656,3.1175,24,4.42,0,Winter
2023-01-04,MTR-010,46.2209,1.9259,3.2045,0.572,24,4.42,0,Winter
2023-01-04,MTR-011,119.4859,4.9786,8.7634,1.8242,24,4.42,0,Winter
2023-01-04,MTR-012,196.4066,8.1836,13.5724,2.4681,24,4.42,0,Winter
2023-01-05,MTR-001,45.2678,1.8862,3.7575,0.6277,24,4.97,0,Winter
2023-01-05,MTR-002,144.4646,6.0194,22.4954,1.8657,24,4.97,0,Winter
2023-01-05,MTR-003,192.2286,8.0095,12.4021,1.6478,24,4.97,0,Winter
2023-01-05,MTR-004,57.649,2.402,9.8407,0.708,24,4.97,0,Winter
2023-01-05,MTR-005,147.3101,6.1379,27.5247,1.7872,24,4.97,0,Winter
2023-01-05,MTR-006,195.6663,8.1528,13.4043,2.5282,24,4.97,0,Winter
2023-01-05,MTR-007,43.1983,1.7999,3.0378,0.6107,24,4.97,0,Winter
2023-01-05,MTR-008,131.059,5.4608,10.2141,1.9181,24,4.97,0,Winter
2023-01-05,MTR-009,239.2555,9.969,16.6456,3.0852,24,4.97,0,Winter
2023-01-05,MTR-010,44.6625,1.8609,3.1232,0.617,24,4.97,0,Winter
2023-01-05,MTR-011,114.8451,4.7852,9.036,0.907,24,4.97,0,Winter
2023-01-05,MTR-012,187.551,7.8146,12.6797,2.6057,24,4.97,0,Winter
2023-01-06,MTR-001,43.5779,1.8157,3.0488,0.1264,24,4.87,0,Winter
2023-01-06,MTR-002,125.2216,5.2176,9.0038,1.5938,24,4.87,0,Winter
2023-01-06,MTR-003,195.2256,8.1344,13.8036,2.6716,24,4.87,0,Winter
2023-01-06,MTR-004,58.623,2.4426,10.4796,0.6647,24,4.87,0,Winter
2023-01-06,MTR-005,131.7245,5.4885,8.9658,1.6602,24,4.87,0,Winter
2023-01-06,MTR-006,199.1326,8.2972,13.0318,2.3149,24,4.87,0,Winter
2023-01-06,MTR-007,44.3301,1.8471,3.1602,0.5751,24,4.87,0,Winter
2023-01-06,MTR-008,134.1173,5.5882,9.6165,1.6271,24,4.87,0,Winter
2023-01-06,MTR-009,243.0319,10.1263,16.1775,3.1028,24,4.87,0,Winter
2023-01-06,MTR-010,43.7119,1.8213,2.9909,0.1071,24,4.87,0,Winter
2023-01-06,MTR-011,117.5253,4.8969,7.6603,1.5127,24,4.87,0,Winter
2023-01-06,MTR-012,194.0475,8.0853,13.5168,2.6516,24,4.87,0,Winter
2023-01-07,MTR-001,54.4268,2.2678,8.4507,0.671,24,5.37,1,Winter
2023-01-07,MTR-002,93.6437,3.9018,6.2864,1.0776,24,5.37,1,Winter
2023-01-07,MTR-003,140.3574,5.8482,9.2453,2.0101,24,5.37,1,Winter
2023-01-07,MTR-004,56.5127,2.3547,3.6565,0.7478,24,5.37,1,Winter
2023-01-07,MTR-005,91.8203,3.8258,6.7531,1.2358,24,5.37,1,Winter
2023-01-07,MTR-006,141.4092,5.8921,10.0789,1.8367,24,5.37,1,Winter
2023-01-07,MTR-007,54.0464,2.2519,5.7316,0.6112,24,5.37,1,Winter
2023-01-07,MTR-008,94.8946,3.9539,6.9819,1.3763,24,5.37,1,Winter
2023-01-07,MTR-009,159.5265,6.6469,10.5721,0.646,24,5.37,1,Winter
2023-01-07,MTR-010,48.5842,2.0243,3.4018,0.6253,24,5.37,1,Winter
2023-01-07,MTR-011,83.887,3.4953,5.5331,1.0178,24,5.37,1,Winter
2023-01-07,MTR-012,142.0943,5.9206,9.5151,1.9477,24,5.37,1,Winter
2023-01-08,MTR-001,48.1652,2.0069,3.5831,0.6982,24,4.8,1,Winter
2023-01-08,MTR-002,91.4538,3.8106,6.3628,1.3927,24,4.8,1,Winter
2023-01-08,MTR-003,138.0024,5.7501,10.232,1.8161,24,4.8,1,Winter
2023-01-08,MTR-004,55.2505,2.3021,3.7769,0.7411,24,4.8,1,Winter
2023-01-08,MTR-005,91.5475,3.8145,6.7161,1.3499,24,4.8,1,Winter
2023-01-08,MTR-006,138.7613,5.7817,9.8171,1.9648,24,4.8,1,Winter
2023-01-08,MTR-007,46.279,1.9283,3.4016,0.6513,24,4.8,1,Winter
2023-01-08,MTR-008,104.7276,4.3636,13.6286,1.4106,24,4.8,1,Winter
2023-01-08,MTR-009,174.4374,7.2682,13.6005,2.4076,24,4.8,1,Winter
2023-01-08,MTR-010,48.7519,2.0313,3.4792,0.7042,24,4.8,1,Winter
2023-01-08,MTR-011,100.3391,4.1808,14.2189,1.3419,24,4.8,1,Winter
2023-01-08,MTR-012,138.7236,5.7802,10.2329,1.8817,24,4.8,1,Winter
2023-01-09,MTR-001,44.2655,1.8444,3.2686,0.6508,24,5.2,0,Winter
2023-01-09,MTR-002,129.2239,5.3843,8.6715,1.8008,24,5.2,0,Winter
2023-01-09,MTR-003,193.4062,8.0586,14.7712,2.7339,24,5.2,0,Winter
2023-01-09,MTR-004,51.3433,2.1393,3.6319,0.6647,24,5.2,0,Winter
2023-01-09,MTR-005,125.531,5.2305,9.4847,1.6867,24,5.2,0,Winter
2023-01-09,MTR-006,192.9231,8.0385,14.5638,2.6432,24,5.2,0,Winter
2023-01-09,MTR-007,45.0416,1.8767,3.2514,0.6526,24,5.2,0,Winter
2023-01-09,MTR-008,132.2788,5.5116,9.0099,1.6981,24,5.2,0,Winter
2023-01-09,MTR-009,241.3787,10.0574,17.1979,3.3098,24,5.2,0,Winter
2023-01-09,MTR-010,48.9262,2.0386,6.2081,0.6106,24,5.2,0,Winter
2023-01-09,MTR-011,118.7202,4.9467,9.3915,1.6052,24,5.2,0,Winter
2023-01-09,MTR-012,214.3786,8.9324,33.205,2.6471,24,5.2,0,Winter
2023-01-10,MTR-001,44.9028,1.871,3.1725,0.6264,24,4.68,0,Winter
2023-01-10,MTR-002,128.1191,5.3383,8.912,1.6619,24,4.68,0,Winter
2023-01-10,MTR-003,191.4137,7.9756,14.1257,2.4435,24,4.68,0,Winter
2023-01-10,MTR-004,51.2946,2.1373,3.29,0.8064,24,4.68,0,Winter
2023-01-10,MTR-005,124.2293,5.1762,8.3349,1.8217,24,4.68,0,Winter
2023-01-10,MTR-006,197.8,8.2417,13.8035,2.8033,24,4.68,0,Winter
2023-01-10,MTR-007,44.3067,1.8461,3.0582,0.593,24,4.68,0,Winter
2023-01-10,MTR-008,135.9066,5.6628,9.0088,1.7744,24,4.68,0,Winter
2023-01-10,MTR-009,238.7898,9.9496,16.5448,3.2142,24,4.68,0,Winter
2023-01-10,MTR-010,45.0004,1.875,3.1317,0.6522,24,4.68,0,Winter
2023-01-10,MTR-011,118.7188,4.9466,8.5302,1.6069,24,4.68,0,Winter
2023-01-10,MTR-012,189.1955,7.8831,13.1987,2.7262,24,4.68,0,Winter
2023-01-11,MTR-001,45.3671,1.8903,3.283,0.633,24,5.11,0,Winter
2023-01-11,MTR-002,127.1778,5.2991,9.9704,2.0024,24,5.11,0,Winter
2023-01-11,MTR-003,190.1137,7.9214,13.2338,2.4075,24,5.11,0,Winter
2023-01-11,MTR-004,51.3517,2.1397,3.4734,0.7858,24,5.11,0,Winter
2023-01-11,MTR-005,118.6178,4.9424,8.4546,1.2106,24,5.11,0,Winter
2023-01-11,MTR-006,195.6084,8.1504,14.0802,2.6099,24,5.11,0,Winter
2023-01-11,MTR-007,44.0289,1.8345,2.9974,0.612,24,5.11,0,Winter
2023-01-11,MTR-008,136.9658,5.7069,8.0936,1.8593,24,5.11,0,Winter
2023-01-11,MTR-009,219.0159,9.1257,15.006,2.61,24,5.11,0,Winter
2023-01-11,MTR-010,43.2554,1.8023,3.2432,0.5805,24,5.11,0,Winter
2023-01-11,MTR-011,145.8867,6.0786,36.6232,1.8086,24,5.11,0,Winter
2023-01-11,MTR-012,197.1513,8.2146,12.0754,2.8611,24,5.11,0,Winter
2023-01-12,MTR-001,45.1736,1.8822,3.1277,0.5516,24,4.79,0,Winter
2023-01-12,MTR-002,130.4744,5.4364,8.7564,1.6967,24,4.79,0,Winter
2023-01-12,MTR-003,190.8772,7.9532,12.8664,2.7375,24,4.79,0,Winter
2023-01-12,MTR-004,56.9747,2.3739,8.5925,0.7032,24,4.79,0,Winter
2023-01-12,MTR-005,125.9537,5.2481,8.5016,1.8669,24,4.79,0,Winter
2023-01-12,MTR-006,245.6206,10.2342,58.6522,2.4287,24,4.79,0,Winter
2023-01-12,MTR-007,41.4,1.725,2.7681,0.2795,24,4.79,0,Winter
2023-01-12,MTR-008,130.332,5.4305,9.0132,1.7194,24,4.79,0,Winter
2023-01-12,MTR-009,243.7977,10.1582,16.4216,3.0925,24,4.79,0,Winter
2023-01-12,MTR-010,45.684,1.9035,3.2026,0.6001,24,4.79,0,Winter
2023-01-12,MTR-011,119.9681,4.9987,8.0792,1.526,24,4.79,0,Winter
2023-01-12,MTR-012,195.2256,8.1344,13.8354,2.5059,24,4.79,0,Winter
2023-01-13,MTR-001,44.0233,1.8343,3.0623,0.6245,24,5.6,0,Winter
2023-01-13,MTR-002,124.9648,5.2069,8.8442,1.6866,24,5.6,0,Winter
2023-01-13,MTR-003,186.1761,7.7573,13.2964,2.5781,24,5.6,0,Winter
2023-01-13,MTR-004,51.8672,2.1611,3.6987,0.6866,24,5.6,0,Winter
2023-01-13,MTR-005,124.1144,5.1714,8.1088,1.6814,24,5.6,0,Winter
2023-01-13,MTR-006,190.8529,7.9522,13.9751,2.5461,24,5.6,0,Winter
2023-01-13,MTR-007,42.3917,1.7663,3.0623,0.5622,24,5.6,0,Winter
2023-01-13,MTR-008,131.4808,5.4784,8.8284,1.7645,24,5.6,0,Winter
2023-01-13,MTR-009,234.9641,9.7902,16.521,2.9372,24,5.6,0,Winter
2023-01-13,MTR-010,44.2271,1.8428,2.9953,0.5397,24,5.6,0,Winter
2023-01-13,MTR-011,129.6476,5.402,18.8532,1.484,24,5.6,0,Winter
2023-01-13,MTR-012,187.6979,7.8207,12.4698,2.6899,24,5.6,0,Winter
2023-01-14,MTR-001,47.7266,1.9886,3.5192,0.6542,24,5.05,1,Winter
2023-01-14,MTR-002,94.6144,3.9423,6.815,1.2764,24,5.05,1,Winter
2023-01-14,MTR-003,136.8528,5.7022,9.0336,1.8753,24,5.05,1,Winter
2023-01-14,MTR-004,56.5446,2.356,4.1427,0.8116,24,5.05,1,Winter
2023-01-14,MTR-005,102.5869,4.2745,17.9636,1.099,24,5.05,1,Winter
2023-01-14,MTR-006,141.0925,5.8789,10.4364,1.74,24,5.05,1,Winter
2023-01-14,MTR-007,46.5189,1.9383,3.0189,0.6576,24,5.05,1,Winter
2023-01-14,MTR-008,92.7319,3.8638,6.3088,1.1712,24,5.05,1,Winter
2023-01-14,MTR-009,175.476,7.3115,14.1704,2.3748,24,5.05,1,Winter
2023-01-14,MTR-010,48.5468,2.0228,3.2984,0.665,24,5.05,1,Winter
2023-01-14,MTR-011,85.9032,3.5793,6.0794,1.0826,24,5.05,1,Winter
2023-01-14,MTR-012,171.5786,7.1491,41.499,1.701,24,5.05,1,Winter
2023-01-15,MTR-001,48.0455,2.0019,3.4956,0.7124,24,5.44,1,Winter
2023-01-15,MTR-002,92.0112,3.8338,6.1479,1.0738,24,5.44,1,Winter
2023-01-15,MTR-003,139.9822,5.8326,9.4498,1.908,24,5.44,1,Winter
2023-01-15,MTR-004,68.2068,2.842,16.6151,0.7454,24,5.44,1,Winter
2023-01-15,MTR-005,89.1932,3.7164,6.0196,1.2388,24,5.44,1,Winter
2023-01-15,MTR-006,141.041,5.8767,10.0444,1.8049,24,5.44,1,Winter
2023-01-15,MTR-007,45.41,1.8921,3.2809,0.566,24,5.44,1,Winter
2023-01-15,MTR-008,95.1735,3.9656,6.7183,1.1397,24,5.44,1,Winter
2023-01-15,MTR-009,175.9664,7.3319,11.9575,2.3726,24,5.44,1,Winter
2023-01-15,MTR-010,47.5776,1.9824,3.0735,0.6897,24,5.44,1,Winter
2023-01-15,MTR-011,84.5784,3.5241,6.0706,1.2589,24,5.44,1,Winter
2023-01-15,MTR-012,131.7102,5.4879,10.238,1.2769,24,5.44,1,Winter
2023-01-16,MTR-001,44.1091,1.8379,2.942,0.5765,24,4.86,0,Winter
2023-01-16,MTR-002,151.3045,6.3044,27.9669,1.6983,24,4.86,0,Winter
2023-01-16,MTR-003,194.9921,8.1247,13.8193,2.5883,24,4.86,0,Winter
2023-01-16,MTR-004,52.6915,2.1955,3.6925,0.7502,24,4.86,0,Winter
2023-01-16,MTR-005,124.4099,5.1837,8.42,1.789,24,4.86,0,Winter
2023-01-16,MTR-006,195.66,8.1525,12.6585,2.56,24,4.86,0,Winter
2023-01-16,MTR-007,44.3837,1.8493,2.8215,0.6212,24,4.86,0,Winter
2023-01-16,MTR-008,127.6125,5.3172,8.323,1.8398,24,4.86,0,Winter
2023-01-16,MTR-009,239.3444,9.9727,15.7328,3.4628,24,4.86,0,Winter
2023-01-16,MTR-010,43.9373,1.8307,3.0975,0.5954,24,4.86,0,Winter
2023-01-16,MTR-011,127.4162,5.309,10.9769,1.7335,24,4.86,0,Winter
2023-01-16,MTR-012,193.1081,8.0462,13.1291,2.5237,24,4.86,0,Winter
2023-01-17,MTR-001,48.0589,2.0025,3.403,0.6346,24,4.72,0,Winter
2023-01-17,MTR-002,129.2591,5.3858,8.5762,1.817,24,4.72,0,Winter
2023-01-17,MTR-003,192.6718,8.028,12.7402,2.2866,24,4.72,0,Winter
2023-01-17,MTR-004,50.3881,2.0995,3.5428,0.1862,24,4.72,0,Winter
2023-01-17,MTR-005,126.7116,5.2796,8.8666,1.8259,24,4.72,0,Winter
2023-01-17,MTR-006,188.7888,7.8662,12.6105,1.4434,24,4.72,0,Winter
2023-01-17,MTR-007,44.7582,1.8649,3.1413,0.5952,24,4.72,0,Winter
2023-01-17,MTR-008,133.2812,5.5534,9.7675,1.7596,24,4.72,0,Winter
2023-01-17,MTR-009,284.9309,11.8721,52.4022,3.2926,24,4.72,0,Winter
2023-01-17,MTR-010,45.526,1.8969,3.26,0.6134,24,4.72,0,Winter
2023-01-17,MTR-011,119.4432,4.9768,8.3558,1.5016,24,4.72,0,Winter
2023-01-17,MTR-012,189.6254,7.9011,13.1201,2.7884,24,4.72,0,Winter
2023-01-18,MTR-001,42.9078,1.7878,2.8586,0.5315,24,5.13,0,Winter
2023-01-18,MTR-002,130.3384,5.4308,9.4819,1.6323,24,5.13,0,Winter
2023-01-18,MTR-003,191.8196,7.9925,13.1195,2.5373,24,5.13,0,Winter
2023-01-18,MTR-004,55.2239,2.301,5.8224,0.7047,24,5.13,0,Winter
2023-01-18,MTR-005,124.2904,5.1788,8.9503,1.6295,24,5.13,0,Winter
2023-01-18,MTR-006,195.2213,8.1342,13.3275,2.5583,24,5.13,0,Winter
2023-01-18,MTR-007,48.6146,2.0256,6.3072,0.5223,24,5.13,0,Winter
2023-01-18,MTR-008,131.9565,5.4982,9.1529,1.6829,24,5.13,0,Winter
2023-01-18,MTR-009,242.9873,10.1245,16.3606,3.1639,24,5.13,0,Winter
2023-01-18,MTR-010,45.18,1.8825,3.164,0.5808,24,5.13,0,Winter
2023-01-18,MTR-011,116.206,4.8419,7.9021,1.6441,24,5.13,0,Winter
2023-01-18,MTR-012,188.3087,7.8462,12.52,2.4647,24,5.13,0,Winter
2023-01-19,MTR-001,49.2507,2.0521,5.0052,0.6101,24,5.25,0,Winter
2023-01-19,MTR-002,132.0019,5.5001,9.1476,1.9567,24,5.25,0,Winter
2023-01-19,MTR-003,187.9792,7.8325,12.1277,2.6262,24,5.25,0,Winter
2023-01-19,MTR-004,51.3486,2.1395,3.3915,0.6768,24,5.25,0,Winter
2023-01-19,MTR-005,124.3313,5.1805,8.5241,1.8252,24,5.25,0,Winter
2023-01-19,MTR-006,189.9633,7.9151,12.3043,2.8983,24,5.25,0,Winter
2023-01-19,MTR-007,42.3181,1.7633,3.1462,0.5978,24,5.25,0,Winter
2023-01-19,MTR-008,128.5909,5.358,7.953,1.7085,24,5.25,0,Winter
2023-01-19,MTR-009,243.9366,10.164,17.6904,3.2042,24,5.25,0,Winter
2023-01-19,MTR-010,49.7443,2.0727,8.9303,0.6439,24,5.25,0,Winter
2023-01-19,MTR-011,117.8091,4.9087,8.5959,1.5474,24,5.25,0,Winter
2023-01-19,MTR-012,190.2561,7.9273,12.4757,2.6029,24,5.24,0,Winter
2023-01-20,MTR-001,44.2416,1.8434,3.19,0.6131,24,5.52,0,Winter
2023-01-20,MTR-002,122.6224,5.1093,8.3499,1.6448,24,5.52,0,Winter
2023-01-20,MTR-003,208.2408,8.6767,33.0468,2.0487,24,5.52,0,Winter
2023-01-20,MTR-004,51.3328,2.1389,3.5736,0.676,24,5.52,0,Winter
2023-01-20,MTR-005,145.9416,6.0809,25.1858,1.621,24,5.52,0,Winter
2023-01-20,MTR-006,195.3899,8.1412,15.3386,3.0197,24,5.52,0,Winter
2023-01-20,MTR-007,42.9114,1.788,2.9334,0.5656,24,5.52,0,Winter
2023-01-20,MTR-008,130.9307,5.4554,8.4021,1.669,24,5.52,0,Winter
2023-01-20,MTR-009,233.3261,9.7219,16.9788,3.3265,24,5.52,0,Winter
2023-01-20,MTR-010,41.6544,1.7356,2.75,0.4307,24,5.52,0,Winter
2023-01-20,MTR-011,113.3799,4.7242,7.8787,1.5525,24,5.52,0,Winter
2023-01-20,MTR-012,178.9969,7.4582,12.7505,1.628,24,5.52,0,Winter
2023-01-21,MTR-001,52.7372,2.1974,6.2406,0.7079,24,4.98,1,Winter
2023-01-21,MTR-002,92.9771,3.874,6.4884,1.4641,24,4.98,1,Winter
2023-01-21,MTR-003,134.4526,5.6022,9.3653,1.8355,24,4.98,1,Winter
2023-01-21,MTR-004,54.9194,2.2883,3.7544,0.8489,24,4.98,1,Winter
2023-01-21,MTR-005,91.181,3.7992,7.2191,1.3541,24,4.98,1,Winter
2023-01-21,MTR-006,138.5349,5.7723,9.4185,1.9705,24,4.98,1,Winter
2023-01-21,MTR-007,52.3532,2.1814,8.0975,0.7289,24,4.98,1,Winter
2023-01-21,MTR-008,95.2077,3.967,6.6824,1.3892,24,4.98,1,Winter
2023-01-21,MTR-009,175.698,7.3207,13.0522,2.5606,24,4.98,1,Winter
2023-01-21,MTR-010,47.2133,1.9672,3.3917,0.6419,24,4.98,1,Winter
2023-01-21,MTR-011,85.0405,3.5434,6.3582,1.3424,24,4.98,1,Winter
2023-01-21,MTR-012,137.3024,5.7209,9.5708,1.8596,24,4.98,1,Winter
2023-01-22,MTR-001,47.2079,1.967,3.4183,0.6388,24,5.17,1,Winter
2023-01-22,MTR-002,92.2346,3.8431,6.7429,1.0852,24,5.17,1,Winter
2023-01-22,MTR-003,140.5486,5.8562,9.7403,1.7766,24,5.17,1,Winter
2023-01-22,MTR-004,60.0002,2.5,4.1221,0.7752,24,5.17,1,Winter
2023-01-22,MTR-005,91.4731,3.8114,6.9108,1.1959,24,5.17,1,Winter
2023-01-22,MTR-006,144.5148,6.0214,10.7911,1.8308,24,5.17,1,Winter
2023-01-22,MTR-007,46.7421,1.9476,3.2486,0.6197,24,5.17,1,Winter
2023-01-22,MTR-008,94.4317,3.9347,6.8042,1.1925,24,5.17,1,Winter
2023-01-22,MTR-009,183.9591,7.665,18.4615,2.3654,24,5.17,1,Winter
2023-01-22,MTR-010,47.3464,1.9728,3.559,0.6718,24,5.17,1,Winter
2023-01-22,MTR-011,84.8422,3.5351,5.6792,1.0301,24,5.17,1,Winter
2023-01-22,MTR-012,139.3539,5.8064,10.2717,1.8582,24,5.17,1,Winter
2023-01-23,MTR-001,43.442,1.8101,2.8822,0.6154,24,5.4,0,Winter
2023-01-23,MTR-002,127.5262,5.3136,8.9453,1.822,24,5.4,0,Winter
2023-01-23,MTR-003,195.4287,8.1429,14.3366,2.4381,24,5.4,0,Winter
2023-01-23,MTR-004,49.9239,2.0802,3.4285,0.6704,24,5.4,0,Winter
2023-01-23,MTR-005,121.0565,5.044,8.5147,1.7968,24,5.4,0,Winter
2023-01-23,MTR-006,193.2567,8.0524,14.7196,2.6491,24,5.4,0,Winter
2023-01-23,MTR-007,43.1385,1.7974,2.7683,0.5728,24,5.4,0,Winter
2023-01-23,MTR-008,130.7206,5.4467,9.5209,1.8642,24,5.4,0,Winter
2023-01-23,MTR-009,239.6525,9.9855,15.1353,3.2732,24,5.4,0,Winter
2023-01-23,MTR-010,44.4699,1.8529,3.3402,0.6435,24,5.4,0,Winter
2023-01-23,MTR-011,118.6665,4.9444,7.7785,1.7047,24,5.4,0,Winter
2023-01-23,MTR-012,194.2854,8.0952,13.1333,2.4049,24,5.4,0,Winter
2023-01-24,MTR-001,44.6396,1.86,3.4107,0.6163,24,5.15,0,Winter
2023-01-24,MTR-002,130.0712,5.4196,9.8058,1.888,24,5.15,0,Winter
2023-01-24,MTR-003,196.4989,8.1875,14.198,2.7421,24,5.15,0,Winter
2023-01-24,MTR-004,52.1998,2.175,3.7532,0.755,24,5.15,0,Winter
2023-01-24,MTR-005,124.9605,5.2067,8.9987,1.8996,24,5.15,0,Winter
2023-01-24,MTR-006,188.944,7.8727,13.7405,0.5093,24,5.15,0,Winter
2023-01-24,MTR-007,42.8292,1.7845,3.1707,0.6285,24,5.15,0,Winter
2023-01-24,MTR-008,129.7136,5.4047,9.3523,0.1477,24,5.15,0,Winter
2023-01-24,MTR-009,239.9289,9.997,16.0279,3.8447,24,5.15,0,Winter
2023-01-24,MTR-010,44.3033,1.846,3.1004,0.5182,24,5.15,0,Winter
2023-01-24,MTR-011,116.8451,4.8685,8.7432,1.4257,24,5.15,0,Winter
2023-01-24,MTR-012,190.1509,7.923,13.0109,2.5471,24,5.15,0,Winter
2023-01-25,MTR-001,44.3104,1.8463,3.1186,0.6621,24,5.11,0,Winter
2023-01-25,MTR-002,134.7629,5.6151,9.5556,1.7137,24,5.11,0,Winter
2023-01-25,MTR-003,193.3074,8.0545,12.8712,2.6083,24,5.11,0,Winter
2023-01-25,MTR-004,52.1531,2.173,3.8466,0.8177,24,5.11,0,Winter
2023-01-25,MTR-005,129.479,5.395,8.9008,1.9388,24,5.11,0,Winter
2023-01-25,MTR-006,189.9728,7.9155,13.1343,2.7666,24,5.11,0,Winter
2023-01-25,MTR-007,43.3429,1.806,3.2098,0.5738,24,5.11,0,Winter
2023-01-25,MTR-008,128.5162,5.3548,9.9317,1.7321,24,5.11,0,Winter
2023-01-25,MTR-009,261.1091,10.8795,34.4852,3.537,24,5.11,0,Winter
2023-01-25,MTR-010,45.2593,1.8858,3.1433,0.6296,24,5.11,0,Winter
2023-01-25,MTR-011,118.5434,4.9393,8.7645,1.4633,24,5.11,0,Winter
2023-01-25,MTR-012,189.7759,7.9073,14.8381,2.7419,24,5.11,0,Winter
2023-01-26,MTR-001,43.6784,1.8199,3.0061,0.5906,24,5.37,0,Winter
2023-01-26,MTR-002,127.6766,5.3199,8.6948,1.6412,24,5.37,0,Winter
2023-01-26,MTR-003,190.8276,7.9512,14.9214,2.6173,24,5.37,0,Winter
2023-01-26,MTR-004,50.1067,2.0878,3.399,0.6697,24,5.37,0,Winter
2023-01-26,MTR-005,126.6118,5.2755,8.7562,1.7845,24,5.37,0,Winter
2023-01-26,MTR-006,193.2667,8.0528,12.5843,2.5879,24,5.37,0,Winter
2023-01-26,MTR-007,43.2374,1.8016,2.7503,0.5663,24,5.37,0,Winter
2023-01-26,MTR-008,125.7362,5.239,8.3946,1.6808,24,5.37,0,Winter
2023-01-26,MTR-009,238.1323,9.9222,17.4349,2.7595,24,5.37,0,Winter
2023-01-26,MTR-010,44.5334,1.8556,2.9153,0.5603,24,5.37,0,Winter
2023-01-26,MTR-011,117.798,4.9083,7.8184,1.4488,24,5.37,0,Winter
2023-01-26,MTR-012,211.9632,8.8318,33.5515,2.3934,24,5.37,0,Winter
2023-01-27,MTR-001,45.2112,1.8838,3.2398,0.6364,24,5.52,0,Winter
2023-01-27,MTR-002,126.4248,5.2677,10.2543,1.7105,24,5.52,0,Winter
2023-01-27,MTR-003,180.4441,7.5185,13.3059,0.2889,24,5.52,0,Winter
2023-01-27,MTR-004,51.7018,2.1542,3.7061,0.6921,24,5.52,0,Winter
2023-01-27,MTR-005,125.5237,5.2302,9.7356,1.6756,24,5.52,0,Winter
2023-01-27,MTR-006,195.8143,8.1589,13.1956,2.5511,24,5.52,0,Winter
2023-01-27,MTR-007,43.4331,1.8097,3.4132,0.6089,24,5.52,0,Winter
2023-01-27,MTR-008,125.5001,5.2292,8.9081,1.7013,24,5.52,0,Winter
2023-01-27,MTR-009,230.2089,9.592,17.5224,3.1127,24,5.52,0,Winter
2023-01-27,MTR-010,44.3152,1.8465,3.2571,0.5867,24,5.52,0,Winter
2023-01-27,MTR-011,114.2609,4.7609,8.8555,0.1654,24,5.52,0,Winter
2023-01-27,MTR-012,188.5303,7.8554,12.8961,2.4217,24,5.52,0,Winter
2023-01-28,MTR-001,47.3848,1.9744,3.6265,0.6388,24,5.77,1,Winter
2023-01-28,MTR-002,91.7515,3.823,6.7375,1.1604,24,5.77,1,Winter
2023-01-28,MTR-003,136.0999,5.6708,9.2957,1.9175,24,5.77,1,Winter
2023-01-28,MTR-004,54.8044,2.2835,4.1395,0.7616,24,5.77,1,Winter
2023-01-28,MTR-005,101.3879,4.2245,16.8768,0.07,24,5.77,1,Winter
2023-01-28,MTR-006,136.8762,5.7032,10.6815,2.1333,24,5.77,1,Winter
2023-01-28,MTR-007,44.7998,1.8667,3.3429,0.2347,24,5.77,1,Winter
2023-01-28,MTR-008,90.7009,3.7792,6.927,1.3693,24,5.77,1,Winter
2023-01-28,MTR-009,171.5125,7.1464,11.7874,2.4564,24,5.77,1,Winter
2023-01-28,MTR-010,45.4698,1.8946,3.582,0.082,24,5.77,1,Winter
2023-01-28,MTR-011,81.8316,3.4096,6.665,1.1757,24,5.77,1,Winter
2023-01-28,MTR-012,135.5043,5.646,10.7069,2.021,24,5.77,1,Winter
2023-01-29,MTR-001,56.0979,2.3374,11.7277,0.664,24,5.21,1,Winter
2023-01-29,MTR-002,95.0026,3.9584,5.9141,1.1008,24,5.21,1,Winter
2023-01-29,MTR-003,139.4673,5.8111,9.5374,1.9749,24,5.21,1,Winter
2023-01-29,MTR-004,55.0167,2.2924,3.8841,0.7608,24,5.21,1,Winter
2023-01-29,MTR-005,89.9876,3.7495,6.1814,1.2279,24,5.21,1,Winter
2023-01-29,MTR-006,140.2151,5.8423,9.6457,1.969,24,5.21,1,Winter
2023-01-29,MTR-007,47.051,1.9605,3.2099,0.605,24,5.21,1,Winter
2023-01-29,MTR-008,93.2642,3.886,6.9718,1.364,24,5.21,1,Winter
2023-01-29,MTR-009,169.8001,7.075,12.9429,2.51,24,5.21,1,Winter
2023-01-29,MTR-010,48.1875,2.0078,3.416,0.6696,24,5.21,1,Winter
2023-01-29,MTR-011,84.8621,3.5359,6.1352,1.0813,24,5.21,1,Winter
2023-01-29,MTR-012,133.1493,5.5479,9.3816,1.6848,24,5.21,1,Winter
2023-01-30,MTR-001,52.2815,2.1784,8.169,0.5873,24,5.51,0,Winter
2023-01-30,MTR-002,136.9496,5.7062,17.1971,1.9631,24,5.51,0,Winter
2023-01-30,MTR-003,190.6632,7.9443,13.3177,2.6578,24,5.51,0,Winter
2023-01-30,MTR-004,49.5883,2.0662,3.4481,0.7572,24,5.51,0,Winter
2023-01-30,MTR-005,126.662,5.2776,8.558,1.869,24,5.51,0,Winter
2023-01-30,MTR-006,194.5109,8.1046,15.1473,2.76,24,5.51,0,Winter
2023-01-30,MTR-007,42.4669,1.7695,2.9747,0.6214,24,5.51,0,Winter
2023-01-30,MTR-008,130.6911,5.4455,9.0333,1.7313,24,5.51,0,Winter
2023-01-30,MTR-009,238.6712,9.9446,17.0195,3.2519,24,5.51,0,Winter
2023-01-30,MTR-010,41.7324,1.7389,3.244,0.4082,24,5.51,0,Winter
2023-01-30,MTR-011,161.9325,6.7472,30.1402,1.4226,24,5.51,0,Winter
2023-01-30,MTR-012,185.5231,7.7301,13.3874,2.5789,24,5.51,0,Winter
2023-01-31,MTR-001,41.623,1.7343,2.933,0.5334,24,6.14,0,Winter
2023-01-31,MTR-002,124.8835,5.2035,8.6232,1.8152,24,6.14,0,Winter
2023-01-31,MTR-003,186.4373,7.7682,13.5681,2.8445,24,6.14,0,Winter
2023-01-31,MTR-004,49.9478,2.0812,3.7413,0.6866,24,6.14,0,Winter
2023-01-31,MTR-005,130.9332,5.4556,15.6537,1.7554,24,6.14,0,Winter
2023-01-31,MTR-006,186.8436,7.7851,13.1818,2.7739,24,6.14,0,Winter
2023-01-31,MTR-007,42.4752,1.7698,3.0551,0.6039,24,6.14,0,Winter
2023-01-31,MTR-008,128.9607,5.3734,10.2107,1.7119,24,6.14,0,Winter
2023-01-31,MTR-009,239.3808,9.9742,16.5311,3.3458,24,6.14,0,Winter
2023-01-31,MTR-010,43.04,1.7933,3.0292,0.5778,24,6.14,0,Winter
2023-01-31,MTR-011,118.4457,4.9352,8.9446,1.6452,24,6.14,0,Winter
2023-01-31,MTR-012,185.6214,7.7342,12.677,2.6938,24,6.14,0,Winter
2023-02-01,MTR-001,44.3844,1.8494,3.2452,0.6005,24,6.32,0,Winter
2023-02-01,MTR-002,122.7792,5.1158,8.874,1.566,24,6.32,0,Winter
2023-02-01,MTR-003,179.8279,7.4928,12.2031,2.2628,24,6.32,0,Winter
2023-02-01,MTR-004,50.9365,2.1224,4.0286,0.7206,24,6.32,0,Winter
2023-02-01,MTR-005,122.3229,5.0968,9.3519,1.7011,24,6.32,0,Winter
2023-02-01,MTR-006,193.4047,8.0585,14.9368,2.4988,24,6.32,0,Winter
2023-02-01,MTR-007,42.6489,1.777,3.1596,0.6334,24,6.32,0,Winter
2023-02-01,MTR-008,127.1215,5.2967,9.2586,1.7842,24,6.32,0,Winter
2023-02-01,MTR-009,235.2755,9.8031,16.0881,3.0444,24,6.32,0,Winter
2023-02-01,MTR-010,43.2763,1.8032,3.1382,0.5581,24,6.32,0,Winter
2023-02-01,MTR-011,114.7509,4.7813,7.5306,1.5555,24,6.32,0,Winter
2023-02-01,MTR-012,187.8464,7.8269,12.486,2.359,24,6.32,0,Winter
2023-02-02,MTR-001,44.0756,1.8365,3.2234,0.6092,24,5.93,0,Winter
2023-02-02,MTR-002,123.2895,5.1371,8.0426,1.587,24,5.93,0,Winter
2023-02-02,MTR-003,183.7531,7.6564,13.0132,2.5751,24,5.93,0,Winter
2023-02-02,MTR-004,50.317,2.0965,3.6627,0.6709,24,5.93,0,Winter
2023-02-02,MTR-005,122.6744,5.1114,8.341,1.7556,24,5.93,0,Winter
2023-02-02,MTR-006,193.1879,8.0495,13.584,2.7993,24,5.93,0,Winter
2023-02-02,MTR-007,41.1545,1.7148,2.8399,0.5168,24,5.93,0,Winter
2023-02-02,MTR-008,128.4866,5.3536,8.5285,1.7105,24,5.93,0,Winter
2023-02-02,MTR-009,232.1313,9.6721,16.472,3.1355,24,5.93,0,Winter
2023-02-02,MTR-010,44.5715,1.8571,3.1571,0.5451,24,5.93,0,Winter
2023-02-02,MTR-011,145.2476,6.052,28.0631,1.5472,24,5.93,0,Winter
2023-02-02,MTR-012,184.4367,7.6849,13.0199,2.9094,24,5.93,0,Winter
2023-02-03,MTR-001,48.5398,2.0225,7.5636,0.4935,24,5.61,0,Winter
2023-02-03,MTR-002,122.5747,5.1073,9.5885,1.8041,24,5.61,0,Winter
2023-02-03,MTR-003,188.8672,7.8695,14.3239,2.7585,24,5.61,0,Winter
2023-02-03,MTR-004,51.4349,2.1431,3.3677,0.7716,24,5.61,0,Winter
2023-02-03,MTR-005,123.7967,5.1582,8.6955,1.7505,24,5.61,0,Winter
2023-02-03,MTR-006,215.2717,8.9697,34.4315,2.5715,24,5.61,0,Winter
2023-02-03,MTR-007,43.1845,1.7994,2.8083,0.5701,24,5.61,0,Winter
2023-02-03,MTR-008,142.7718,5.9488,15.6765,1.8908,24,5.61,0,Winter
2023-02-03,MTR-009,245.5597,10.2317,17.6835,3.4257,24,5.61,0,Winter
2023-02-03,MTR-010,47.543,1.981,5.7999,0.5627,24,5.61,0,Winter
2023-02-03,MTR-011,114.1473,4.7561,8.4168,1.5862,24,5.61,0,Winter
2023-02-03,MTR-012,188.1768,7.8407,12.8174,2.4858,24,5.61,0,Winter
2023-02-04,MTR-001,43.421,1.8092,3.2244,0.6513,24,6.9,1,Winter
2023-02-04,MTR-002,88.7829,3.6993,5.7797,1.3762,24,6.9,1,Winter
2023-02-04,MTR-003,134.0777,5.5866,9.2915,1.9007,24,6.9,1,Winter
2023-02-04,MTR-004,53.5452,2.2311,3.5679,0.7813,24,6.9,1,Winter
2023-02-04,MTR-005,87.3794,3.6408,6.5223,1.1992,24,6.9,1,Winter
2023-02-04,MTR-006,134.2996,5.5958,9.9088,1.838,24,6.9,1,Winter
2023-02-04,MTR-007,45.1774,1.8824,3.4902,0.5968,24,6.9,1,Winter
2023-02-04,MTR-008,90.4884,3.7704,5.9971,1.1003,24,6.9,1,Winter
2023-02-04,MTR-009,167.5182,6.9799,12.694,2.5635,24,6.9,1,Winter
2023-02-04,MTR-010,45.0404,1.8767,3.2547,0.6569,24,6.9,1,Winter
2023-02-04,MTR-011,81.5001,3.3958,5.7481,1.0691,24,6.9,1,Winter
2023-02-04,MTR-012,146.9123,6.1213,25.1701,1.9258,24,6.9,1,Winter
2023-02-05,MTR-001,55.2461,2.3019,10.3145,0.6298,24,5.7,1,Winter
2023-02-05,MTR-002,101.858,4.2441,13.9915,1.2831,24,5.7,1,Winter
2023-02-05,MTR-003,132.9882,5.5412,11.0322,0.8703,24,5.7,1,Winter
2023-02-05,MTR-004,56.5711,2.3571,4.1196,0.7789,24,5.7,1,Winter
2023-02-05,MTR-005,101.0952,4.2123,15.172,1.2889,24,5.7,1,Winter
2023-02-05,MTR-006,134.5299,5.6054,10.0694,0.9661,24,5.7,1,Winter
2023-02-05,MTR-007,45.7333,1.9056,3.3469,0.6771,24,5.7,1,Winter
2023-02-05,MTR-008,92.6105,3.8588,6.3205,1.3451,24,5.7,1,Winter
2023-02-05,MTR-009,195.1848,8.1327,33.8311,2.3537,24,5.7,1,Winter
2023-02-05,MTR-010,47.6859,1.9869,3.4714,0.6288,24,5.7,1,Winter
2023-02-05,MTR-011,84.3537,3.5147,6.1885,1.0929,24,5.7,1,Winter
2023-02-05,MTR-012,134.9863,5.6244,9.2727,1.9948,24,5.7,1,Winter
2023-02-06,MTR-001,49.6879,2.0703,7.567,0.646,24,5.94,0,Winter
2023-02-06,MTR-002,124.1287,5.172,9.2838,1.9033,24,5.94,0,Winter
2023-02-06,MTR-003,193.0051,8.0419,13.8132,2.734,24,5.94,0,Winter
2023-02-06,MTR-004,49.4174,2.0591,3.433,0.6804,24,5.94,0,Winter
2023-02-06,MTR-005,129.3457,5.3894,8.8646,1.8922,24,5.94,0,Winter
2023-02-06,MTR-006,195.3822,8.1409,13.9414,2.8304,24,5.94,0,Winter
2023-02-06,MTR-007,46.845,1.9519,6.6528,0.5448,24,5.94,0,Winter
2023-02-06,MTR-008,129.2051,5.3835,8.8301,1.7085,24,5.94,0,Winter
2023-02-06,MTR-009,237.2768,9.8865,19.6272,3.1742,24,5.94,0,Winter
2023-02-06,MTR-010,43.7055,1.8211,3.3575,0.6045,24,5.94,0,Winter
2023-02-06,MTR-011,114.5086,4.7712,9.0361,1.5994,24,5.94,0,Winter
2023-02-06,MTR-012,189.8983,7.9124,13.0535,2.993,24,5.94,0,Winter
2023-02-07,MTR-001,43.6396,1.8183,2.9337,0.542,24,6.54,0,Winter
2023-02-07,MTR-002,127.3975,5.3082,10.0835,1.7243,24,6.54,0,Winter
2023-02-07,MTR-003,188.4639,7.8527,13.0403,2.4032,24,6.54,0,Winter
2023-02-07,MTR-004,50.0298,2.0846,3.6165,0.7406,24,6.54,0,Winter
2023-02-07,MTR-005,116.782,4.8659,9.5446,1.1473,24,6.54,0,Winter
2023-02-07,MTR-006,190.1573,7.9232,13.8863,2.7592,24,6.54,0,Winter
2023-02-07,MTR-007,46.9446,1.956,6.7772,0.5718,24,6.54,0,Winter
2023-02-07,MTR-008,125.4968,5.229,9.0697,1.5189,24,6.54,0,Winter
2023-02-07,MTR-009,228.841,9.535,16.7575,3.3979,24,6.54,0,Winter
2023-02-07,MTR-010,43.8059,1.8252,3.47,0.5791,24,6.54,0,Winter
2023-02-07,MTR-011,114.9788,4.7908,8.7044,1.6793,24,6.54,0,Winter
2023-02-07,MTR-012,183.7285,7.6554,12.6635,2.6519,24,6.54,0,Winter
2023-02-08,MTR-001,43.7744,1.8239,3.3394,0.5805,24,6.57,0,Winter
2023-02-08,MTR-002,126.15,5.2562,10.6101,1.6649,24,6.57,0,Winter
2023-02-08,MTR-003,183.1811,7.6325,14.3983,1.9037,24,6.57,0,Winter
2023-02-08,MTR-004,50.3697,2.0987,3.7028,0.6548,24,6.57,0,Winter
2023-02-08,MTR-005,121.977,5.0824,8.5714,1.8327,24,6.57,0,Winter
2023-02-08,MTR-006,205.1652,8.5486,23.5056,2.2621,24,6.57,0,Winter
2023-02-08,MTR-007,42.3159,1.7632,3.1011,0.6116,24,6.57,0,Winter
2023-02-08,MTR-008,125.267,5.2195,9.4942,1.8921,24,6.57,0,Winter
2023-02-08,MTR-009,232.1918,9.6747,17.4533,3.3008,24,6.57,0,Winter
2023-02-08,MTR-010,44.9739,1.8739,3.536,0.5912,24,6.57,0,Winter
2023-02-08,MTR-011,111.2527,4.6355,8.5322,0.4732,24,6.57,0,Winter
2023-02-08,MTR-012,219.6824,9.1534,48.0376,2.6456,24,6.57,0,Winter
2023-02-09,MTR-001,46.7198,1.9467,6.4012,0.5915,24,6.77,0,Winter
2023-02-09,MTR-002,125.8743,5.2448,8.3967,1.7353,24,6.77,0,Winter
2023-02-09,MTR-003,212.2655,8.8444,36.112,2.6778,24,6.77,0,Winter
2023-02-09,MTR-004,48.7766,2.0324,3.6365,0.6949,24,6.77,0,Winter
2023-02-09,MTR-005,124.828,5.2012,8.8446,1.5227,24,6.77,0,Winter
2023-02-09,MTR-006,226.9966,9.4582,36.2341,1.7592,24,6.77,0,Winter
2023-02-09,MTR-007,42.1297,1.7554,3.0429,0.5642,24,6.77,0,Winter
2023-02-09,MTR-008,129.2088,5.3837,8.4176,1.7282,24,6.77,0,Winter
2023-02-09,MTR-009,222.1736,9.2572,15.8797,0.6813,24,6.77,0,Winter
2023-02-09,MTR-010,44.708,1.8628,2.9711,0.5502,24,6.77,0,Winter
2023-02-09,MTR-011,117.8615,4.9109,8.9769,1.6624,24,6.77,0,Winter
2023-02-09,MTR-012,181.1192,7.5466,12.1571,2.2334,24,6.77,0,Winter
2023-02-10,MTR-001,43.4596,1.8108,3.1153,0.5922,24,7.12,0,Winter
2023-02-10,MTR-002,121.0085,5.042,7.849,1.7768,24,7.12,0,Winter
2023-02-10,MTR-003,185.3239,7.7218,13.1927,2.7036,24,7.12,0,Winter
2023-02-10,MTR-004,49.6184,2.0674,3.4306,0.6708,24,7.12,0,Winter
2023-02-10,MTR-005,119.5091,4.9795,7.9953,1.7774,24,7.12,0,Winter
2023-02-10,MTR-006,218.8516,9.1188,45.075,2.5849,24,7.12,0,Winter
2023-02-10,MTR-007,39.0166,1.6257,2.8051,0.3289,24,7.12,0,Winter
2023-02-10,MTR-008,129.0198,5.3758,8.6751,1.6614,24,7.12,0,Winter
2023-02-10,MTR-009,243.9652,10.1652,16.4005,3.3689,24,7.12,0,Winter
2023-02-10,MTR-010,41.687,1.737,3.0174,0.6452,24,7.12,0,Winter
2023-02-10,MTR-011,113.7491,4.7395,7.6619,1.4489,24,7.12,0,Winter
2023-02-10,MTR-012,182.2149,7.5923,13.3842,2.4841,24,7.12,0,Winter
2023-02-11,MTR-001,46.1253,1.9219,3.1632,0.6522,24,6.73,1,Winter
2023-02-11,MTR-002,90.4546,3.7689,6.2642,1.1319,24,6.73,1,Winter
2023-02-11,MTR-003,133.82,5.5758,9.1011,1.7955,24,6.73,1,Winter
2023-02-11,MTR-004,53.833,2.243,4.0214,0.7086,24,6.73,1,Winter
2023-02-11,MTR-005,88.6659,3.6944,6.6239,1.2785,24,6.73,1,Winter
2023-02-11,MTR-006,132.9221,5.5384,9.1421,2.0182,24,6.73,1,Winter
2023-02-11,MTR-007,45.9072,1.9128,3.1387,0.6386,24,6.73,1,Winter
2023-02-11,MTR-008,90.2662,3.7611,6.2073,0.3406,24,6.73,1,Winter
2023-02-11,MTR-009,167.3702,6.9738,10.8845,2.2205,24,6.73,1,Winter
2023-02-11,MTR-010,48.3466,2.0144,3.3976,0.6208,24,6.73,1,Winter
2023-02-11,MTR-011,83.6286,3.4845,5.8936,1.0021,24,6.73,1,Winter
2023-02-11,MTR-012,133.8911,5.5788,9.4835,1.7147,24,6.73,1,Winter
2023-02-12,MTR-001,46.4072,1.9336,2.9933,0.6456,24,7.05,1,Winter
2023-02-12,MTR-002,89.1323,3.7138,5.9684,1.111,24,7.05,1,Winter
2023-02-12,MTR-003,132.4353,5.5181,9.727,1.6348,24,7.05,1,Winter
2023-02-12,MTR-004,54.1168,2.2549,3.9553,0.7123,24,7.05,1,Winter
2023-02-12,MTR-005,84.9673,3.5403,5.8128,1.2163,24,7.05,1,Winter
2023-02-12,MTR-006,151.5385,6.3141,23.8012,1.7285,24,7.05,1,Winter
2023-02-12,MTR-007,44.5355,1.8556,3.2572,0.6586,24,7.05,1,Winter
2023-02-12,MTR-008,90.103,3.7543,7.2423,1.3176,24,7.05,1,Winter
2023-02-12,MTR-009,167.289,6.9704,12.1228,2.2598,24,7.05,1,Winter
2023-02-12,MTR-010,45.7487,1.9062,3.1069,0.6746,24,7.05,1,Winter
2023-02-12,MTR-011,91.4266,3.8094,14.2044,1.1571,24,7.05,1,Winter
2023-02-12,MTR-012,131.8852,5.4952,9.6639,1.9027,24,7.05,1,Winter
2023-02-13,MTR-001,43.1486,1.7979,3.3041,0.6357,24,7.22,0,Winter
2023-02-13,MTR-002,126.0097,5.2504,8.5951,1.7386,24,7.22,0,Winter
2023-02-13,MTR-003,184.1052,7.6711,12.12,2.94,24,7.22,0,Winter
2023-02-13,MTR-004,47.9572,1.9982,3.3561,0.6774,24,7.22,0,Winter
2023-02-13,MTR-005,122.4571,5.1024,7.9917,1.5421,24,7.22,0,Winter
2023-02-13,MTR-006,189.8021,7.9084,12.2464,2.8036,24,7.22,0,Winter
2023-02-13,MTR-007,42.0707,1.7529,2.7378,0.6512,24,7.22,0,Winter
2023-02-13,MTR-008,128.5161,5.3548,9.0344,1.842,24,7.22,0,Winter
2023-02-13,MTR-009,226.8553,9.4523,15.4394,3.1918,24,7.22,0,Winter
2023-02-13,MTR-010,44.0214,1.8342,2.738,0.62,24,7.22,0,Winter
2023-02-13,MTR-011,111.8084,4.6587,7.5834,1.2661,24,7.22,0,Winter
2023-02-13,MTR-012,195.5203,8.1467,22.0361,2.5461,24,7.22,0,Winter
2023-02-14,MTR-001,42.2246,1.7594,3.0889,0.5564,24,7.6,0,Winter
2023-02-14,MTR-002,116.8929,4.8705,8.096,1.8533,24,7.6,0,Winter
2023-02-14,MTR-003,180.71,7.5296,12.8937,2.5034,24,7.6,0,Winter
2023-02-14,MTR-004,49.8231,2.076,3.5635,0.6863,24,7.6,0,Winter
2023-02-14,MTR-005,119.2857,4.9702,8.3394,1.9297,24,7.6,0,Winter
2023-02-14,MTR-006,186.336,7.764,12.1904,2.6917,24,7.6,0,Winter
2023-02-14,MTR-007,40.2716,1.678,2.7144,0.6399,24,7.6,0,Winter
2023-02-14,MTR-008,124.2895,5.1787,8.3951,1.8071,24,7.6,0,Winter
2023-02-14,MTR-009,223.8412,9.3267,16.8225,1.7941,24,7.6,0,Winter
2023-02-14,MTR-010,42.2145,1.7589,2.9164,0.5545,24,7.6,0,Winter
2023-02-14,MTR-011,111.872,4.6613,7.9263,1.6232,24,7.6,0,Winter
2023-02-14,MTR-012,185.1967,7.7165,12.9596,2.7029,24,7.6,0,Winter
2023-02-15,MTR-001,42.5377,1.7724,2.9542,0.574,24,7.73,0,Winter
2023-02-15,MTR-002,122.5611,5.1067,8.4648,1.659,24,7.73,0,Winter
2023-02-15,MTR-003,189.1256,7.8802,13.3909,2.6161,24,7.73,0,Winter
2023-02-15,MTR-004,56.9742,2.3739,13.3679,0.3156,24,7.73,0,Winter
2023-02-15,MTR-005,120.7032,5.0293,7.8186,1.7146,24,7.73,0,Winter
2023-02-15,MTR-006,180.2339,7.5097,11.6958,2.4275,24,7.73,0,Winter
2023-02-15,MTR-007,47.7482,1.9895,7.8472,0.5866,24,7.73,0,Winter
2023-02-15,MTR-008,126.528,5.272,8.7408,1.6197,24,7.73,0,Winter
2023-02-15,MTR-009,225.7262,9.4053,15.2257,2.9945,24,7.73,0,Winter
2023-02-15,MTR-010,41.5406,1.7309,2.63,0.5291,24,7.73,0,Winter
2023-02-15,MTR-011,113.446,4.7269,8.3379,1.5914,24,7.73,0,Winter
2023-02-15,MTR-012,189.0384,7.8766,12.2967,2.6267,24,7.73,0,Winter
2023-02-16,MTR-001,42.7097,1.7796,3.1381,0.6298,24,7.25,0,Winter
2023-02-16,MTR-002,122.6763,5.1115,8.278,1.8474,24,7.25,0,Winter
2023-02-16,MTR-003,183.3146,7.6381,12.0084,2.5583,24,7.25,0,Winter
2023-02-16,MTR-004,50.0743,2.0864,3.2826,0.6637,24,7.25,0,Winter
2023-02-16,MTR-005,121.7405,5.0725,9.11,1.817,24,7.25,0,Winter
2023-02-16,MTR-006,191.7286,7.9887,14.3498,2.651,24,7.25,0,Winter
2023-02-16,MTR-007,40.98,1.7075,2.6611,0.5909,24,7.25,0,Winter
2023-02-16,MTR-008,123.2234,5.1343,8.5161,0.4687,24,7.25,0,Winter
2023-02-16,MTR-009,221.308,9.2212,16.081,1.3143,24,7.25,0,Winter
2023-02-16,MTR-010,45.0544,1.8773,2.9413,0.6163,24,7.25,0,Winter
2023-02-16,MTR-011,115.6054,4.8169,7.8272,1.5448,24,7.25,0,Winter
2023-02-16,MTR-012,178.0523,7.4188,12.1963,2.6661,24,7.25,0,Winter
2023-02-17,MTR-001,42.1275,1.7553,2.8951,0.5219,24,7.62,0,Winter
2023-02-17,MTR-002,118.1186,4.9216,9.7977,0.755,24,7.62,0,Winter
2023-02-17,MTR-003,190.916,7.9548,14.0557,2.7653,24,7.62,0,Winter
2023-02-17,MTR-004,49.8524,2.0772,3.476,0.6202,24,7.62,0,Winter
2023-02-17,MTR-005,116.9623,4.8734,8.0194,1.5951,24,7.62,0,Winter
2023-02-17,MTR-006,188.6724,7.8613,13.7021,2.6002,24,7.62,0,Winter
2023-02-17,MTR-007,41.8867,1.7453,3.0408,0.5804,24,7.62,0,Winter
2023-02-17,MTR-008,129.8139,5.4089,8.5035,1.7185,24,7.62,0,Winter
2023-02-17,MTR-009,234.4553,9.769,17.1634,3.2123,24,7.62,0,Winter
2023-02-17,MTR-010,40.9827,1.7076,3.2256,0.1565,24,7.62,0,Winter
2023-02-17,MTR-011,115.3408,4.8059,8.597,1.7102,24,7.62,0,Winter
2023-02-17,MTR-012,181.9211,7.58,13.3777,2.2838,24,7.62,0,Winter
2023-02-18,MTR-001,45.6575,1.9024,3.0376,0.5415,24,7.49,1,Winter
2023-02-18,MTR-002,86.059,3.5858,5.6662,1.2879,24,7.49,1,Winter
2023-02-18,MTR-003,132.7976,5.5332,8.8212,2.152,24,7.49,1,Winter
2023-02-18,MTR-004,52.2845,2.1785,3.7696,0.788,24,7.49,1,Winter
2023-02-18,MTR-005,101.8692,4.2446,19.5955,1.2045,24,7.49,1,Winter
2023-02-18,MTR-006,131.9197,5.4967,8.9707,1.9581,24,7.49,1,Winter
2023-02-18,MTR-007,43.8806,1.8284,2.9528,0.6273,24,7.49,1,Winter
2023-02-18,MTR-008,87.6178,3.6507,6.2077,0.719,24,7.49,1,Winter
2023-02-18,MTR-009,167.4186,6.9758,11.2925,2.409,24,7.49,1,Winter
2023-02-18,MTR-010,44.7884,1.8662,2.956,0.6976,24,7.49,1,Winter
2023-02-18,MTR-011,79.6341,3.3181,5.5469,1.194,24,7.49,1,Winter
2023-02-18,MTR-012,129.9665,5.4153,9.0442,1.7732,24,7.49,1,Winter
2023-02-19,MTR-001,45.8846,1.9119,3.0479,0.6701,24,7.35,1,Winter
2023-02-19,MTR-002,91.2228,3.801,7.0243,1.0925,24,7.35,1,Winter
2023-02-19,MTR-003,134.7922,5.6163,8.9689,1.7135,24,7.35,1,Winter
2023-02-19,MTR-004,52.8298,2.2012,3.6104,0.6427,24,7.35,1,Winter
2023-02-19,MTR-005,86.3059,3.5961,6.0386,1.1576,24,7.35,1,Winter
2023-02-19,MTR-006,131.5322,5.4805,9.4853,1.6948,24,7.35,1,Winter
2023-02-19,MTR-007,45.8989,1.9125,3.0378,0.5918,24,7.35,1,Winter
2023-02-19,MTR-008,89.5514,3.7313,6.3456,1.221,24,7.35,1,Winter
2023-02-19,MTR-009,163.9075,6.8295,11.4119,2.2156,24,7.35,1,Winter
2023-02-19,MTR-010,52.8633,2.2026,9.6231,0.6059,24,7.35,1,Winter
2023-02-19,MTR-011,83.8536,3.4939,6.2489,1.0906,24,7.35,1,Winter
2023-02-19,MTR-012,131.9103,5.4963,8.7533,1.5397,24,7.35,1,Winter
2023-02-20,MTR-001,41.9907,1.7496,2.9475,0.5328,24,8.25,0,Winter
2023-02-20,MTR-002,111.7427,4.6559,7.7641,0.98,24,8.25,0,Winter
2023-02-20,MTR-003,182.0744,7.5864,11.1639,2.5625,24,8.25,0,Winter
2023-02-20,MTR-004,47.895,1.9956,3.8299,0.672,24,8.25,0,Winter
2023-02-20,MTR-005,134.367,5.5986,24.1505,1.6304,24,8.25,0,Winter
2023-02-20,MTR-006,187.8649,7.8277,12.0749,2.5391,24,8.25,0,Winter
2023-02-20,MTR-007,41.1344,1.7139,3.0994,0.6115,24,8.25,0,Winter
2023-02-20,MTR-008,116.5031,4.8543,9.5865,0.7582,24,8.25,0,Winter
2023-02-20,MTR-009,257.8746,10.7448,48.8561,2.9202,24,8.25,0,Winter
2023-02-20,MTR-010,40.7613,1.6984,2.7492,0.5199,24,8.25,0,Winter
2023-02-20,MTR-011,108.6219,4.5259,7.5424,1.6593,24,8.25,0,Winter
2023-02-20,MTR-012,175.2467,7.3019,12.3589,2.448,24,8.25,0,Winter
2023-02-21,MTR-001,42.3661,1.7653,2.9702,0.5686,24,8.32,0,Winter
2023-02-21,MTR-002,123.6006,5.15,9.0324,1.7509,24,8.32,0,Winter
2023-02-21,MTR-003,180.3637,7.5152,13.258,2.6251,24,8.32,0,Winter
2023-02-21,MTR-004,47.4248,1.976,3.2672,0.6383,24,8.32,0,Winter
2023-02-21,MTR-005,120.3824,5.0159,8.0789,1.6094,24,8.32,0,Winter
2023-02-21,MTR-006,179.2342,7.4681,11.7817,2.4605,24,8.32,0,Winter
2023-02-21,MTR-007,41.4306,1.7263,2.8341,0.5708,24,8.32,0,Winter
2023-02-21,MTR-008,122.0427,5.0851,8.4024,1.7011,24,8.32,0,Winter
2023-02-21,MTR-009,247.9506,10.3313,29.2473,3.2507,24,8.32,0,Winter
2023-02-21,MTR-010,41.4367,1.7265,2.9672,0.5763,24,8.32,0,Winter
2023-02-21,MTR-011,113.334,4.7223,8.6921,1.6562,24,8.32,0,Winter
2023-02-21,MTR-012,186.555,7.7731,13.5114,2.3662,24,8.32,0,Winter
2023-02-22,MTR-001,41.3932,1.7247,2.6325,0.54,24,8.6,0,Winter
2023-02-22,MTR-002,127.0675,5.2945,10.035,1.6945,24,8.6,0,Winter
2023-02-22,MTR-003,194.5653,8.1069,20.7993,2.5411,24,8.6,0,Winter
2023-02-22,MTR-004,48.03,2.0013,3.4082,0.7136,24,8.6,0,Winter
2023-02-22,MTR-005,117.7769,4.9074,7.5957,0.1323,24,8.6,0,Winter
2023-02-22,MTR-006,181.0325,7.543,13.3669,2.7334,24,8.6,0,Winter
2023-02-22,MTR-007,41.4589,1.7275,2.7549,0.5626,24,8.6,0,Winter
2023-02-22,MTR-008,137.446,5.7269,20.7087,1.714,24,8.6,0,Winter
2023-02-22,MTR-009,257.7767,10.7407,38.5828,3.4673,24,8.6,0,Winter
2023-02-22,MTR-010,41.6776,1.7366,2.6063,0.5817,24,8.6,0,Winter
2023-02-22,MTR-011,110.7941,4.6164,8.2664,1.5403,24,8.6,0,Winter
2023-02-22,MTR-012,184.7611,7.6984,11.713,2.6432,24,8.6,0,Winter
2023-02-23,MTR-001,42.3238,1.7635,2.8981,0.6108,24,7.6,0,Winter
2023-02-23,MTR-002,123.0468,5.1269,8.9398,1.572,24,7.6,0,Winter
2023-02-23,MTR-003,182.959,7.6233,12.8419,2.4744,24,7.6,0,Winter
2023-02-23,MTR-004,54.9158,2.2882,6.544,0.7425,24,7.6,0,Winter
2023-02-23,MTR-005,120.1101,5.0046,8.5,1.6212,24,7.6,0,Winter
2023-02-23,MTR-006,183.0222,7.6259,13.5127,2.6295,24,7.6,0,Winter
2023-02-23,MTR-007,41.373,1.7239,2.9367,0.5462,24,7.6,0,Winter
2023-02-23,MTR-008,119.905,4.996,8.2371,1.7783,24,7.6,0,Winter
2023-02-23,MTR-009,216.642,9.0268,16.0818,0.6027,24,7.6,0,Winter
2023-02-23,MTR-010,41.295,1.7206,3.0996,0.6068,24,7.6,0,Winter
2023-02-23,MTR-011,115.6332,4.8181,8.5927,1.3927,24,7.6,0,Winter
2023-02-23,MTR-012,181.6103,7.5671,13.0353,2.4125,24,7.6,0,Winter
2023-02-24,MTR-001,40.7287,1.697,2.9645,0.49,24,8.71,0,Winter
2023-02-24,MTR-002,119.1069,4.9628,8.0297,1.6619,24,8.71,0,Winter
2023-02-24,MTR-003,181.6672,7.5695,12.3169,2.3683,24,8.71,0,Winter
2023-02-24,MTR-004,46.5557,1.9398,3.7443,0.2569,24,8.71,0,Winter
2023-02-24,MTR-005,117.0329,4.8764,8.1159,1.5154,24,8.71,0,Winter
2023-02-24,MTR-006,180.8133,7.5339,12.5115,2.5056,24,8.71,0,Winter
2023-02-24,MTR-007,41.3379,1.7224,2.9078,0.5323,24,8.71,0,Winter
2023-02-24,MTR-008,123.9639,5.1652,9.4219,1.7378,24,8.71,0,Winter
2023-02-24,MTR-009,223.9563,9.3315,15.9901,2.9817,24,8.71,0,Winter
2023-02-24,MTR-010,41.3435,1.7226,2.9772,0.5528,24,8.71,0,Winter
2023-02-24,MTR-011,108.3904,4.5163,8.2997,0.3347,24,8.71,0,Winter
2023-02-24,MTR-012,176.4325,7.3514,12.9736,2.5246,24,8.71,0,Winter
2023-02-25,MTR-001,44.9004,1.8709,3.1891,0.5881,24,9.05,1,Winter
2023-02-25,MTR-002,84.7504,3.5313,6.1088,1.1816,24,9.05,1,Winter
2023-02-25,MTR-003,144.9708,6.0405,23.0474,1.786,24,9.05,1,Winter
2023-02-25,MTR-004,50.2339,2.0931,3.196,0.6851,24,9.05,1,Winter
2023-02-25,MTR-005,84.8031,3.5335,6.0923,1.0978,24,9.05,1,Winter
2023-02-25,MTR-006,130.5615,5.4401,9.3453,1.7521,24,9.05,1,Winter
2023-02-25,MTR-007,43.5544,1.8148,3.0966,0.5734,24,9.05,1,Winter
2023-02-25,MTR-008,89.196,3.7165,7.0557,1.214,24,9.05,1,Winter
2023-02-25,MTR-009,161.3531,6.723,11.2547,2.245,24,9.05,1,Winter
2023-02-25,MTR-010,44.4815,1.8534,3.0085,0.5457,24,9.05,1,Winter
2023-02-25,MTR-011,80.3539,3.3481,5.3247,1.0928,24,9.05,1,Winter
2023-02-25,MTR-012,128.9927,5.3747,8.703,1.7875,24,9.05,1,Winter
2023-02-26,MTR-001,44.522,1.8551,3.1038,0.6174,24,8.82,1,Winter
2023-02-26,MTR-002,88.7492,3.6979,6.442,1.1615,24,8.82,1,Winter
2023-02-26,MTR-003,129.3962,5.3915,9.2645,1.7973,24,8.82,1,Winter
2023-02-26,MTR-004,51.485,2.1452,3.7157,0.7424,24,8.82,1,Winter
2023-02-26,MTR-005,85.3332,3.5555,6.1142,1.1218,24,8.82,1,Winter
2023-02-26,MTR-006,146.9032,6.121,26.9863,1.7139,24,8.82,1,Winter
2023-02-26,MTR-007,43.897,1.829,2.9392,0.5879,24,8.82,1,Winter
2023-02-26,MTR-008,86.8434,3.6185,5.7503,1.1729,24,8.82,1,Winter
2023-02-26,MTR-009,167.8695,6.9946,10.5167,2.2199,24,8.82,1,Winter
2023-02-26,MTR-010,45.2977,1.8874,3.2577,0.6002,24,8.82,1,Winter
2023-02-26,MTR-011,89.5286,3.7304,15.1881,1.1373,24,8.82,1,Winter
2023-02-26,MTR-012,127.6213,5.3176,8.9005,1.8482,24,8.82,1,Winter
2023-02-27,MTR-001,40.6171,1.6924,3.0295,0.5498,24,9.16,0,Winter
2023-02-27,MTR-002,120.2816,5.0117,9.0579,1.7954,24,9.16,0,Winter
2023-02-27,MTR-003,181.1084,7.5462,13.0534,2.6,24,9.16,0,Winter
2023-02-27,MTR-004,47.6979,1.9874,3.6907,0.5876,24,9.16,0,Winter
2023-02-27,MTR-005,118.6574,4.9441,8.4051,1.4924,24,9.16,0,Winter
2023-02-27,MTR-006,178.433,7.4347,11.4149,2.4923,24,9.16,0,Winter
2023-02-27,MTR-007,39.6387,1.6516,2.8965,0.5528,24,9.16,0,Winter
2023-02-27,MTR-008,119.2851,4.9702,7.907,1.5687,24,9.16,0,Winter
2023-02-27,MTR-009,265.7356,11.0723,60.7136,2.7699,24,9.16,0,Winter
2023-02-27,MTR-010,39.1357,1.6307,2.9808,0.2442,24,9.16,0,Winter
2023-02-27,MTR-011,108.7038,4.5293,7.874,1.5616,24,9.16,0,Winter
2023-02-27,MTR-012,179.4901,7.4788,12.6006,2.6019,24,9.16,0,Winter
2023-02-28,MTR-001,40.9846,1.7077,2.8944,0.4846,24,9.64,0,Winter
2023-02-28,MTR-002,116.6254,4.8594,8.147,1.7911,24,9.64,0,Winter
2023-02-28,MTR-003,172.6881,7.1953,10.4046,2.3592,24,9.64,0,Winter
2023-02-28,MTR-004,48.1985,2.0083,3.5233,0.6688,24,9.64,0,Winter
2023-02-28,MTR-005,114.8969,4.7874,8.5629,1.605,24,9.64,0,Winter
2023-02-28,MTR-006,180.0561,7.5023,12.6837,2.5616,24,9.64,0,Winter
2023-02-28,MTR-007,39.4981,1.6458,2.4068,0.5524,24,9.64,0,Winter
2023-02-28,MTR-008,139.1678,5.7987,23.9056,1.6772,24,9.64,0,Winter
2023-02-28,MTR-009,257.2837,10.7202,47.3754,3.1262,24,9.64,0,Winter
2023-02-28,MTR-010,40.5559,1.6898,2.8072,0.536,24,9.64,0,Winter
2023-02-28,MTR-011,116.814,4.8673,16.8867,0.7365,24,9.64,0,Winter
2023-02-28,MTR-012,170.079,7.0866,13.5519,0.816,24,9.64,0,Winter
2023-03-01,MTR-001,41.1792,1.7158,2.7025,0.5326,24,9.57,0,Spring
2023-03-01,MTR-002,117.638,4.9016,7.987,1.5376,24,9.57,0,Spring
2023-03-01,MTR-003,194.1992,8.0916,27.2086,2.3289,24,9.57,0,Spring
2023-03-01,MTR-004,44.8688,1.8695,3.2411,0.508,24,9.57,0,Spring
2023-03-01,MTR-005,117.4275,4.8928,8.2926,1.6241,24,9.57,0,Spring
2023-03-01,MTR-006,179.7382,7.4891,13.4241,2.6381,24,9.57,0,Spring
2023-03-01,MTR-007,40.0644,1.6694,2.7882,0.5952,24,9.57,0,Spring
2023-03-01,MTR-008,121.944,5.081,8.2866,1.6495,24,9.57,0,Spring
2023-03-01,MTR-009,216.3758,9.0157,15.0374,3.2294,24,9.57,0,Spring
2023-03-01,MTR-010,40.2937,1.6789,2.7756,0.5307,24,9.57,0,Spring
2023-03-01,MTR-011,105.2892,4.387,7.4706,1.5153,24,9.57,0,Spring
2023-03-01,MTR-012,199.2041,8.3002,35.8444,2.3117,24,9.57,0,Spring
2023-03-02,MTR-001,40.4843,1.6868,2.716,0.5391,24,9.45,0,Spring
2023-03-02,MTR-002,119.898,4.9958,8.0016,1.5054,24,9.45,0,Spring
2023-03-02,MTR-003,179.8345,7.4931,12.5642,2.3624,24,9.45,0,Spring
2023-03-02,MTR-004,47.6395,1.985,3.6859,0.6477,24,9.45,0,Spring
2023-03-02,MTR-005,115.8949,4.829,7.6174,1.5481,24,9.45,0,Spring
2023-03-02,MTR-006,177.2342,7.3848,11.2477,2.4881,24,9.45,0,Spring
2023-03-02,MTR-007,40.5488,1.6895,2.7506,0.5921,24,9.45,0,Spring
2023-03-02,MTR-008,120.6861,5.0286,7.9166,1.7244,24,9.45,0,Spring
2023-03-02,MTR-009,223.1647,9.2985,14.5421,3.2897,24,9.45,0,Spring
2023-03-02,MTR-010,41.3012,1.7209,2.8911,0.5259,24,9.45,0,Spring
2023-03-02,MTR-011,107.2449,4.4685,7.3379,1.5167,24,9.45,0,Spring
2023-03-02,MTR-012,177.2706,7.3863,13.2273,2.7655,24,9.45,0,Spring
2023-03-03,MTR-001,41.5701,1.7321,2.7482,0.5092,24,9.44,0,Spring
2023-03-03,MTR-002,117.8745,4.9114,8.1087,1.645,24,9.44,0,Spring
2023-03-03,MTR-003,180.1877,7.5078,12.766,2.2584,24,9.44,0,Spring
2023-03-03,MTR-004,46.9875,1.9578,3.3008,0.7005,24,9.44,0,Spring
2023-03-03,MTR-005,130.3802,5.4325,18.6314,1.4714,24,9.44,0,Spring
2023-03-03,MTR-006,163.1672,6.7986,12.1103,0.3858,24,9.44,0,Spring
2023-03-03,MTR-007,40.1583,1.6733,2.8825,0.6113,24,9.44,0,Spring
2023-03-03,MTR-008,119.1616,4.9651,8.6115,1.6037,24,9.44,0,Spring
2023-03-03,MTR-009,217.9211,9.08,14.1919,2.518,24,9.44,0,Spring
2023-03-03,MTR-010,41.332,1.7222,2.9098,0.6254,24,9.44,0,Spring
2023-03-03,MTR-011,101.8518,4.2438,7.3029,0.1332,24,9.44,0,Spring
2023-03-03,MTR-012,173.4317,7.2263,11.187,2.6128,24,9.44,0,Spring
2023-03-04,MTR-001,44.6287,1.8595,3.16,0.6529,24,9.34,1,Spring
2023-03-04,MTR-002,90.0177,3.7507,5.8545,1.1509,24,9.34,1,Spring
2023-03-04,MTR-003,131.0702,5.4613,8.9597,1.9013,24,9.34,1,Spring
2023-03-04,MTR-004,52.8404,2.2017,3.7443,0.6885,24,9.34,1,Spring
2023-03-04,MTR-005,83.5401,3.4808,5.8127,1.2176,24,9.34,1,Spring
2023-03-04,MTR-006,146.1535,6.0897,22.1154,1.9289,24,9.34,1,Spring
2023-03-04,MTR-007,43.8749,1.8281,3.1546,0.6159,24,9.34,1,Spring
2023-03-04,MTR-008,87.6649,3.6527,5.6891,1.2285,24,9.34,1,Spring
2023-03-04,MTR-009,176.7556,7.3648,20.3627,2.0444,24,9.34,1,Spring
2023-03-04,MTR-010,43.4843,1.8118,3.2339,0.6577,24,9.34,1,Spring
2023-03-04,MTR-011,78.1142,3.2548,5.6487,1.0957,24,9.34,1,Spring
2023-03-04,MTR-012,127.6561,5.319,8.6799,1.5569,24,9.34,1,Spring
2023-03-05,MTR-001,43.0889,1.7954,3.2361,0.5794,24,9.92,1,Spring
2023-03-05,MTR-002,83.8033,3.4918,6.2658,0.5776,24,9.92,1,Spring
2023-03-05,MTR-003,129.1556,5.3815,9.379,1.6285,24,9.92,1,Spring
2023-03-05,MTR-004,52.3759,2.1823,3.7357,0.7079,24,9.92,1,Spring
2023-03-05,MTR-005,82.6291,3.4429,5.9993,1.165,24,9.92,1,Spring
2023-03-05,MTR-006,127.3747,5.3073,8.2689,1.6065,24,9.92,1,Spring
2023-03-05,MTR-007,43.779,1.8241,2.8167,0.6114,24,9.92,1,Spring
2023-03-05,MTR-008,84.7159,3.5298,6.2194,1.2312,24,9.92,1,Spring
2023-03-05,MTR-009,158.0399,6.585,11.1088,1.9912,24,9.92,1,Spring
2023-03-05,MTR-010,42.99,1.7913,3.3533,0.5915,24,9.92,1,Spring
2023-03-05,MTR-011,79.397,3.3082,5.313,1.0567,24,9.92,1,Spring
2023-03-05,MTR-012,120.1863,5.0078,8.1547,0.2689,24,9.92,1,Spring
2023-03-06,MTR-001,40.7538,1.6981,2.6495,0.6155,24,9.63,0,Spring
2023-03-06,MTR-002,115.7401,4.8225,7.6222,1.7351,24,9.63,0,Spring
2023-03-06,MTR-003,180.8012,7.5334,13.4202,2.4813,24,9.63,0,Spring
2023-03-06,MTR-004,47.8726,1.9947,3.4243,0.6805,24,9.63,0,Spring
2023-03-06,MTR-005,118.1478,4.9228,8.3305,1.5753,24,9.63,0,Spring
2023-03-06,MTR-006,181.7614,7.5734,12.556,2.7018,24,9.63,0,Spring
2023-03-06,MTR-007,43.7124,1.8214,5.5788,0.5434,24,9.63,0,Spring
2023-03-06,MTR-008,115.9558,4.8315,8.0552,0.8103,24,9.63,0,Spring
2023-03-06,MTR-009,215.545,8.981,14.8005,2.6962,24,9.63,0,Spring
2023-03-06,MTR-010,40.7996,1.7,2.6096,0.5326,24,9.63,0,Spring
2023-03-06,MTR-011,105.1672,4.382,7.2439,1.6597,24,9.63,0,Spring
2023-03-06,MTR-012,165.9422,6.9143,12.0244,0.7178,24,9.63,0,Spring
2023-03-07,MTR-001,40.6695,1.6946,2.9381,0.6074,24,9.95,0,Spring
2023-03-07,MTR-002,130.8074,5.4503,19.9745,1.6561,24,9.95,0,Spring
2023-03-07,MTR-003,168.7383,7.0308,12.3021,1.8121,24,9.95,0,Spring
2023-03-07,MTR-004,48.1319,2.0055,3.4249,0.6871,24,9.95,0,Spring
2023-03-07,MTR-005,114.0916,4.7538,7.0811,1.6572,24,9.95,0,Spring
2023-03-07,MTR-006,170.894,7.1206,12.1462,1.0405,24,9.95,0,Spring
2023-03-07,MTR-007,39.5836,1.6493,2.604,0.5709,24,9.95,0,Spring
2023-03-07,MTR-008,120.1081,5.0045,8.6283,1.591,24,9.95,0,Spring
2023-03-07,MTR-009,213.9379,8.9141,15.2566,2.963,24,9.95,0,Spring
2023-03-07,MTR-010,40.8063,1.7003,2.8241,0.5669,24,9.95,0,Spring
2023-03-07,MTR-011,104.8981,4.3708,7.1494,0.7661,24,9.95,0,Spring
2023-03-07,MTR-012,179.3792,7.4741,12.1425,2.294,24,9.95,0,Spring
2023-03-08,MTR-001,39.7923,1.658,2.8807,0.5785,24,10.91,0,Spring
2023-03-08,MTR-002,113.6727,4.7364,7.6254,1.6685,24,10.91,0,Spring
2023-03-08,MTR-003,173.739,7.2391,13.5059,2.2491,24,10.91,0,Spring
2023-03-08,MTR-004,52.5432,2.1893,8.1936,0.6288,24,10.91,0,Spring
2023-03-08,MTR-005,114.6026,4.7751,7.2841,1.5722,24,10.91,0,Spring
2023-03-08,MTR-006,178.301,7.4292,12.8036,2.7281,24,10.91,0,Spring
2023-03-08,MTR-007,38.4271,1.6011,2.7058,0.5197,24,10.91,0,Spring
2023-03-08,MTR-008,126.5849,5.2744,16.1603,1.602,24,10.91,0,Spring
2023-03-08,MTR-009,214.2954,8.929,15.8441,3.0167,24,10.91,0,Spring
2023-03-08,MTR-010,40.6499,1.6937,3.0292,0.5818,24,10.91,0,Spring
2023-03-08,MTR-011,106.7016,4.4459,7.6125,1.4194,24,10.91,0,Spring
2023-03-08,MTR-012,170.8228,7.1176,13.1683,2.2504,24,10.91,0,Spring
2023-03-09,MTR-001,39.9731,1.6655,2.7499,0.5104,24,10.4,0,Spring
2023-03-09,MTR-002,117.4116,4.8922,7.7972,1.6106,24,10.4,0,Spring
2023-03-09,MTR-003,172.0303,7.1679,12.3003,2.2253,24,10.4,0,Spring
2023-03-09,MTR-004,46.4672,1.9361,3.388,0.586,24,10.4,0,Spring
2023-03-09,MTR-005,112.4998,4.6875,8.1336,0.2122,24,10.4,0,Spring
2023-03-09,MTR-006,175.5761,7.3157,12.5837,2.2112,24,10.4,0,Spring
2023-03-09,MTR-007,38.9106,1.6213,2.612,0.4741,24,10.4,0,Spring
2023-03-09,MTR-008,119.0665,4.9611,8.2908,1.6281,24,10.4,0,Spring
2023-03-09,MTR-009,214.6607,8.9442,14.9448,3.1308,24,10.4,0,Spring
2023-03-09,MTR-010,39.7527,1.6564,2.6781,0.5099,24,10.4,0,Spring
2023-03-09,MTR-011,105.9429,4.4143,7.0561,1.4835,24,10.4,0,Spring
2023-03-09,MTR-012,184.1058,7.6711,12.2492,2.2065,24,10.4,0,Spring
2023-03-10,MTR-001,39.879,1.6616,2.6964,0.535,24,10.95,0,Spring
2023-03-10,MTR-002,115.0587,4.7941,7.7426,1.6525,24,10.95,0,Spring
2023-03-10,MTR-003,176.5268,7.3553,11.3726,2.1465,24,10.95,0,Spring
2023-03-10,MTR-004,46.5989,1.9416,3.0644,0.6688,24,10.95,0,Spring
2023-03-10,MTR-005,114.654,4.7772,7.7546,1.4858,24,10.95,0,Spring
2023-03-10,MTR-006,174.6202,7.2758,12.6592,2.156,24,10.95,0,Spring
2023-03-10,MTR-007,40.3662,1.6819,3.892,0.2212,24,10.95,0,Spring
2023-03-10,MTR-008,115.0505,4.7938,7.5473,1.5884,24,10.95,0,Spring
2023-03-10,MTR-009,216.3086,9.0129,14.4499,2.851,24,10.95,0,Spring
2023-03-10,MTR-010,39.9734,1.6656,2.7956,0.5823,24,10.95,0,Spring
2023-03-10,MTR-011,102.443,4.2685,7.7182,1.4384,24,10.95,0,Spring
2023-03-10,MTR-012,170.684,7.1118,12.4153,2.3963,24,10.95,0,Spring
2023-03-11,MTR-001,42.0019,1.7501,2.8543,0.2737,24,10.69,1,Spring
2023-03-11,MTR-002,99.3448,4.1394,21.2277,1.1264,24,10.69,1,Spring
2023-03-11,MTR-003,124.8988,5.2041,9.2132,1.8184,24,10.69,1,Spring
2023-03-11,MTR-004,52.1721,2.1738,3.725,0.6771,24,10.69,1,Spring
2023-03-11,MTR-005,83.8714,3.4946,5.9629,1.1191,24,10.69,1,Spring
2023-03-11,MTR-006,123.7818,5.1576,8.9855,1.8029,24,10.69,1,Spring
2023-03-11,MTR-007,42.125,1.7552,2.8538,0.6772,24,10.69,1,Spring
2023-03-11,MTR-008,95.7675,3.9903,16.5789,0.9593,24,10.69,1,Spring
2023-03-11,MTR-009,154.5148,6.4381,10.6215,2.3432,24,10.69,1,Spring
2023-03-11,MTR-010,42.8781,1.7866,2.8651,0.6291,24,10.69,1,Spring
2023-03-11,MTR-011,77.3794,3.2241,5.4987,1.0212,24,10.69,1,Spring
2023-03-11,MTR-012,125.3879,5.2245,9.1021,1.7711,24,10.69,1,Spring
2023-03-12,MTR-001,48.123,2.0051,7.7385,0.5944,24,10.73,1,Spring
2023-03-12,MTR-002,87.7209,3.655,7.8548,1.0807,24,10.73,1,Spring
2023-03-12,MTR-003,123.3693,5.1404,9.2168,1.6905,24,10.73,1,Spring
2023-03-12,MTR-004,50.1332,2.0889,3.657,0.6908,24,10.73,1,Spring
2023-03-12,MTR-005,81.4887,3.3954,6.3142,1.0698,24,10.73,1,Spring
2023-03-12,MTR-006,126.9663,5.2903,9.0865,1.6117,24,10.73,1,Spring
2023-03-12,MTR-007,47.9864,1.9994,9.1953,0.6215,24,10.73,1,Spring
2023-03-12,MTR-008,83.6686,3.4862,5.9354,1.1933,24,10.73,1,Spring
2023-03-12,MTR-009,157.1934,6.5497,10.0701,1.9717,24,10.73,1,Spring
2023-03-12,MTR-010,42.9168,1.7882,3.1218,0.1368,24,10.73,1,Spring
2023-03-12,MTR-011,74.687,3.112,5.3961,1.0423,24,10.73,1,Spring
2023-03-12,MTR-012,121.4659,5.0611,8.558,1.6873,24,10.73,1,Spring
2023-03-13,MTR-001,39.3224,1.6384,2.8072,0.5457,24,11.28,0,Spring
2023-03-13,MTR-002,114.5561,4.7732,7.815,1.6092,24,11.28,0,Spring
2023-03-13,MTR-003,168.6361,7.0265,12.2491,2.2029,24,11.28,0,Spring
2023-03-13,MTR-004,45.5287,1.897,3.1632,0.6867,24,11.28,0,Spring
2023-03-13,MTR-005,115.3187,4.8049,7.3404,1.5357,24,11.28,0,Spring
2023-03-13,MTR-006,176.9015,7.3709,12.6493,2.2335,24,11.28,0,Spring
2023-03-13,MTR-007,38.6282,1.6095,2.7933,0.5029,24,11.28,0,Spring
2023-03-13,MTR-008,115.9915,4.833,8.4292,1.4092,24,11.28,0,Spring
2023-03-13,MTR-009,237.5007,9.8959,37.7679,1.0213,24,11.28,0,Spring
2023-03-13,MTR-010,36.5775,1.5241,3.0221,0.1088,24,11.28,0,Spring
2023-03-13,MTR-011,105.7201,4.405,7.2235,1.3792,24,11.28,0,Spring
2023-03-13,MTR-012,169.9135,7.0797,11.5964,2.0951,24,11.28,0,Spring
2023-03-14,MTR-001,39.8884,1.662,2.8663,0.5295,24,11.55,0,Spring
2023-03-14,MTR-002,111.3917,4.6413,7.9315,1.544,24,11.55,0,Spring
2023-03-14,MTR-003,170.6818,7.1117,12.8355,2.2758,24,11.55,0,Spring
2023-03-14,MTR-004,46.2244,1.926,3.2317,0.5726,24,11.55,0,Spring
2023-03-14,MTR-005,114.3297,4.7637,8.0743,1.5168,24,11.55,0,Spring
2023-03-14,MTR-006,177.8809,7.4117,12.5384,2.444,24,11.55,0,Spring
2023-03-14,MTR-007,37.8422,1.5768,2.7697,0.5286,24,11.55,0,Spring
2023-03-14,MTR-008,117.5723,4.8988,8.7825,1.4924,24,11.55,0,Spring
2023-03-14,MTR-009,217.7828,9.0743,14.9303,3.0703,24,11.55,0,Spring
2023-03-14,MTR-010,40.2245,1.676,2.8149,0.5506,24,11.55,0,Spring
2023-03-14,MTR-011,105.2055,4.3836,7.7059,1.4708,24,11.55,0,Spring
2023-03-14,MTR-012,170.2377,7.0932,12.8505,2.3657,24,11.55,0,Spring
2023-03-15,MTR-001,38.6452,1.6102,2.8853,0.5493,24,11.75,0,Spring
2023-03-15,MTR-002,114.4498,4.7687,7.7595,1.5736,24,11.75,0,Spring
2023-03-15,MTR-003,187.9479,7.8312,19.5898,2.4878,24,11.75,0,Spring
2023-03-15,MTR-004,54.969,2.2904,11.1241,0.6268,24,11.75,0,Spring
2023-03-15,MTR-005,114.5037,4.771,8.315,1.6426,24,11.75,0,Spring
2023-03-15,MTR-006,172.9682,7.207,12.6197,2.246,24,11.75,0,Spring
2023-03-15,MTR-007,39.5638,1.6485,2.6987,0.4728,24,11.75,0,Spring
2023-03-15,MTR-008,115.47,4.8112,8.3994,1.7639,24,11.75,0,Spring
2023-03-15,MTR-009,212.073,8.8364,15.1323,3.1398,24,11.75,0,Spring
2023-03-15,MTR-010,39.8611,1.6609,2.9505,0.5093,24,11.75,0,Spring
2023-03-15,MTR-011,106.9751,4.4573,7.2498,1.4261,24,11.75,0,Spring
2023-03-15,MTR-012,166.8092,6.9504,11.485,2.2103,24,11.75,0,Spring
2023-03-16,MTR-001,40.0252,1.6677,2.649,0.6169,24,11.55,0,Spring
2023-03-16,MTR-002,114.1355,4.7556,8.0124,1.6134,24,11.55,0,Spring
2023-03-16,MTR-003,170.4286,7.1012,12.7054,2.4518,24,11.55,0,Spring
2023-03-16,MTR-004,46.0295,1.9179,3.205,0.7485,24,11.55,0,Spring
2023-03-16,MTR-005,109.945,4.581,7.5523,1.5982,24,11.55,0,Spring
2023-03-16,MTR-006,179.9237,7.4968,14.037,2.4935,24,11.55,0,Spring
2023-03-16,MTR-007,38.1052,1.5877,2.7991,0.5848,24,11.55,0,Spring
2023-03-16,MTR-008,117.4236,4.8927,8.1458,1.6585,24,11.55,0,Spring
2023-03-16,MTR-009,216.7556,9.0315,16.1499,3.0281,24,11.55,0,Spring
2023-03-16,MTR-010,38.0015,1.5834,2.9515,0.1906,24,11.55,0,Spring
2023-03-16,MTR-011,104.3905,4.3496,7.4315,1.4196,24,11.55,0,Spring
2023-03-16,MTR-012,174.0797,7.2533,13.5459,2.6455,24,11.55,0,Spring
2023-03-17,MTR-001,36.3979,1.5166,2.5613,0.5105,24,12.35,0,Spring
2023-03-17,MTR-002,113.5937,4.7331,9.0454,1.4513,24,12.35,0,Spring
2023-03-17,MTR-003,167.158,6.9649,11.4419,2.1298,24,12.35,0,Spring
2023-03-17,MTR-004,46.6578,1.9441,3.055,0.6615,24,12.35,0,Spring
2023-03-17,MTR-005,111.4519,4.6438,8.2593,1.4805,24,12.35,0,Spring
2023-03-17,MTR-006,172.6911,7.1955,12.346,2.4855,24,12.35,0,Spring
2023-03-17,MTR-007,41.2673,1.7195,3.737,0.563,24,12.35,0,Spring
2023-03-17,MTR-008,115.3219,4.8051,8.0258,1.7309,24,12.35,0,Spring
2023-03-17,MTR-009,206.6348,8.6098,13.8984,2.5805,24,12.35,0,Spring
2023-03-17,MTR-010,36.9875,1.5411,2.5326,0.3261,24,12.35,0,Spring
2023-03-17,MTR-011,102.0726,4.253,6.9608,1.4232,24,12.35,0,Spring
2023-03-17,MTR-012,166.2058,6.9252,12.688,2.5233,24,12.35,0,Spring
2023-03-18,MTR-001,41.9076,1.7462,3.2199,0.6133,24,12.19,1,Spring
2023-03-18,MTR-002,83.6702,3.4863,5.3363,1.1501,24,12.19,1,Spring
2023-03-18,MTR-003,127.5325,5.3139,8.7236,1.6958,24,12.19,1,Spring
2023-03-18,MTR-004,49.5884,2.0662,3.8409,0.7263,24,12.19,1,Spring
2023-03-18,MTR-005,80.0528,3.3355,6.2716,1.1063,24,12.19,1,Spring
2023-03-18,MTR-006,129.0726,5.378,9.1053,1.7585,24,12.19,1,Spring
2023-03-18,MTR-007,43.307,1.8045,2.8614,0.6034,24,12.19,1,Spring
2023-03-18,MTR-008,82.3966,3.4332,5.3522,1.1258,24,12.19,1,Spring
2023-03-18,MTR-009,166.6923,6.9455,17.5018,2.104,24,12.19,1,Spring
2023-03-18,MTR-010,41.5544,1.7314,2.8173,0.5928,24,12.19,1,Spring
2023-03-18,MTR-011,76.1835,3.1743,5.5328,1.0405,24,12.19,1,Spring
2023-03-18,MTR-012,126.4156,5.2673,8.489,1.589,24,12.19,1,Spring
2023-03-19,MTR-001,42.4095,1.7671,3.1338,0.5267,24,12.33,1,Spring
2023-03-19,MTR-002,81.3573,3.3899,5.6628,1.1584,24,12.33,1,Spring
2023-03-19,MTR-003,120.3248,5.0135,8.99,0.407,24,12.33,1,Spring
2023-03-19,MTR-004,49.1277,2.047,3.4653,0.6066,24,12.33,1,Spring
2023-03-19,MTR-005,80.6376,3.3599,5.2665,1.1991,24,12.33,1,Spring
2023-03-19,MTR-006,125.4791,5.2283,8.7875,1.7371,24,12.33,1,Spring
2023-03-19,MTR-007,41.6517,1.7355,3.0489,0.627,24,12.33,1,Spring
2023-03-19,MTR-008,83.5717,3.4822,5.9937,0.9087,24,12.33,1,Spring
2023-03-19,MTR-009,171.0046,7.1252,33.0656,1.9953,24,12.33,1,Spring
2023-03-19,MTR-010,42.2871,1.762,2.8596,0.5718,24,12.33,1,Spring
2023-03-19,MTR-011,75.2943,3.1373,5.1804,1.0775,24,12.33,1,Spring
2023-03-19,MTR-012,119.9425,4.9976,9.1758,1.5093,24,12.33,1,Spring
2023-03-20,MTR-001,39.5251,1.6469,3.1777,0.5129,24,12.18,0,Spring
2023-03-20,MTR-002,112.7821,4.6993,7.2647,1.544,24,12.18,0,Spring
2023-03-20,MTR-003,170.4098,7.1004,12.0801,2.2768,24,12.18,0,Spring
2023-03-20,MTR-004,44.1396,1.8392,3.0621,0.4003,24,12.19,0,Spring
2023-03-20,MTR-005,110.375,4.599,7.7224,1.3972,24,12.18,0,Spring
2023-03-20,MTR-006,171.7983,7.1583,12.1389,2.2712,24,12.18,0,Spring
2023-03-20,MTR-007,38.486,1.6036,2.5804,0.4926,24,12.18,0,Spring
2023-03-20,MTR-008,116.8044,4.8669,8.2246,1.5399,24,12.18,0,Spring
2023-03-20,MTR-009,222.696,9.279,14.9385,2.6383,24,12.18,0,Spring
2023-03-20,MTR-010,39.6064,1.6503,2.7142,0.5239,24,12.19,0,Spring
2023-03-20,MTR-011,103.9824,4.3326,7.6137,1.4168,24,12.19,0,Spring
2023-03-20,MTR-012,164.9381,6.8724,11.5368,0.2774,24,12.18,0,Spring
2023-03-21,MTR-001,38.2257,1.5927,2.504,0.5269,24,12.42,0,Spring
2023-03-21,MTR-002,130.9178,5.4549,24.9639,1.5173,24,12.42,0,Spring
2023-03-21,MTR-003,165.1898,6.8829,11.8076,0.3442,24,12.42,0,Spring
2023-03-21,MTR-004,45.1477,1.8812,3.4596,0.5986,24,12.42,0,Spring
2023-03-21,MTR-005,110.6332,4.6097,7.6319,1.5857,24,12.42,0,Spring
2023-03-21,MTR-006,164.7077,6.8628,12.644,1.5634,24,12.42,0,Spring
2023-03-21,MTR-007,38.0207,1.5842,2.6738,0.5225,24,12.42,0,Spring
2023-03-21,MTR-008,114.4946,4.7706,7.4567,1.6582,24,12.42,0,Spring
2023-03-21,MTR-009,210.6815,8.7784,14.7135,2.879,24,12.42,0,Spring
2023-03-21,MTR-010,38.4108,1.6005,2.7233,0.4706,24,12.42,0,Spring
2023-03-21,MTR-011,98.5353,4.1056,7.324,0.3635,24,12.42,0,Spring
2023-03-21,MTR-012,170.7601,7.115,11.5741,2.1622,24,12.42,0,Spring
2023-03-22,MTR-001,41.9068,1.7461,3.0613,0.5073,24,12.25,0,Spring
2023-03-22,MTR-002,112.3797,4.6825,7.313,1.6468,24,12.25,0,Spring
2023-03-22,MTR-003,170.4563,7.1023,11.4413,2.3849,24,12.25,0,Spring
2023-03-22,MTR-004,47.8756,1.9948,4.7548,0.5868,24,12.25,0,Spring
2023-03-22,MTR-005,107.4549,4.4773,8.3765,0.3541,24,12.25,0,Spring
2023-03-22,MTR-006,174.1086,7.2545,13.6021,2.4031,24,12.25,0,Spring
2023-03-22,MTR-007,38.2578,1.5941,2.7178,0.2044,24,12.25,0,Spring
2023-03-22,MTR-008,114.5748,4.774,8.0054,1.433,24,12.25,0,Spring
2023-03-22,MTR-009,220.5434,9.1893,14.7057,3.1229,24,12.25,0,Spring
2023-03-22,MTR-010,38.9638,1.6235,2.6562,0.5295,24,12.25,0,Spring
2023-03-22,MTR-011,104.4506,4.3521,7.0327,1.3751,24,12.25,0,Spring
2023-03-22,MTR-012,177.5847,7.3994,23.1388,0.5721,24,12.25,0,Spring
2023-03-23,MTR-001,37.7566,1.5732,2.484,0.5143,24,13.28,0,Spring
2023-03-23,MTR-002,109.6201,4.5675,7.2382,1.3263,24,13.28,0,Spring
2023-03-23,MTR-003,167.8037,6.9918,11.8428,2.2189,24,13.28,0,Spring
2023-03-23,MTR-004,45.0195,1.8758,3.1667,0.6258,24,13.28,0,Spring
2023-03-23,MTR-005,107.6665,4.4861,7.5646,1.3983,24,13.28,0,Spring
2023-03-23,MTR-006,169.1376,7.0474,11.9345,2.2051,24,13.28,0,Spring
2023-03-23,MTR-007,46.3649,1.9319,7.3854,0.5263,24,13.28,0,Spring
2023-03-23,MTR-008,138.0067,5.7503,34.3815,1.4918,24,13.28,0,Spring
2023-03-23,MTR-009,208.6721,8.6947,16.0821,2.9652,24,13.28,0,Spring
2023-03-23,MTR-010,38.0166,1.584,2.7728,0.5313,24,13.28,0,Spring
2023-03-23,MTR-011,104.5793,4.3575,7.385,1.3045,24,13.28,0,Spring
2023-03-23,MTR-012,163.4441,6.8102,10.6142,2.2921,24,13.28,0,Spring
2023-03-24,MTR-001,37.5191,1.5633,2.853,0.5034,24,13.65,0,Spring
2023-03-24,MTR-002,109.9128,4.5797,8.29,1.5838,24,13.65,0,Spring
2023-03-24,MTR-003,168.4771,7.0199,11.7417,2.4204,24,13.65,0,Spring
2023-03-24,MTR-004,45.6191,1.9008,3.5815,0.6178,24,13.65,0,Spring
2023-03-24,MTR-005,108.7838,4.5327,7.9788,1.5816,24,13.65,0,Spring
2023-03-24,MTR-006,169.6345,7.0681,11.4846,2.3815,24,13.65,0,Spring
2023-03-24,MTR-007,36.3048,1.5127,2.2278,0.4868,24,13.65,0,Spring
2023-03-24,MTR-008,114.9335,4.7889,8.9143,1.6389,24,13.65,0,Spring
2023-03-24,MTR-009,207.3866,8.6411,16.1734,2.8514,24,13.65,0,Spring
2023-03-24,MTR-010,43.0296,1.7929,5.9985,0.5484,24,13.65,0,Spring
2023-03-24,MTR-011,104.2861,4.3453,8.5012,1.3325,24,13.65,0,Spring
2023-03-24,MTR-012,164.6402,6.86,11.986,2.2057,24,13.65,0,Spring
2023-03-25,MTR-001,46.1509,1.923,8.27,0.1326,24,13.64,1,Spring
2023-03-25,MTR-002,81.9176,3.4132,5.9642,1.177,24,13.64,1,Spring
2023-03-25,MTR-003,119.1673,4.9653,8.3558,1.536,24,13.64,1,Spring
2023-03-25,MTR-004,50.8034,2.1168,3.6215,0.6014,24,13.64,1,Spring
2023-03-25,MTR-005,77.1711,3.2155,5.1897,1.1351,24,13.64,1,Spring
2023-03-25,MTR-006,121.837,5.0765,9.3445,1.5838,24,13.64,1,Spring
2023-03-25,MTR-007,40.6723,1.6947,3.1695,0.5953,24,13.64,1,Spring
2023-03-25,MTR-008,81.1497,3.3812,6.3574,1.0683,24,13.64,1,Spring
2023-03-25,MTR-009,167.0061,6.9586,27.0433,2.0397,24,13.64,1,Spring
2023-03-25,MTR-010,39.3761,1.6407,2.9837,0.415,24,13.64,1,Spring
2023-03-25,MTR-011,71.9283,2.997,4.768,0.9554,24,13.64,1,Spring
2023-03-25,MTR-012,116.8583,4.8691,8.6971,1.609,24,13.64,1,Spring
2023-03-26,MTR-001,41.8427,1.7434,3.0907,0.5298,24,14.16,1,Spring
2023-03-26,MTR-002,78.4847,3.2702,5.5067,1.0266,24,14.16,1,Spring
2023-03-26,MTR-003,119.6403,4.985,8.5018,1.7177,24,14.16,1,Spring
2023-03-26,MTR-004,54.4341,2.2681,5.2941,0.6526,24,14.16,1,Spring
2023-03-26,MTR-005,75.833,3.1597,5.0003,1.0477,24,14.16,1,Spring
2023-03-26,MTR-006,138.0446,5.7519,20.8435,1.5346,24,14.16,1,Spring
2023-03-26,MTR-007,40.3171,1.6799,2.6789,0.528,24,14.16,1,Spring
2023-03-26,MTR-008,79.828,3.3262,5.9098,1.0473,24,14.16,1,Spring
2023-03-26,MTR-009,148.7465,6.1978,10.0393,1.8441,24,14.16,1,Spring
2023-03-26,MTR-010,41.533,1.7305,2.9573,0.52,24,14.16,1,Spring
2023-03-26,MTR-011,74.8177,3.1174,5.7245,0.8928,24,14.16,1,Spring
2023-03-26,MTR-012,118.8608,4.9525,9.0541,1.6556,24,14.16,1,Spring
2023-03-27,MTR-001,37.2625,1.5526,2.7717,0.5352,24,13.64,0,Spring
2023-03-27,MTR-002,111.9365,4.664,7.4062,1.5782,24,13.64,0,Spring
2023-03-27,MTR-003,157.6886,6.5704,10.7323,2.0201,24,13.64,0,Spring
2023-03-27,MTR-004,45.3651,1.8902,3.1836,0.5714,24,13.64,0,Spring
2023-03-27,MTR-005,103.4843,4.3118,7.8463,1.4947,24,13.64,0,Spring
2023-03-27,MTR-006,172.2574,7.1774,12.7039,2.3361,24,13.64,0,Spring
2023-03-27,MTR-007,37.181,1.5492,2.4699,0.5001,24,13.64,0,Spring
2023-03-27,MTR-008,114.4063,4.7669,9.1387,1.5956,24,13.64,0,Spring
2023-03-27,MTR-009,208.0925,8.6705,15.4708,3.0185,24,13.64,0,Spring
2023-03-27,MTR-010,39.0772,1.6282,2.956,0.5276,24,13.64,0,Spring
2023-03-27,MTR-011,98.9107,4.1213,7.4489,1.2475,24,13.64,0,Spring
2023-03-27,MTR-012,162.5905,6.7746,10.8104,2.3251,24,13.64,0,Spring
2023-03-28,MTR-001,37.973,1.5822,2.6999,0.5376,24,14.36,0,Spring
2023-03-28,MTR-002,111.2438,4.6352,7.7761,1.462,24,14.36,0,Spring
2023-03-28,MTR-003,169.4308,7.0596,11.5502,2.4231,24,14.36,0,Spring
2023-03-28,MTR-004,42.6581,1.7774,3.2529,0.1057,24,14.36,0,Spring
2023-03-28,MTR-005,109.9285,4.5804,9.7017,0.443,24,14.36,0,Spring
2023-03-28,MTR-006,164.4548,6.8523,11.6184,1.1827,24,14.36,0,Spring
2023-03-28,MTR-007,36.9701,1.5404,2.6292,0.5255,24,14.36,0,Spring
2023-03-28,MTR-008,117.8585,4.9108,8.4669,1.4757,24,14.36,0,Spring
2023-03-28,MTR-009,211.8682,8.8278,14.5892,2.9137,24,14.36,0,Spring
2023-03-28,MTR-010,47.4663,1.9778,7.3616,0.5787,24,14.36,0,Spring
2023-03-28,MTR-011,101.7072,4.2378,7.2011,1.4837,24,14.36,0,Spring
2023-03-28,MTR-012,160.582,6.6909,11.2389,2.1724,24,14.36,0,Spring
2023-03-29,MTR-001,37.3495,1.5562,2.5705,0.5075,24,14.96,0,Spring
2023-03-29,MTR-002,108.2524,4.5105,7.8253,0.9805,24,14.96,0,Spring
2023-03-29,MTR-003,164.5886,6.8579,10.7806,2.3425,24,14.96,0,Spring
2023-03-29,MTR-004,43.2164,1.8007,3.4184,0.4294,24,14.96,0,Spring
2023-03-29,MTR-005,117.6139,4.9006,15.3737,1.2716,24,14.96,0,Spring
2023-03-29,MTR-006,164.9408,6.8725,12.196,2.3114,24,14.96,0,Spring
2023-03-29,MTR-007,41.7306,1.7388,6.5091,0.5047,24,14.96,0,Spring
2023-03-29,MTR-008,112.9362,4.7057,9.0116,1.4055,24,14.96,0,Spring
2023-03-29,MTR-009,199.8614,8.3276,13.833,2.7517,24,14.96,0,Spring
2023-03-29,MTR-010,38.0352,1.5848,2.4659,0.5347,24,14.96,0,Spring
2023-03-29,MTR-011,102.3506,4.2646,7.5595,1.297,24,14.96,0,Spring
2023-03-29,MTR-012,159.8045,6.6585,12.1625,2.0958,24,14.96,0,Spring
2023-03-30,MTR-001,37.1215,1.5467,2.5986,0.3075,24,14.98,0,Spring
2023-03-30,MTR-002,108.8436,4.5351,8.1854,1.4168,24,14.98,0,Spring
2023-03-30,MTR-003,160.5038,6.6877,11.5816,2.0621,24,14.98,0,Spring
2023-03-30,MTR-004,44.6549,1.8606,3.0235,0.6322,24,14.99,0,Spring
2023-03-30,MTR-005,106.2923,4.4288,7.5574,1.2486,24,14.99,0,Spring
2023-03-30,MTR-006,195.4629,8.1443,31.7162,2.2835,24,14.98,0,Spring
2023-03-30,MTR-007,36.4043,1.5168,2.5712,0.4714,24,14.99,0,Spring
2023-03-30,MTR-008,111.9004,4.6625,8.0837,1.3328,24,14.99,0,Spring
2023-03-30,MTR-009,237.6129,9.9005,38.5297,2.516,24,14.99,0,Spring
2023-03-30,MTR-010,38.5081,1.6045,2.8081,0.54,24,14.99,0,Spring
2023-03-30,MTR-011,99.3305,4.1388,7.458,0.2402,24,14.99,0,Spring
2023-03-30,MTR-012,165.0052,6.8752,12.2577,1.9451,24,14.99,0,Spring
2023-03-31,MTR-001,36.2342,1.5098,2.8881,0.225,24,14.96,0,Spring
2023-03-31,MTR-002,109.8359,4.5765,7.6019,1.5014,24,14.96,0,Spring
2023-03-31,MTR-003,158.9389,6.6225,11.0037,2.057,24,14.96,0,Spring
2023-03-31,MTR-004,43.711,1.8213,3.0059,0.5297,24,14.96,0,Spring
2023-03-31,MTR-005,111.4698,4.6446,7.6156,1.4019,24,14.96,0,Spring
2023-03-31,MTR-006,169.1006,7.0459,12.9847,2.2739,24,14.96,0,Spring
2023-03-31,MTR-007,37.364,1.5568,2.8073,0.1406,24,14.96,0,Spring
2023-03-31,MTR-008,119.4861,4.9786,8.5017,1.3736,24,14.96,0,Spring
2023-03-31,MTR-009,207.9453,8.6644,14.1136,2.8703,24,14.96,0,Spring
2023-03-31,MTR-010,38.2168,1.5924,2.831,0.4677,24,14.96,0,Spring
2023-03-31,MTR-011,118.5371,4.939,19.9259,1.4948,24,14.96,0,Spring
2023-03-31,MTR-012,161.1189,6.7133,11.0957,2.4218,24,14.96,0,Spring
2023-04-01,MTR-001,39.4082,1.642,2.9104,0.2026,24,14.83,1,Spring
2023-04-01,MTR-002,80.7782,3.3658,5.5032,1.1144,24,14.83,1,Spring
2023-04-01,MTR-003,113.506,4.7294,8.4903,0.3991,24,14.83,1,Spring
2023-04-01,MTR-004,54.2248,2.2594,8.7157,0.637,24,14.83,1,Spring
2023-04-01,MTR-005,82.0505,3.4188,5.8899,1.0536,24,14.83,1,Spring
2023-04-01,MTR-006,118.794,4.9498,8.4988,1.5395,24,14.83,1,Spring
2023-04-01,MTR-007,41.3756,1.724,3.1695,0.5124,24,14.83,1,Spring
2023-04-01,MTR-008,80.2142,3.3423,6.2256,1.0938,24,14.83,1,Spring
2023-04-01,MTR-009,150.8315,6.2846,11.9222,2.0164,24,14.83,1,Spring
2023-04-01,MTR-010,41.1371,1.714,2.8187,0.5558,24,14.83,1,Spring
2023-04-01,MTR-011,73.5625,3.0651,5.5692,0.9503,24,14.83,1,Spring
2023-04-01,MTR-012,118.9712,4.9571,9.5411,1.5025,24,14.83,1,Spring
2023-04-02,MTR-001,40.165,1.6735,2.9737,0.5911,24,15.43,1,Spring
2023-04-02,MTR-002,78.871,3.2863,5.301,1.0852,24,15.43,1,Spring
2023-04-02,MTR-003,117.8602,4.9108,8.1721,1.438,24,15.43,1,Spring
2023-04-02,MTR-004,48.7893,2.0329,3.5275,0.6137,24,15.43,1,Spring
2023-04-02,MTR-005,76.6303,3.1929,5.855,1.0366,24,15.43,1,Spring
2023-04-02,MTR-006,113.716,4.7382,9.0456,0.9635,24,15.43,1,Spring
2023-04-02,MTR-007,40.6153,1.6923,2.9036,0.5316,24,15.43,1,Spring
2023-04-02,MTR-008,79.268,3.3028,5.8608,0.1298,24,15.43,1,Spring
2023-04-02,MTR-009,173.8399,7.2433,34.2938,1.956,24,15.43,1,Spring
2023-04-02,MTR-010,42.0684,1.7528,3.3402,0.5853,24,15.43,1,Spring
2023-04-02,MTR-011,73.9792,3.0825,5.3752,0.9381,24,15.43,1,Spring
2023-04-02,MTR-012,116.0459,4.8352,9.0209,1.6139,24,15.43,1,Spring
2023-04-03,MTR-001,38.3189,1.5966,2.7349,0.4791,24,15.44,0,Spring
2023-04-03,MTR-002,111.9513,4.6646,8.2179,1.3524,24,15.44,0,Spring
2023-04-03,MTR-003,163.2872,6.8036,11.9559,2.2687,24,15.44,0,Spring
2023-04-03,MTR-004,44.7316,1.8638,2.8838,0.6647,24,15.44,0,Spring
2023-04-03,MTR-005,108.9248,4.5385,8.0706,1.2639,24,15.44,0,Spring
2023-04-03,MTR-006,180.5619,7.5234,21.263,2.2567,24,15.44,0,Spring
2023-04-03,MTR-007,42.9807,1.7909,7.841,0.5208,24,15.44,0,Spring
2023-04-03,MTR-008,113.6422,4.7351,8.0436,1.4794,24,15.44,0,Spring
2023-04-03,MTR-009,206.1546,8.5898,14.9561,2.6203,24,15.44,0,Spring
2023-04-03,MTR-010,37.1662,1.5486,2.6019,0.4432,24,15.44,0,Spring
2023-04-03,MTR-011,99.6555,4.1523,6.9405,1.4496,24,15.44,0,Spring
2023-04-03,MTR-012,162.3432,6.7643,10.8669,2.2225,24,15.44,0,Spring
2023-04-04,MTR-001,37.0578,1.5441,2.8126,0.4724,24,15.51,0,Spring
2023-04-04,MTR-002,112.3685,4.682,9.1638,1.515,24,15.51,0,Spring
2023-04-04,MTR-003,169.5319,7.0638,11.4355,2.1379,24,15.51,0,Spring
2023-04-04,MTR-004,45.2121,1.8838,3.3628,0.574,24,15.51,0,Spring
2023-04-04,MTR-005,105.3594,4.39,7.4303,0.1312,24,15.51,0,Spring
2023-04-04,MTR-006,163.0714,6.7946,12.5124,2.1854,24,15.51,0,Spring
2023-04-04,MTR-007,36.3595,1.515,2.572,0.4927,24,15.51,0,Spring
2023-04-04,MTR-008,109.1063,4.5461,8.7751,1.0708,24,15.51,0,Spring
2023-04-04,MTR-009,203.7921,8.4913,13.9367,2.7829,24,15.51,0,Spring
2023-04-04,MTR-010,37.9954,1.5831,2.8745,0.5393,24,15.51,0,Spring
2023-04-04,MTR-011,100.9193,4.205,7.2457,1.369,24,15.51,0,Spring
2023-04-04,MTR-012,164.0825,6.8368,12.3648,2.1294,24,15.51,0,Spring
2023-04-05,MTR-001,37.8285,1.5762,2.7857,0.4936,24,16.45,0,Spring
2023-04-05,MTR-002,109.2357,4.5515,7.2931,1.3278,24,16.45,0,Spring
2023-04-05,MTR-003,157.4925,6.5622,12.1097,0.6997,24,16.45,0,Spring
2023-04-05,MTR-004,44.0381,1.8349,3.2356,0.5536,24,16.45,0,Spring
2023-04-05,MTR-005,111.5908,4.6496,8.2164,1.5024,24,16.45,0,Spring
2023-04-05,MTR-006,167.3525,6.973,12.1707,2.2382,24,16.45,0,Spring
2023-04-05,MTR-007,34.7812,1.4492,2.7795,0.2429,24,16.45,0,Spring
2023-04-05,MTR-008,111.7714,4.6571,8.5594,1.534,24,16.45,0,Spring
2023-04-05,MTR-009,196.9405,8.2059,15.3368,2.4865,24,16.45,0,Spring
2023-04-05,MTR-010,37.8714,1.578,2.4166,0.525,24,16.45,0,Spring
2023-04-05,MTR-011,102.5266,4.2719,7.248,1.3101,24,16.45,0,Spring
2023-04-05,MTR-012,160.413,6.6839,12.6228,2.1924,24,16.45,0,Spring
2023-04-06,MTR-001,37.0468,1.5436,2.5603,0.4408,24,16.52,0,Spring
2023-04-06,MTR-002,110.978,4.6241,8.2144,1.4381,24,16.52,0,Spring
2023-04-06,MTR-003,165.2876,6.887,11.2968,2.078,24,16.52,0,Spring
2023-04-06,MTR-004,41.8287,1.7429,3.3364,0.1381,24,16.52,0,Spring
2023-04-06,MTR-005,109.9982,4.5833,7.746,1.6109,24,16.52,0,Spring
2023-04-06,MTR-006,153.8473,6.4103,12.1666,0.4007,24,16.52,0,Spring
2023-04-06,MTR-007,37.0748,1.5448,2.7188,0.4908,24,16.52,0,Spring
2023-04-06,MTR-008,108.9771,4.5407,7.8946,1.4189,24,16.52,0,Spring
2023-04-06,MTR-009,205.2591,8.5525,13.7208,2.8583,24,16.52,0,Spring
2023-04-06,MTR-010,35.5389,1.4808,2.4849,0.1561,24,16.52,0,Spring
2023-04-06,MTR-011,109.7963,4.5748,13.6488,1.2801,24,16.52,0,Spring
2023-04-06,MTR-012,157.9794,6.5825,11.0745,2.1416,24,16.52,0,Spring
2023-04-07,MTR-001,38.6832,1.6118,2.5582,0.504,24,16.48,0,Spring
2023-04-07,MTR-002,108.346,4.5144,7.5363,1.3516,24,16.48,0,Spring
2023-04-07,MTR-003,176.7192,7.3633,13.8836,2.3733,24,16.48,0,Spring
2023-04-07,MTR-004,44.7372,1.864,3.4766,0.5587,24,16.48,0,Spring
2023-04-07,MTR-005,107.1136,4.4631,7.4565,1.3827,24,16.48,0,Spring
2023-04-07,MTR-006,195.3262,8.1386,38.1852,2.1672,24,16.48,0,Spring
2023-04-07,MTR-007,37.7265,1.5719,2.6313,0.466,24,16.48,0,Spring
2023-04-07,MTR-008,110.2457,4.5936,7.555,1.2752,24,16.48,0,Spring
2023-04-07,MTR-009,207.0294,8.6262,14.961,2.4909,24,16.48,0,Spring
2023-04-07,MTR-010,35.7504,1.4896,2.5325,0.4198,24,16.48,0,Spring
2023-04-07,MTR-011,98.8886,4.1204,7.4285,1.3775,24,16.48,0,Spring
2023-04-07,MTR-012,192.4134,8.0172,41.6709,2.1005,24,16.48,0,Spring
2023-04-08,MTR-001,41.4129,1.7255,3.222,0.5882,24,17.12,1,Spring
2023-04-08,MTR-002,89.2992,3.7208,14.5416,0.9442,24,17.12,1,Spring
2023-04-08,MTR-003,118.8619,4.9526,9.2488,1.4982,24,17.12,1,Spring
2023-04-08,MTR-004,47.8281,1.9928,3.4291,0.557,24,17.12,1,Spring
2023-04-08,MTR-005,76.1739,3.1739,6.0012,0.9347,24,17.12,1,Spring
2023-04-08,MTR-006,119.9554,4.9981,9.0851,1.5461,24,17.12,1,Spring
2023-04-08,MTR-007,40.2902,1.6788,2.978,0.5425,24,17.12,1,Spring
2023-04-08,MTR-008,80.2069,3.342,5.9025,1.1803,24,17.12,1,Spring
2023-04-08,MTR-009,162.5495,6.7729,28.4393,0.53,24,17.12,1,Spring
2023-04-08,MTR-010,42.3452,1.7644,3.0709,0.4818,24,17.12,1,Spring
2023-04-08,MTR-011,74.0165,3.084,5.06,1.019,24,17.12,1,Spring
2023-04-08,MTR-012,119.6927,4.9872,8.4601,1.5831,24,17.12,1,Spring
2023-04-09,MTR-001,44.0416,1.8351,3.7939,0.5777,24,16.34,1,Spring
2023-04-09,MTR-002,76.6176,3.1924,5.7257,0.9297,24,16.34,1,Spring
2023-04-09,MTR-003,116.819,4.8675,9.1896,1.5928,24,16.34,1,Spring
2023-04-09,MTR-004,47.3103,1.9713,3.6958,0.6414,24,16.34,1,Spring
2023-04-09,MTR-005,76.379,3.1825,5.2283,0.9095,24,16.34,1,Spring
2023-04-09,MTR-006,120.2681,5.0112,9.1652,1.5825,24,16.34,1,Spring
2023-04-09,MTR-007,40.2518,1.6772,3.135,0.5385,24,16.34,1,Spring
2023-04-09,MTR-008,100.67,4.1946,17.5748,1.0864,24,16.34,1,Spring
2023-04-09,MTR-009,147.3272,6.1386,11.535,2.0454,24,16.34,1,Spring
2023-04-09,MTR-010,37.1521,1.548,2.8694,0.1036,24,16.34,1,Spring
2023-04-09,MTR-011,74.6849,3.1119,5.4303,1.0513,24,16.34,1,Spring
2023-04-09,MTR-012,119.3581,4.9733,8.9484,1.5071,24,16.34,1,Spring
2023-04-10,MTR-001,37.2563,1.5523,3.0838,0.3471,24,16.37,0,Spring
2023-04-10,MTR-002,107.7176,4.4882,7.9345,1.4068,24,16.37,0,Spring
2023-04-10,MTR-003,157.691,6.5705,12.283,2.0711,24,16.37,0,Spring
2023-04-10,MTR-004,43.4162,1.809,3.2313,0.602,24,16.37,0,Spring
2023-04-10,MTR-005,108.4822,4.5201,8.2902,1.4427,24,16.37,0,Spring
2023-04-10,MTR-006,195.4777,8.1449,36.1298,2.3237,24,16.37,0,Spring
2023-04-10,MTR-007,41.0493,1.7104,5.084,0.4925,24,16.37,0,Spring
2023-04-10,MTR-008,108.2309,4.5096,8.0958,1.4965,24,16.37,0,Spring
2023-04-10,MTR-009,203.6093,8.4837,16.0313,2.8579,24,16.37,0,Spring
2023-04-10,MTR-010,37.2969,1.554,2.9182,0.518,24,16.37,0,Spring
2023-04-10,MTR-011,98.9291,4.122,7.2585,1.4902,24,16.37,0,Spring
2023-04-10,MTR-012,180.0212,7.5009,23.0182,2.0358,24,16.37,0,Spring
2023-04-11,MTR-001,36.565,1.5235,2.5818,0.402,24,17.21,0,Spring
2023-04-11,MTR-002,110.2323,4.593,8.9237,1.6196,24,17.21,0,Spring
2023-04-11,MTR-003,165.385,6.891,12.426,2.0429,24,17.21,0,Spring
2023-04-11,MTR-004,41.955,1.7481,3.1408,0.4142,24,17.21,0,Spring
2023-04-11,MTR-005,102.8625,4.2859,8.318,0.3055,24,17.21,0,Spring
2023-04-11,MTR-006,163.3982,6.8083,10.8082,2.1016,24,17.21,0,Spring
2023-04-11,MTR-007,36.814,1.5339,2.6983,0.488,24,17.21,0,Spring
2023-04-11,MTR-008,111.5556,4.6481,7.8668,1.6194,24,17.21,0,Spring
2023-04-11,MTR-009,202.3729,8.4322,14.6618,2.1934,24,17.21,0,Spring
2023-04-11,MTR-010,37.075,1.5448,2.6619,0.4767,24,17.21,0,Spring
2023-04-11,MTR-011,100.9992,4.2083,7.1708,1.3233,24,17.21,0,Spring
2023-04-11,MTR-012,165.4101,6.8921,11.8069,1.9354,24,17.21,0,Spring
2023-04-12,MTR-001,37.2555,1.5523,2.5999,0.4859,24,16.99,0,Spring
2023-04-12,MTR-002,108.9778,4.5407,7.8082,1.4776,24,16.99,0,Spring
2023-04-12,MTR-003,167.5043,6.9793,11.5907,2.2713,24,16.99,0,Spring
2023-04-12,MTR-004,43.7585,1.8233,3.093,0.5588,24,16.99,0,Spring
2023-04-12,MTR-005,107.2292,4.4679,7.3528,1.1947,24,16.99,0,Spring
2023-04-12,MTR-006,164.0471,6.8353,10.863,2.2289,24,16.99,0,Spring
2023-04-12,MTR-007,36.3933,1.5164,2.7528,0.5019,24,16.99,0,Spring
2023-04-12,MTR-008,112.4449,4.6852,8.6593,1.4803,24,16.99,0,Spring
2023-04-12,MTR-009,241.0958,10.0457,54.7878,2.4383,24,16.99,0,Spring
2023-04-12,MTR-010,37.8009,1.575,2.8522,0.4359,24,16.99,0,Spring
2023-04-12,MTR-011,101.1543,4.2148,7.2054,1.4805,24,16.99,0,Spring
2023-04-12,MTR-012,157.1542,6.5481,11.5516,2.1068,24,16.99,0,Spring
2023-04-13,MTR-001,35.338,1.4724,2.6293,0.4574,24,17.79,0,Spring
2023-04-13,MTR-002,116.5648,4.8569,11.9923,1.4409,24,17.79,0,Spring
2023-04-13,MTR-003,162.2907,6.7621,12.231,1.8761,24,17.79,0,Spring
2023-04-13,MTR-004,42.5683,1.7737,3.0029,0.5337,24,17.79,0,Spring
2023-04-13,MTR-005,108.7238,4.5302,7.65,1.2713,24,17.79,0,Spring
2023-04-13,MTR-006,166.1391,6.9225,11.4923,2.1421,24,17.79,0,Spring
2023-04-13,MTR-007,37.9103,1.5796,3.0389,0.4392,24,17.79,0,Spring
2023-04-13,MTR-008,111.6122,4.6505,7.9807,1.3314,24,17.79,0,Spring
2023-04-13,MTR-009,246.5231,10.2718,56.9462,2.564,24,17.79,0,Spring
2023-04-13,MTR-010,36.6884,1.5287,2.485,0.4534,24,17.79,0,Spring
2023-04-13,MTR-011,105.9928,4.4164,12.8325,1.1322,24,17.79,0,Spring
2023-04-13,MTR-012,181.354,7.5564,24.166,2.1075,24,17.79,0,Spring
2023-04-14,MTR-001,45.2201,1.8842,5.5529,0.4127,24,18.55,0,Spring
2023-04-14,MTR-002,108.0811,4.5034,7.9342,1.2984,24,18.55,0,Spring
2023-04-14,MTR-003,167.8502,6.9938,13.2071,2.0731,24,18.55,0,Spring
2023-04-14,MTR-004,43.9716,1.8322,3.2271,0.6329,24,18.55,0,Spring
2023-04-14,MTR-005,110.4101,4.6004,8.3342,1.2768,24,18.55,0,Spring
2023-04-14,MTR-006,166.4288,6.9345,11.9717,1.9488,24,18.55,0,Spring
2023-04-14,MTR-007,37.866,1.5777,2.5914,0.3958,24,18.55,0,Spring
2023-04-14,MTR-008,112.535,4.689,8.4251,1.3535,24,18.55,0,Spring
2023-04-14,MTR-009,201.4835,8.3951,13.8721,2.4358,24,18.55,0,Spring
2023-04-14,MTR-010,38.3034,1.596,2.9347,0.4842,24,18.55,0,Spring
2023-04-14,MTR-011,102.8502,4.2854,9.0776,1.3289,24,18.55,0,Spring
2023-04-14,MTR-012,162.9091,6.7879,12.6991,2.029,24,18.55,0,Spring
2023-04-15,MTR-001,46.9256,1.9552,7.6652,0.5459,24,18.2,1,Spring
2023-04-15,MTR-002,76.939,3.2058,5.56,0.9796,24,18.2,1,Spring
2023-04-15,MTR-003,120.5247,5.0219,8.8607,1.3605,24,18.2,1,Spring
2023-04-15,MTR-004,45.7673,1.907,3.0868,0.614,24,18.2,1,Spring
2023-04-15,MTR-005,81.513,3.3964,6.3151,0.9132,24,18.2,1,Spring
2023-04-15,MTR-006,120.8536,5.0356,8.5108,1.5095,24,18.2,1,Spring
2023-04-15,MTR-007,40.0816,1.6701,3.0189,0.4072,24,18.2,1,Spring
2023-04-15,MTR-008,78.7032,3.2793,5.8592,1.1062,24,18.2,1,Spring
2023-04-15,MTR-009,150.6841,6.2785,12.193,2.017,24,18.2,1,Spring
2023-04-15,MTR-010,41.3304,1.7221,3.3405,0.4718,24,18.2,1,Spring
2023-04-15,MTR-011,84.5327,3.5222,15.8986,1.06,24,18.2,1,Spring
2023-04-15,MTR-012,114.7942,4.7831,8.5133,1.5084,24,18.2,1,Spring
2023-04-16,MTR-001,40.2777,1.6782,3.2789,0.5133,24,18.26,1,Spring
2023-04-16,MTR-002,86.9297,3.6221,11.6724,1.0592,24,18.26,1,Spring
2023-04-16,MTR-003,119.0242,4.9593,8.7567,1.3014,24,18.26,1,Spring
2023-04-16,MTR-004,47.5128,1.9797,3.3813,0.6175,24,18.26,1,Spring
2023-04-16,MTR-005,76.8426,3.2018,5.7945,1.0118,24,18.26,1,Spring
2023-04-16,MTR-006,119.3159,4.9715,8.774,1.4751,24,18.26,1,Spring
2023-04-16,MTR-007,40.2671,1.6778,3.068,0.4209,24,18.26,1,Spring
2023-04-16,MTR-008,78.4554,3.269,5.7972,0.8757,24,18.26,1,Spring
2023-04-16,MTR-009,145.9954,6.0831,10.1817,1.9025,24,18.26,1,Spring
2023-04-16,MTR-010,40.7118,1.6963,2.8925,0.5046,24,18.26,1,Spring
2023-04-16,MTR-011,72.1661,3.0069,5.9252,0.8779,24,18.26,1,Spring
2023-04-16,MTR-012,115.5503,4.8146,8.8278,1.3888,24,18.26,1,Spring
2023-04-17,MTR-001,37.7105,1.5713,2.7861,0.4332,24,19.1,0,Spring
2023-04-17,MTR-002,107.2456,4.4686,8.0694,1.1892,24,19.1,0,Spring
2023-04-17,MTR-003,163.1935,6.7997,12.956,2.1161,24,19.1,0,Spring
2023-04-17,MTR-004,44.4027,1.8501,3.6539,0.6175,24,19.1,0,Spring
2023-04-17,MTR-005,106.9337,4.4556,9.2403,1.215,24,19.1,0,Spring
2023-04-17,MTR-006,166.4504,6.9354,13.4777,2.1393,24,19.1,0,Spring
2023-04-17,MTR-007,43.912,1.8297,10.5933,0.1629,24,19.1,0,Spring
2023-04-17,MTR-008,114.3646,4.7652,8.5949,1.3116,24,19.1,0,Spring
2023-04-17,MTR-009,206.1481,8.5895,16.0767,2.6171,24,19.1,0,Spring
2023-04-17,MTR-010,46.6076,1.942,11.7131,0.4829,24,19.1,0,Spring
2023-04-17,MTR-011,98.0902,4.0871,7.8951,1.2243,24,19.1,0,Spring
2023-04-17,MTR-012,155.9584,6.4983,12.13,0.6823,24,19.1,0,Spring
2023-04-18,MTR-001,37.7518,1.573,2.7934,0.4973,24,18.83,0,Spring
2023-04-18,MTR-002,112.8618,4.7026,8.6134,1.3079,24,18.83,0,Spring
2023-04-18,MTR-003,164.0649,6.836,12.3491,1.9073,24,18.83,0,Spring
2023-04-18,MTR-004,43.9728,1.8322,3.4263,0.5745,24,18.83,0,Spring
2023-04-18,MTR-005,109.3557,4.5565,7.3168,1.3445,24,18.83,0,Spring
2023-04-18,MTR-006,168.3792,7.0158,12.5257,2.1835,24,18.83,0,Spring
2023-04-18,MTR-007,37.4166,1.559,2.7672,0.4182,24,18.83,0,Spring
2023-04-18,MTR-008,114.0223,4.7509,8.7113,1.3673,24,18.83,0,Spring
2023-04-18,MTR-009,204.8661,8.5361,14.2723,2.2984,24,18.83,0,Spring
2023-04-18,MTR-010,38.7212,1.6134,2.9738,0.4816,24,18.83,0,Spring
2023-04-18,MTR-011,103.6567,4.319,7.1233,1.1842,24,18.83,0,Spring
2023-04-18,MTR-012,163.6362,6.8182,12.3358,2.2231,24,18.83,0,Spring
2023-04-19,MTR-001,37.9783,1.5824,3.2458,0.4475,24,18.73,0,Spring
2023-04-19,MTR-002,110.4076,4.6003,8.9468,1.5765,24,18.73,0,Spring
2023-04-19,MTR-003,156.1302,6.5054,13.3973,2.15,24,18.73,0,Spring
2023-04-19,MTR-004,43.336,1.8057,3.4444,0.5709,24,18.73,0,Spring
2023-04-19,MTR-005,109.5759,4.5657,8.8012,1.4177,24,18.73,0,Spring
2023-04-19,MTR-006,168.6901,7.0288,14.13,2.104,24,18.73,0,Spring
2023-04-19,MTR-007,36.8106,1.5338,2.7468,0.484,24,18.73,0,Spring
2023-04-19,MTR-008,107.5207,4.48,9.0611,1.3376,24,18.73,0,Spring
2023-04-19,MTR-009,207.8783,8.6616,14.7632,2.4243,24,18.73,0,Spring
2023-04-19,MTR-010,37.1207,1.5467,2.5343,0.4054,24,18.73,0,Spring
2023-04-19,MTR-011,101.5425,4.2309,8.1943,1.3102,24,18.73,0,Spring
2023-04-19,MTR-012,160.397,6.6832,13.0086,2.2067,24,18.73,0,Spring
2023-04-20,MTR-001,38.1827,1.5909,3.013,0.4965,24,19.17,0,Spring
2023-04-20,MTR-002,110.0436,4.5852,8.0665,1.3371,24,19.17,0,Spring
2023-04-20,MTR-003,169.1082,7.0462,12.3706,1.9589,24,19.17,0,Spring
2023-04-20,MTR-004,44.1563,1.8398,3.2155,0.5372,24,19.17,0,Spring
2023-04-20,MTR-005,108.0365,4.5015,7.7804,1.3139,24,19.17,0,Spring
2023-04-20,MTR-006,171.1575,7.1316,12.8162,2.0062,24,19.17,0,Spring
2023-04-20,MTR-007,36.1708,1.5071,2.8517,0.3534,24,19.17,0,Spring
2023-04-20,MTR-008,113.0805,4.7117,8.8897,1.3229,24,19.17,0,Spring
2023-04-20,MTR-009,208.517,8.6882,16.8277,2.44,24,19.17,0,Spring
2023-04-20,MTR-010,38.6206,1.6092,2.9175,0.4847,24,19.17,0,Spring
2023-04-20,MTR-011,92.7122,3.863,7.248,1.2473,24,19.17,0,Spring
2023-04-20,MTR-012,163.0602,6.7942,12.324,1.9059,24,19.17,0,Spring
2023-04-21,MTR-001,37.9884,1.5829,2.8451,0.4079,24,19.2,0,Spring
2023-04-21,MTR-002,112.5961,4.6915,9.7046,1.3249,24,19.2,0,Spring
2023-04-21,MTR-003,167.6959,6.9873,13.4288,2.1163,24,19.2,0,Spring
2023-04-21,MTR-004,45.0569,1.8774,2.9589,0.5381,24,19.2,0,Spring
2023-04-21,MTR-005,111.5505,4.6479,8.5623,1.3163,24,19.2,0,Spring
2023-04-21,MTR-006,169.3401,7.0558,12.9081,1.9604,24,19.2,0,Spring
2023-04-21,MTR-007,37.97,1.5821,2.8933,0.4574,24,19.2,0,Spring
2023-04-21,MTR-008,113.2245,4.7177,9.1565,1.3917,24,19.2,0,Spring
2023-04-21,MTR-009,205.8667,8.5778,14.539,2.6473,24,19.2,0,Spring
2023-04-21,MTR-010,38.0774,1.5866,3.0889,0.4349,24,19.2,0,Spring
2023-04-21,MTR-011,100.6361,4.1932,6.7988,1.2504,24,19.2,0,Spring
2023-04-21,MTR-012,164.5369,6.8557,12.6376,2.0058,24,19.2,0,Spring
2023-04-22,MTR-001,40.7625,1.6984,3.0348,0.4851,24,19.32,1,Spring
2023-04-22,MTR-002,79.7134,3.3214,5.9803,0.9435,24,19.32,1,Spring
2023-04-22,MTR-003,116.5857,4.8577,9.1617,1.4945,24,19.32,1,Spring
2023-04-22,MTR-004,47.3236,1.9718,3.1661,0.6066,24,19.32,1,Spring
2023-04-22,MTR-005,79.3263,3.3053,5.744,0.8839,24,19.32,1,Spring
2023-04-22,MTR-006,120.8666,5.0361,9.2951,1.4387,24,19.32,1,Spring
2023-04-22,MTR-007,47.1256,1.9636,8.3052,0.4534,24,19.32,1,Spring
2023-04-22,MTR-008,80.1489,3.3395,5.7153,1.0238,24,19.32,1,Spring
2023-04-22,MTR-009,153.3888,6.3912,12.2802,1.9896,24,19.32,1,Spring
2023-04-22,MTR-010,41.3442,1.7227,2.9825,0.5193,24,19.32,1,Spring
2023-04-22,MTR-011,82.8942,3.4539,12.565,0.8752,24,19.32,1,Spring
2023-04-22,MTR-012,117.7597,4.9067,8.7547,1.5422,24,19.32,1,Spring
2023-04-23,MTR-001,40.2782,1.6783,3.4217,0.4441,24,19.38,1,Spring
2023-04-23,MTR-002,79.1068,3.2961,6.3823,1.0996,24,19.38,1,Spring
2023-04-23,MTR-003,116.7146,4.8631,10.078,1.4226,24,19.38,1,Spring
2023-04-23,MTR-004,47.1348,1.9639,3.2728,0.5909,24,19.38,1,Spring
2023-04-23,MTR-005,77.1271,3.2136,6.6923,0.8943,24,19.38,1,Spring
2023-04-23,MTR-006,122.6087,5.1087,8.7559,1.4572,24,19.38,1,Spring
2023-04-23,MTR-007,46.962,1.9568,9.2774,0.4984,24,19.38,1,Spring
2023-04-23,MTR-008,95.0719,3.9613,16.7152,0.9606,24,19.38,1,Spring
2023-04-23,MTR-009,156.8488,6.5354,11.438,1.9567,24,19.38,1,Spring
2023-04-23,MTR-010,41.0346,1.7098,3.0836,0.5561,24,19.38,1,Spring
2023-04-23,MTR-011,76.106,3.1711,5.1704,1.0,24,19.38,1,Spring
2023-04-23,MTR-012,117.7871,4.9078,9.0475,1.6225,24,19.38,1,Spring
2023-04-24,MTR-001,37.9208,1.58,2.5681,0.4853,24,19.87,0,Spring
2023-04-24,MTR-002,112.5828,4.691,8.3307,1.3775,24,19.87,0,Spring
2023-04-24,MTR-003,169.2843,7.0535,11.8,2.099,24,19.87,0,Spring
2023-04-24,MTR-004,45.1692,1.8821,3.3258,0.5591,24,19.87,0,Spring
2023-04-24,MTR-005,109.5736,4.5656,7.8043,1.405,24,19.87,0,Spring
2023-04-24,MTR-006,166.6938,6.9456,12.0619,1.9396,24,19.87,0,Spring
2023-04-24,MTR-007,37.9171,1.5799,2.9235,0.4568,24,19.87,0,Spring
2023-04-24,MTR-008,112.0701,4.6696,8.7287,1.413,24,19.87,0,Spring
2023-04-24,MTR-009,218.5419,9.1059,30.8768,1.2956,24,19.87,0,Spring
2023-04-24,MTR-010,39.5843,1.6493,3.1112,0.5266,24,19.87,0,Spring
2023-04-24,MTR-011,102.9001,4.2875,7.9652,1.2885,24,19.87,0,Spring
2023-04-24,MTR-012,154.6536,6.4439,12.1655,0.712,24,19.87,0,Spring
2023-04-25,MTR-001,37.5263,1.5636,3.233,0.3648,24,20.35,0,Spring
2023-04-25,MTR-002,106.3356,4.4306,8.0997,0.6039,24,20.35,0,Spring
2023-04-25,MTR-003,166.6728,6.9447,12.8535,2.0068,24,20.35,0,Spring
2023-04-25,MTR-004,44.686,1.8619,3.7735,0.5962,24,20.35,0,Spring
2023-04-25,MTR-005,107.7044,4.4877,8.3979,1.2688,24,20.35,0,Spring
2023-04-25,MTR-006,173.6675,7.2361,14.4823,2.1719,24,20.35,0,Spring
2023-04-25,MTR-007,37.3811,1.5575,3.1203,0.4337,24,20.35,0,Spring
2023-04-25,MTR-008,114.042,4.7518,8.6396,1.6176,24,20.35,0,Spring
2023-04-25,MTR-009,222.9092,9.2879,15.373,2.3031,24,20.35,0,Spring
2023-04-25,MTR-010,39.1072,1.6295,2.8487,0.4567,24,20.35,0,Spring
2023-04-25,MTR-011,104.1621,4.3401,8.1872,1.2742,24,20.35,0,Spring
2023-04-25,MTR-012,160.2977,6.6791,12.0443,1.9334,24,20.35,0,Spring
2023-04-26,MTR-001,38.5959,1.6082,2.9242,0.4873,24,20.53,0,Spring
2023-04-26,MTR-002,112.1704,4.6738,9.0252,1.3443,24,20.53,0,Spring
2023-04-26,MTR-003,169.3694,7.0571,12.7717,1.9035,24,20.53,0,Spring
2023-04-26,MTR-004,44.8916,1.8705,3.5789,0.5671,24,20.53,0,Spring
2023-04-26,MTR-005,106.0982,4.4208,7.4713,1.294,24,20.53,0,Spring
2023-04-26,MTR-006,166.2277,6.9262,12.6224,1.851,24,20.53,0,Spring
2023-04-26,MTR-007,37.476,1.5615,3.0684,0.4635,24,20.53,0,Spring
2023-04-26,MTR-008,116.594,4.8581,8.4701,1.3757,24,20.53,0,Spring
2023-04-26,MTR-009,207.3134,8.6381,16.4898,2.2741,24,20.53,0,Spring
2023-04-26,MTR-010,38.1131,1.588,2.758,0.4619,24,20.53,0,Spring
2023-04-26,MTR-011,102.9136,4.2881,7.8657,0.1824,24,20.53,0,Spring
2023-04-26,MTR-012,161.6094,6.7337,12.2601,1.8602,24,20.53,0,Spring
2023-04-27,MTR-001,38.9327,1.6222,3.2109,0.5166,24,20.1,0,Spring
2023-04-27,MTR-002,109.9955,4.5831,9.2992,1.408,24,20.1,0,Spring
2023-04-27,MTR-003,167.8277,6.9928,12.7387,1.9396,24,20.1,0,Spring
2023-04-27,MTR-004,44.9739,1.8739,3.3281,0.4805,24,20.1,0,Spring
2023-04-27,MTR-005,109.6231,4.5676,8.2965,1.2576,24,20.1,0,Spring
2023-04-27,MTR-006,166.8865,6.9536,13.6512,2.1082,24,20.1,0,Spring
2023-04-27,MTR-007,37.4335,1.5597,2.7876,0.4639,24,20.1,0,Spring
2023-04-27,MTR-008,116.0544,4.8356,9.1309,1.404,24,20.1,0,Spring
2023-04-27,MTR-009,206.4729,8.603,15.8153,2.5333,24,20.1,0,Spring
2023-04-27,MTR-010,39.0257,1.6261,3.0305,0.414,24,20.1,0,Spring
2023-04-27,MTR-011,102.1217,4.2551,8.1642,1.2742,24,20.1,0,Spring
2023-04-27,MTR-012,159.9249,6.6635,13.5646,0.7086,24,20.1,0,Spring
2023-04-28,MTR-001,39.4832,1.6451,3.479,0.4584,24,21.21,0,Spring
2023-04-28,MTR-002,125.583,5.2326,19.0957,1.3273,24,21.21,0,Spring
2023-04-28,MTR-003,172.3243,7.1802,12.9625,2.1836,24,21.21,0,Spring
2023-04-28,MTR-004,46.5265,1.9386,4.1869,0.6285,24,21.21,0,Spring
2023-04-28,MTR-005,109.8049,4.5752,7.8873,1.3789,24,21.21,0,Spring
2023-04-28,MTR-006,169.6922,7.0705,12.8206,2.1112,24,21.21,0,Spring
2023-04-28,MTR-007,37.1356,1.5473,3.1414,0.0597,24,21.21,0,Spring
2023-04-28,MTR-008,115.5729,4.8155,9.3118,1.3437,24,21.21,0,Spring
2023-04-28,MTR-009,215.1619,8.9651,17.3236,2.4799,24,21.21,0,Spring
2023-04-28,MTR-010,38.9635,1.6235,3.4035,0.4632,24,21.21,0,Spring
2023-04-28,MTR-011,100.9329,4.2055,7.8533,1.2998,24,21.21,0,Spring
2023-04-28,MTR-012,165.4041,6.8918,12.2822,2.1077,24,21.21,0,Spring
2023-04-29,MTR-001,41.3865,1.7244,3.2429,0.4736,24,20.77,1,Spring
2023-04-29,MTR-002,82.2391,3.4266,6.8856,1.0385,24,20.77,1,Spring
2023-04-29,MTR-003,120.136,5.0057,9.4234,1.5505,24,20.77,1,Spring
2023-04-29,MTR-004,49.5104,2.0629,3.9978,0.5327,24,20.77,1,Spring
2023-04-29,MTR-005,75.05,3.1271,5.6521,0.9665,24,20.77,1,Spring
2023-04-29,MTR-006,120.5029,5.021,11.243,1.5081,24,20.77,1,Spring
2023-04-29,MTR-007,40.4607,1.6859,3.4152,0.469,24,20.77,1,Spring
2023-04-29,MTR-008,82.3982,3.4333,6.1671,1.0576,24,20.77,1,Spring
2023-04-29,MTR-009,147.9504,6.1646,11.0491,1.9533,24,20.77,1,Spring
2023-04-29,MTR-010,41.6666,1.7361,3.2863,0.4905,24,20.77,1,Spring
2023-04-29,MTR-011,75.0945,3.1289,6.0658,0.8579,24,20.77,1,Spring
2023-04-29,MTR-012,119.7584,4.9899,10.5263,1.5718,24,20.77,1,Spring
2023-04-30,MTR-001,41.6125,1.7339,3.1385,0.493,24,20.85,1,Spring
2023-04-30,MTR-002,81.2487,3.3854,6.345,0.9395,24,20.85,1,Spring
2023-04-30,MTR-003,120.2359,5.0098,9.4229,1.4531,24,20.85,1,Spring
2023-04-30,MTR-004,57.0577,2.3774,10.3854,0.6087,24,20.85,1,Spring
2023-04-30,MTR-005,88.925,3.7052,12.4975,0.9787,24,20.85,1,Spring
2023-04-30,MTR-006,123.9996,5.1667,10.1038,1.5524,24,20.85,1,Spring
2023-04-30,MTR-007,40.6127,1.6922,2.9541,0.5254,24,20.85,1,Spring
2023-04-30,MTR-008,81.5666,3.3986,6.7054,1.004,24,20.85,1,Spring
2023-04-30,MTR-009,143.6926,5.9872,12.0968,0.5682,24,20.85,1,Spring
2023-04-30,MTR-010,45.0896,1.8787,5.6377,0.4754,24,20.85,1,Spring
2023-04-30,MTR-011,75.0442,3.1268,6.3184,0.9516,24,20.84,1,Spring
2023-04-30,MTR-012,121.4717,5.0613,9.9372,1.7179,24,20.85,1,Spring
2023-05-01,MTR-001,39.7801,1.6575,3.3,0.5125,24,21.44,0,Spring
2023-05-01,MTR-002,122.0263,5.0844,9.792,1.3827,24,21.44,0,Spring
2023-05-01,MTR-003,171.2137,7.1339,15.2192,1.8229,24,21.44,0,Spring
2023-05-01,MTR-004,45.7689,1.907,3.4398,0.5593,24,21.44,0,Spring
2023-05-01,MTR-005,114.5942,4.7748,13.7634,0.4383,24,21.44,0,Spring
2023-05-01,MTR-006,194.5269,8.1053,29.0512,1.9566,24,21.44,0,Spring
2023-05-01,MTR-007,39.0968,1.629,3.3345,0.4479,24,21.44,0,Spring
2023-05-01,MTR-008,116.8848,4.8702,9.325,0.1615,24,21.44,0,Spring
2023-05-01,MTR-009,213.2027,8.8834,18.7799,2.4379,24,21.44,0,Spring
2023-05-01,MTR-010,39.8659,1.6611,3.0105,0.5176,24,21.44,0,Spring
2023-05-01,MTR-011,106.6901,4.4454,8.0465,1.3223,24,21.44,0,Spring
2023-05-01,MTR-012,169.1899,7.0496,13.3899,1.9437,24,21.44,0,Spring
2023-05-02,MTR-001,39.1254,1.6302,2.9607,0.4123,24,21.29,0,Spring
2023-05-02,MTR-002,113.7951,4.7415,8.7075,1.2523,24,21.29,0,Spring
2023-05-02,MTR-003,170.6322,7.1097,12.4286,2.0416,24,21.29,0,Spring
2023-05-02,MTR-004,47.6353,1.9848,3.7646,0.4901,24,21.29,0,Spring
2023-05-02,MTR-005,110.597,4.6082,8.8684,1.3105,24,21.29,0,Spring
2023-05-02,MTR-006,170.1098,7.0879,13.4074,1.9874,24,21.29,0,Spring
2023-05-02,MTR-007,38.1851,1.591,2.8488,0.4552,24,21.29,0,Spring
2023-05-02,MTR-008,115.9278,4.8303,9.7608,1.3969,24,21.29,0,Spring
2023-05-02,MTR-009,208.2145,8.6756,15.8796,2.5706,24,21.29,0,Spring
2023-05-02,MTR-010,39.5607,1.6484,3.1154,0.4653,24,21.29,0,Spring
2023-05-02,MTR-011,104.1526,4.3397,8.5307,1.3293,24,21.29,0,Spring
2023-05-02,MTR-012,167.8368,6.9932,13.4643,2.1101,24,21.29,0,Spring
2023-05-03,MTR-001,39.0008,1.625,2.9771,0.4958,24,21.61,0,Spring
2023-05-03,MTR-002,117.121,4.88,9.2847,1.3418,24,21.61,0,Spring
2023-05-03,MTR-003,185.3694,7.7237,22.2071,1.8963,24,21.61,0,Spring
2023-05-03,MTR-004,51.6909,2.1538,8.1536,0.5698,24,21.61,0,Spring
2023-05-03,MTR-005,111.0441,4.6268,8.5767,1.2462,24,21.61,0,Spring
2023-05-03,MTR-006,171.4142,7.1423,12.6081,2.0796,24,21.61,0,Spring
2023-05-03,MTR-007,38.2035,1.5918,2.9427,0.483,24,21.61,0,Spring
2023-05-03,MTR-008,117.9347,4.9139,9.5138,1.3672,24,21.61,0,Spring
2023-05-03,MTR-009,212.6786,8.8616,16.1079,2.2796,24,21.61,0,Spring
2023-05-03,MTR-010,38.4624,1.6026,2.7386,0.4668,24,21.61,0,Spring
2023-05-03,MTR-011,103.9042,4.3293,8.2778,1.2367,24,21.61,0,Spring
2023-05-03,MTR-012,168.1464,7.0061,13.1498,2.0456,24,21.61,0,Spring
2023-05-04,MTR-001,39.8165,1.659,3.2288,0.4556,24,22.44,0,Spring
2023-05-04,MTR-002,115.5783,4.8158,9.1977,1.2536,24,22.44,0,Spring
2023-05-04,MTR-003,190.9084,7.9545,18.0587,2.2334,24,22.44,0,Spring
2023-05-04,MTR-004,45.1485,1.8812,3.8238,0.1709,24,22.44,0,Spring
2023-05-04,MTR-005,130.2133,5.4256,20.0851,1.2815,24,22.44,0,Spring
2023-05-04,MTR-006,181.8959,7.579,14.9351,2.0651,24,22.44,0,Spring
2023-05-04,MTR-007,39.2026,1.6334,3.1508,0.4745,24,22.44,0,Spring
2023-05-04,MTR-008,120.1097,5.0046,10.03,1.1842,24,22.44,0,Spring
2023-05-04,MTR-009,222.6894,9.2787,17.0753,2.7207,24,22.44,0,Spring
2023-05-04,MTR-010,40.5761,1.6907,3.2027,0.4741,24,22.44,0,Spring
2023-05-04,MTR-011,106.1017,4.4209,9.6529,1.2867,24,22.44,0,Spring
2023-05-04,MTR-012,173.601,7.2334,13.4469,1.8914,24,22.44,0,Spring
2023-05-05,MTR-001,39.6765,1.6532,3.027,0.5079,24,22.28,0,Spring
2023-05-05,MTR-002,115.6551,4.819,8.6358,1.522,24,22.28,0,Spring
2023-05-05,MTR-003,174.6263,7.2761,15.0515,1.9071,24,22.28,0,Spring
2023-05-05,MTR-004,46.0588,1.9191,3.7215,0.551,24,22.28,0,Spring
2023-05-05,MTR-005,112.6481,4.6937,8.7434,1.2335,24,22.28,0,Spring
2023-05-05,MTR-006,178.4843,7.4368,14.2933,1.721,24,22.28,0,Spring
2023-05-05,MTR-007,36.5633,1.5235,3.1331,0.2013,24,22.28,0,Spring
2023-05-05,MTR-008,116.0345,4.8348,9.6019,0.7201,24,22.28,0,Spring
2023-05-05,MTR-009,262.992,10.958,62.2235,2.5362,24,22.28,0,Spring
2023-05-05,MTR-010,39.7933,1.6581,3.1194,0.2289,24,22.28,0,Spring
2023-05-05,MTR-011,103.4382,4.3099,7.3437,1.2284,24,22.28,0,Spring
2023-05-05,MTR-012,170.9011,7.1209,13.3018,1.8265,24,22.28,0,Spring
2023-05-06,MTR-001,43.0875,1.7953,3.1725,0.4793,24,22.08,1,Spring
2023-05-06,MTR-002,79.1023,3.2959,6.1873,0.2391,24,22.08,1,Spring
2023-05-06,MTR-003,148.1278,6.172,25.6455,1.5301,24,22.08,1,Spring
2023-05-06,MTR-004,48.6505,2.0271,4.3247,0.6159,24,22.08,1,Spring
2023-05-06,MTR-005,81.4834,3.3951,6.4366,0.9568,24,22.08,1,Spring
2023-05-06,MTR-006,127.2595,5.3025,10.2905,1.5247,24,22.08,1,Spring
2023-05-06,MTR-007,42.3558,1.7648,3.2527,0.4732,24,22.08,1,Spring
2023-05-06,MTR-008,88.0691,3.6695,6.328,1.01,24,22.08,1,Spring
2023-05-06,MTR-009,183.6965,7.654,41.6864,0.3325,24,22.08,1,Spring
2023-05-06,MTR-010,46.1926,1.9247,6.5148,0.0913,24,22.08,1,Spring
2023-05-06,MTR-011,74.7955,3.1165,6.0216,0.8976,24,22.08,1,Spring
2023-05-06,MTR-012,133.23,5.5513,15.3332,1.4142,24,22.08,1,Spring
2023-05-07,MTR-001,44.7741,1.8656,3.6184,0.5322,24,22.45,1,Spring
2023-05-07,MTR-002,83.6015,3.4834,6.56,0.8633,24,22.45,1,Spring
2023-05-07,MTR-003,125.5093,5.2296,10.088,1.3131,24,22.45,1,Spring
2023-05-07,MTR-004,54.9625,2.2901,8.5931,0.4658,24,22.45,1,Spring
2023-05-07,MTR-005,87.0463,3.6269,10.5451,0.933,24,22.45,1,Spring
2023-05-07,MTR-006,123.7591,5.1566,10.549,1.4208,24,22.45,1,Spring
2023-05-07,MTR-007,42.541,1.7725,3.385,0.5098,24,22.45,1,Spring
2023-05-07,MTR-008,86.4321,3.6013,7.7402,1.0924,24,22.45,1,Spring
2023-05-07,MTR-009,156.1577,6.5066,12.7758,1.7653,24,22.45,1,Spring
2023-05-07,MTR-010,43.3415,1.8059,3.5516,0.5658,24,22.45,1,Spring
2023-05-07,MTR-011,75.6839,3.1535,5.8041,0.8308,24,22.45,1,Spring
2023-05-07,MTR-012,123.9173,5.1632,9.4801,1.4046,24,22.45,1,Spring
2023-05-08,MTR-001,39.6029,1.6501,3.1225,0.4511,24,22.44,0,Spring
2023-05-08,MTR-002,113.85,4.7437,8.9057,1.3184,24,22.44,0,Spring
2023-05-08,MTR-003,173.3968,7.2249,23.1458,1.2844,24,22.44,0,Spring
2023-05-08,MTR-004,44.7013,1.8626,3.4022,0.5156,24,22.44,0,Spring
2023-05-08,MTR-005,114.5209,4.7717,9.806,1.3234,24,22.44,0,Spring
2023-05-08,MTR-006,175.8452,7.3269,13.5396,2.2825,24,22.44,0,Spring
2023-05-08,MTR-007,37.69,1.5704,3.2639,0.316,24,22.44,0,Spring
2023-05-08,MTR-008,119.7163,4.9882,9.8369,1.3274,24,22.44,0,Spring
2023-05-08,MTR-009,248.0294,10.3346,43.5508,2.3471,24,22.44,0,Spring
2023-05-08,MTR-010,39.0322,1.6263,2.7913,0.4332,24,22.44,0,Spring
2023-05-08,MTR-011,104.6962,4.3623,8.0484,1.3835,24,22.44,0,Spring
2023-05-08,MTR-012,168.1844,7.0077,12.7481,1.8638,24,22.44,0,Spring
2023-05-09,MTR-001,41.4127,1.7255,3.3357,0.4054,24,23.25,0,Spring
2023-05-09,MTR-002,138.3398,5.7642,26.6319,1.4514,24,23.25,0,Spring
2023-05-09,MTR-003,213.8605,8.9109,48.38,1.9442,24,23.25,0,Spring
2023-05-09,MTR-004,43.0727,1.7947,3.2099,0.4694,24,23.25,0,Spring
2023-05-09,MTR-005,115.7054,4.8211,9.4582,1.2832,24,23.25,0,Spring
2023-05-09,MTR-006,177.4774,7.3949,14.0558,2.2343,24,23.25,0,Spring
2023-05-09,MTR-007,38.8433,1.6185,3.0104,0.471,24,23.25,0,Spring
2023-05-09,MTR-008,120.0151,5.0006,9.2198,1.4903,24,23.25,0,Spring
2023-05-09,MTR-009,209.1631,8.7151,17.9118,1.0923,24,23.25,0,Spring
2023-05-09,MTR-010,40.1844,1.6744,2.9705,0.4342,24,23.25,0,Spring
2023-05-09,MTR-011,103.4244,4.3094,7.9252,1.2183,24,23.25,0,Spring
2023-05-09,MTR-012,172.9703,7.2071,13.4112,1.9788,24,23.25,0,Spring
2023-05-10,MTR-001,37.0765,1.5449,3.2548,0.1502,24,22.98,0,Spring
2023-05-10,MTR-002,129.8412,5.4101,20.3594,1.3505,24,22.98,0,Spring
2023-05-10,MTR-003,177.0413,7.3767,14.5784,2.0075,24,22.98,0,Spring
2023-05-10,MTR-004,46.0802,1.92,3.6928,0.5047,24,22.98,0,Spring
2023-05-10,MTR-005,112.7367,4.6974,8.7157,1.3114,24,22.98,0,Spring
2023-05-10,MTR-006,176.7983,7.3666,14.8987,1.9514,24,22.98,0,Spring
2023-05-10,MTR-007,39.409,1.642,2.9255,0.4982,24,22.98,0,Spring
2023-05-10,MTR-008,117.6344,4.9014,8.7475,1.353,24,22.98,0,Spring
2023-05-10,MTR-009,215.9772,8.9991,16.26,2.601,24,22.98,0,Spring
2023-05-10,MTR-010,40.7416,1.6976,3.0811,0.4628,24,22.98,0,Spring
2023-05-10,MTR-011,107.1337,4.4639,7.758,1.2658,24,22.98,0,Spring
2023-05-10,MTR-012,173.4039,7.2252,13.2403,1.8744,24,22.98,0,Spring
2023-05-11,MTR-001,39.8545,1.6606,3.2661,0.4743,24,23.58,0,Spring
2023-05-11,MTR-002,136.0489,5.6687,26.613,1.2185,24,23.58,0,Spring
2023-05-11,MTR-003,177.321,7.3884,14.5392,2.0218,24,23.58,0,Spring
2023-05-11,MTR-004,47.695,1.9873,4.1994,0.5667,24,23.58,0,Spring
2023-05-11,MTR-005,115.7059,4.8211,8.6666,1.2847,24,23.58,0,Spring
2023-05-11,MTR-006,197.3806,8.2242,30.6677,1.9749,24,23.58,0,Spring
2023-05-11,MTR-007,39.4467,1.6436,3.1914,0.4505,24,23.58,0,Spring
2023-05-11,MTR-008,118.8931,4.9539,9.7681,1.392,24,23.58,0,Spring
2023-05-11,MTR-009,220.0179,9.1674,18.2112,2.3551,24,23.58,0,Spring
2023-05-11,MTR-010,40.6929,1.6955,3.54,0.4959,24,23.58,0,Spring
2023-05-11,MTR-011,108.3815,4.5159,9.6957,1.142,24,23.58,0,Spring
2023-05-11,MTR-012,174.7086,7.2795,15.3008,1.9588,24,23.58,0,Spring
2023-05-12,MTR-001,44.4199,1.8508,8.1076,0.2378,24,23.14,0,Spring
2023-05-12,MTR-002,119.4916,4.9788,9.9162,1.3673,24,23.14,0,Spring
2023-05-12,MTR-003,172.8748,7.2031,14.6018,1.9292,24,23.14,0,Spring
2023-05-12,MTR-004,48.0524,2.0022,3.9164,0.6221,24,23.14,0,Spring
2023-05-12,MTR-005,114.0222,4.7509,9.9359,1.3212,24,23.14,0,Spring
2023-05-12,MTR-006,179.4675,7.4778,13.1331,2.0281,24,23.14,0,Spring
2023-05-12,MTR-007,39.0679,1.6278,2.6199,0.3862,24,23.14,0,Spring
2023-05-12,MTR-008,117.8847,4.9119,9.2846,0.3426,24,23.14,0,Spring
2023-05-12,MTR-009,216.036,9.0015,16.0808,2.5784,24,23.14,0,Spring
2023-05-12,MTR-010,41.1727,1.7155,3.4357,0.4626,24,23.14,0,Spring
2023-05-12,MTR-011,109.1882,4.5495,9.037,1.2561,24,23.14,0,Spring
2023-05-12,MTR-012,181.4521,7.5605,16.3776,2.0756,24,23.14,0,Spring
2023-05-13,MTR-001,44.0128,1.8339,3.6971,0.1842,24,23.19,1,Spring
2023-05-13,MTR-002,94.7796,3.9491,12.6051,0.9868,24,23.19,1,Spring
2023-05-13,MTR-003,128.7762,5.3657,10.934,1.3994,24,23.19,1,Spring
2023-05-13,MTR-004,51.0812,2.1284,4.1032,0.5981,24,23.19,1,Spring
2023-05-13,MTR-005,83.3427,3.4726,6.9474,0.9038,24,23.19,1,Spring
2023-05-13,MTR-006,132.7992,5.5333,11.4414,1.3902,24,23.19,1,Spring
2023-05-13,MTR-007,43.3531,1.8064,3.6244,0.5187,24,23.19,1,Spring
2023-05-13,MTR-008,88.3447,3.681,6.7335,0.8954,24,23.19,1,Spring
2023-05-13,MTR-009,158.6268,6.6095,12.8806,1.8797,24,23.19,1,Spring
2023-05-13,MTR-010,48.7367,2.0307,7.2048,0.4601,24,23.19,1,Spring
2023-05-13,MTR-011,76.9537,3.2064,5.7024,0.7794,24,23.19,1,Spring
2023-05-13,MTR-012,127.5408,5.3142,10.8195,1.4229,24,23.19,1,Spring
2023-05-14,MTR-001,44.1511,1.8396,3.4516,0.4676,24,23.7,1,Spring
2023-05-14,MTR-002,84.5397,3.5225,6.8727,0.992,24,23.7,1,Spring
2023-05-14,MTR-003,127.823,5.326,9.6151,1.3566,24,23.7,1,Spring
2023-05-14,MTR-004,53.6949,2.2373,4.4834,0.5747,24,23.7,1,Spring
2023-05-14,MTR-005,83.5641,3.4818,7.0322,0.9587,24,23.7,1,Spring
2023-05-14,MTR-006,137.3543,5.7231,11.148,1.4842,24,23.7,1,Spring
2023-05-14,MTR-007,40.7605,1.6984,3.3835,0.4218,24,23.7,1,Spring
2023-05-14,MTR-008,87.7256,3.6552,7.2595,1.0519,24,23.7,1,Spring
2023-05-14,MTR-009,157.2685,6.5529,12.2371,0.147,24,23.7,1,Spring
2023-05-14,MTR-010,43.6406,1.8184,3.5556,0.4752,24,23.7,1,Spring
2023-05-14,MTR-011,78.2439,3.2602,5.8211,0.1662,24,23.7,1,Spring
2023-05-14,MTR-012,141.1363,5.8807,19.8634,1.5228,24,23.7,1,Spring
2023-05-15,MTR-001,40.7186,1.6966,3.3844,0.4726,24,24.05,0,Spring
2023-05-15,MTR-002,127.6042,5.3168,11.9125,1.2346,24,24.05,0,Spring
2023-05-15,MTR-003,173.7042,7.2377,13.3581,2.1846,24,24.05,0,Spring
2023-05-15,MTR-004,48.6806,2.0284,3.6177,0.5079,24,24.05,0,Spring
2023-05-15,MTR-005,118.471,4.9363,9.9811,1.3604,24,24.05,0,Spring
2023-05-15,MTR-006,179.9197,7.4967,13.9651,2.0294,24,24.05,0,Spring
2023-05-15,MTR-007,40.5801,1.6908,3.0862,0.4668,24,24.05,0,Spring
2023-05-15,MTR-008,139.4048,5.8085,20.4691,1.3586,24,24.05,0,Spring
2023-05-15,MTR-009,223.2006,9.3,17.3588,2.4742,24,24.05,0,Spring
2023-05-15,MTR-010,42.5012,1.7709,3.4597,0.444,24,24.05,0,Spring
2023-05-15,MTR-011,110.4267,4.6011,8.9022,1.1802,24,24.05,0,Spring
2023-05-15,MTR-012,175.1393,7.2975,14.0172,2.0086,24,24.05,0,Spring
2023-05-16,MTR-001,40.3953,1.6831,3.0461,0.4225,24,23.51,0,Spring
2023-05-16,MTR-002,118.3037,4.9293,8.9151,1.4779,24,23.51,0,Spring
2023-05-16,MTR-003,174.7721,7.2822,14.6635,1.8987,24,23.51,0,Spring
2023-05-16,MTR-004,49.7042,2.071,4.5011,0.5603,24,23.51,0,Spring
2023-05-16,MTR-005,113.6186,4.7341,10.3977,0.4102,24,23.51,0,Spring
2023-05-16,MTR-006,177.6986,7.4041,14.5001,1.8379,24,23.51,0,Spring
2023-05-16,MTR-007,39.9387,1.6641,3.1803,0.5004,24,23.51,0,Spring
2023-05-16,MTR-008,123.6253,5.1511,9.9397,1.3885,24,23.51,0,Spring
2023-05-16,MTR-009,219.1346,9.1306,17.3616,2.7602,24,23.51,0,Spring
2023-05-16,MTR-010,38.8144,1.6173,3.0553,0.4411,24,23.51,0,Spring
2023-05-16,MTR-011,105.3367,4.389,8.0927,1.25,24,23.51,0,Spring
2023-05-16,MTR-012,174.8151,7.284,14.8997,1.9639,24,23.51,0,Spring
2023-05-17,MTR-001,40.0062,1.6669,2.9629,0.4455,24,24.65,0,Spring
2023-05-17,MTR-002,117.5444,4.8977,8.7193,1.2666,24,24.65,0,Spring
2023-05-17,MTR-003,183.2956,7.6373,13.5498,1.9196,24,24.65,0,Spring
2023-05-17,MTR-004,48.6604,2.0275,4.2449,0.5264,24,24.65,0,Spring
2023-05-17,MTR-005,118.6329,4.943,10.0398,1.3919,24,24.65,0,Spring
2023-05-17,MTR-006,181.476,7.5615,12.2735,2.0152,24,24.65,0,Spring
2023-05-17,MTR-007,46.3428,1.9309,7.7854,0.4812,24,24.65,0,Spring
2023-05-17,MTR-008,120.2244,5.0094,8.8117,1.3984,24,24.65,0,Spring
2023-05-17,MTR-009,228.5676,9.5237,18.3941,2.4592,24,24.65,0,Spring
2023-05-17,MTR-010,41.121,1.7134,3.0747,0.4432,24,24.65,0,Spring
2023-05-17,MTR-011,108.5573,4.5232,8.5606,1.2104,24,24.65,0,Spring
2023-05-17,MTR-012,175.8915,7.3288,12.6242,1.9169,24,24.65,0,Spring
2023-05-18,MTR-001,41.7397,1.7392,3.2929,0.4476,24,24.49,0,Spring
2023-05-18,MTR-002,121.3766,5.0574,9.1424,1.3883,24,24.49,0,Spring
2023-05-18,MTR-003,181.991,7.583,15.025,1.8845,24,24.49,0,Spring
2023-05-18,MTR-004,47.7032,1.9876,3.8487,0.5808,24,24.49,0,Spring
2023-05-18,MTR-005,118.8768,4.9532,9.3897,1.1907,24,24.49,0,Spring
2023-05-18,MTR-006,179.3133,7.4714,14.8286,1.9386,24,24.49,0,Spring
2023-05-18,MTR-007,45.5898,1.8996,7.5164,0.493,24,24.49,0,Spring
2023-05-18,MTR-008,120.4524,5.0189,9.6783,1.4095,24,24.49,0,Spring
2023-05-18,MTR-009,228.0587,9.5024,19.9423,2.5233,24,24.49,0,Spring
2023-05-18,MTR-010,41.2331,1.718,3.1476,0.434,24,24.49,0,Spring
2023-05-18,MTR-011,110.3703,4.5988,8.5177,1.2602,24,24.49,0,Spring
2023-05-18,MTR-012,180.9706,7.5404,16.0703,2.0902,24,24.49,0,Spring
2023-05-19,MTR-001,40.4527,1.6855,2.789,0.4758,24,24.25,0,Spring
2023-05-19,MTR-002,115.6845,4.8202,9.655,0.2129,24,24.25,0,Spring
2023-05-19,MTR-003,208.3723,8.6822,38.8453,2.1814,24,24.25,0,Spring
2023-05-19,MTR-004,46.3357,1.9307,3.9465,0.463,24,24.25,0,Spring
2023-05-19,MTR-005,114.067,4.7528,10.0333,1.372,24,24.25,0,Spring
2023-05-19,MTR-006,182.8188,7.6175,15.0994,2.2057,24,24.25,0,Spring
2023-05-19,MTR-007,40.5266,1.6886,3.193,0.4772,24,24.25,0,Spring
2023-05-19,MTR-008,119.0518,4.9605,9.4308,1.3271,24,24.25,0,Spring
2023-05-19,MTR-009,220.9307,9.2054,17.5809,2.6117,24,24.25,0,Spring
2023-05-19,MTR-010,46.6345,1.9431,7.1849,0.4719,24,24.25,0,Spring
2023-05-19,MTR-011,110.3473,4.5978,8.5469,1.1582,24,24.25,0,Spring
2023-05-19,MTR-012,176.7555,7.3648,15.0069,1.9295,24,24.25,0,Spring
2023-05-20,MTR-001,45.0847,1.8785,3.3915,0.5456,24,23.77,1,Spring
2023-05-20,MTR-002,84.3084,3.5129,6.5268,0.9573,24,23.77,1,Spring
2023-05-20,MTR-003,129.1338,5.3806,9.6607,1.4594,24,23.77,1,Spring
2023-05-20,MTR-004,51.3002,2.1375,3.4367,0.6094,24,23.77,1,Spring
2023-05-20,MTR-005,82.3006,3.4292,5.9945,1.0579,24,23.77,1,Spring
2023-05-20,MTR-006,131.376,5.474,9.7984,1.4283,24,23.77,1,Spring
2023-05-20,MTR-007,42.5439,1.7727,3.1392,0.4685,24,23.77,1,Spring
2023-05-20,MTR-008,87.9187,3.6633,7.2909,0.9372,24,23.77,1,Spring
2023-05-20,MTR-009,159.2049,6.6335,12.1823,1.9056,24,23.77,1,Spring
2023-05-20,MTR-010,44.8407,1.8684,3.6098,0.4844,24,23.77,1,Spring
2023-05-20,MTR-011,76.8607,3.2025,5.9262,0.9778,24,23.77,1,Spring
2023-05-20,MTR-012,125.1495,5.2146,9.5166,1.4477,24,23.77,1,Spring
2023-05-21,MTR-001,43.705,1.821,3.5731,0.4889,24,24.29,1,Spring
2023-05-21,MTR-002,85.6834,3.5701,7.4114,0.8926,24,24.29,1,Spring
2023-05-21,MTR-003,127.3969,5.3082,9.9615,1.3429,24,24.29,1,Spring
2023-05-21,MTR-004,52.4621,2.1859,4.2111,0.0621,24,24.29,1,Spring
2023-05-21,MTR-005,83.2941,3.4706,7.7744,1.0415,24,24.29,1,Spring
2023-05-21,MTR-006,128.5302,5.3554,11.9384,1.3848,24,24.29,1,Spring
2023-05-21,MTR-007,42.292,1.7622,3.4508,0.4625,24,24.29,1,Spring
2023-05-21,MTR-008,104.5396,4.3558,25.5721,1.0457,24,24.29,1,Spring
2023-05-21,MTR-009,158.1961,6.5915,13.6886,1.2337,24,24.29,1,Spring
2023-05-21,MTR-010,44.2972,1.8457,3.4106,0.5222,24,24.29,1,Spring
2023-05-21,MTR-011,80.1128,3.338,7.0781,0.8703,24,24.29,1,Spring
2023-05-21,MTR-012,124.0969,5.1707,9.662,1.2563,24,24.29,1,Spring
2023-05-22,MTR-001,46.8261,1.9511,5.2366,0.45,24,24.97,0,Spring
2023-05-22,MTR-002,121.2612,5.0526,10.017,1.2211,24,24.97,0,Spring
2023-05-22,MTR-003,181.3696,7.5571,14.9429,1.9244,24,24.97,0,Spring
2023-05-22,MTR-004,49.7107,2.0713,4.3653,0.5375,24,24.97,0,Spring
2023-05-22,MTR-005,118.8493,4.9521,9.4443,1.3726,24,24.97,0,Spring
2023-05-22,MTR-006,187.1125,7.7964,15.7972,2.1175,24,24.97,0,Spring
2023-05-22,MTR-007,40.9461,1.7061,3.3531,0.4141,24,24.97,0,Spring
2023-05-22,MTR-008,126.1879,5.2578,9.9802,1.3812,24,24.97,0,Spring
2023-05-22,MTR-009,224.8682,9.3695,19.0314,2.6671,24,24.97,0,Spring
2023-05-22,MTR-010,42.4218,1.7676,3.2428,0.4328,24,24.97,0,Spring
2023-05-22,MTR-011,109.9108,4.5796,9.5033,1.243,24,24.97,0,Spring
2023-05-22,MTR-012,166.7531,6.948,15.5252,0.991,24,24.97,0,Spring
2023-05-23,MTR-001,41.941,1.7475,3.0642,0.5103,24,25.49,0,Spring
2023-05-23,MTR-002,123.1453,5.1311,9.9075,1.3068,24,25.49,0,Spring
2023-05-23,MTR-003,186.3275,7.7636,13.9658,1.9278,24,25.49,0,Spring
2023-05-23,MTR-004,50.0723,2.0863,3.7421,0.5829,24,25.49,0,Spring
2023-05-23,MTR-005,119.5351,4.9806,8.7997,1.2984,24,25.49,0,Spring
2023-05-23,MTR-006,183.5671,7.6486,13.6211,1.9537,24,25.49,0,Spring
2023-05-23,MTR-007,40.1917,1.6747,3.3134,0.4687,24,25.49,0,Spring
2023-05-23,MTR-008,117.2316,4.8847,9.0997,0.8359,24,25.49,0,Spring
2023-05-23,MTR-009,236.8655,9.8694,23.5575,2.4971,24,25.49,0,Spring
2023-05-23,MTR-010,43.0425,1.7934,3.7112,0.4719,24,25.49,0,Spring
2023-05-23,MTR-011,114.847,4.7853,8.8346,1.2469,24,25.49,0,Spring
2023-05-23,MTR-012,184.6348,7.6931,15.7714,2.0306,24,25.49,0,Spring
2023-05-24,MTR-001,43.5591,1.815,3.2811,0.4606,24,25.41,0,Spring
2023-05-24,MTR-002,121.2796,5.0533,9.1183,1.3515,24,25.41,0,Spring
2023-05-24,MTR-003,169.5773,7.0657,14.2224,0.6151,24,25.41,0,Spring
2023-05-24,MTR-004,48.4514,2.0188,4.1795,0.515,24,25.41,0,Spring
2023-05-24,MTR-005,116.7053,4.8627,9.9937,0.8456,24,25.41,0,Spring
2023-05-24,MTR-006,184.5512,7.6896,14.532,1.9447,24,25.41,0,Spring
2023-05-24,MTR-007,42.246,1.7603,3.4413,0.4612,24,25.41,0,Spring
2023-05-24,MTR-008,126.0925,5.2539,10.1092,1.314,24,25.41,0,Spring
2023-05-24,MTR-009,228.8232,9.5343,19.918,2.7517,24,25.4,0,Spring
2023-05-24,MTR-010,40.6355,1.6931,2.9819,0.3502,24,25.4,0,Spring
2023-05-24,MTR-011,111.0261,4.6261,9.2592,1.3038,24,25.41,0,Spring
2023-05-24,MTR-012,182.4525,7.6022,15.0454,1.9488,24,25.4,0,Spring
2023-05-25,MTR-001,42.6129,1.7755,2.9861,0.4912,24,25.72,0,Spring
2023-05-25,MTR-002,120.7045,5.0294,9.3215,1.317,24,25.72,0,Spring
2023-05-25,MTR-003,182.5628,7.6068,14.5914,2.0406,24,25.72,0,Spring
2023-05-25,MTR-004,52.8419,2.2017,5.9853,0.5971,24,25.72,0,Spring
2023-05-25,MTR-005,122.9252,5.1219,9.2337,1.2177,24,25.72,0,Spring
2023-05-25,MTR-006,185.2391,7.7183,12.7555,2.0591,24,25.72,0,Spring
2023-05-25,MTR-007,46.4553,1.9356,6.2502,0.4613,24,25.72,0,Spring
2023-05-25,MTR-008,127.9516,5.3313,9.6579,1.2657,24,25.72,0,Spring
2023-05-25,MTR-009,228.623,9.526,17.0925,2.3948,24,25.72,0,Spring
2023-05-25,MTR-010,43.1809,1.7992,3.4267,0.4792,24,25.72,0,Spring
2023-05-25,MTR-011,113.7143,4.7381,8.6307,1.0688,24,25.72,0,Spring
2023-05-25,MTR-012,171.3956,7.1415,13.2254,1.3918,24,25.72,0,Spring
2023-05-26,MTR-001,42.6975,1.7791,3.6079,0.4599,24,25.7,0,Spring
2023-05-26,MTR-002,126.7202,5.28,10.626,1.3717,24,25.7,0,Spring
2023-05-26,MTR-003,185.9737,7.7489,16.2561,1.8585,24,25.7,0,Spring
2023-05-26,MTR-004,50.0186,2.0841,3.7327,0.5467,24,25.7,0,Spring
2023-05-26,MTR-005,121.5221,5.0634,9.3137,1.4356,24,25.7,0,Spring
2023-05-26,MTR-006,191.3838,7.9743,15.4399,2.0026,24,25.7,0,Spring
2023-05-26,MTR-007,40.4413,1.6851,3.0239,0.4014,24,25.7,0,Spring
2023-05-26,MTR-008,126.3189,5.2633,9.7979,1.4646,24,25.7,0,Spring
2023-05-26,MTR-009,232.2248,9.676,21.0482,2.4332,24,25.7,0,Spring
2023-05-26,MTR-010,41.2227,1.7176,3.0632,0.4792,24,25.7,0,Spring
2023-05-26,MTR-011,144.7428,6.031,24.1624,1.1239,24,25.7,0,Spring
2023-05-26,MTR-012,203.9467,8.4978,33.9682,1.9365,24,25.7,0,Spring
2023-05-27,MTR-001,46.2486,1.927,3.5856,0.4964,24,25.61,1,Spring
2023-05-27,MTR-002,109.782,4.5743,27.7935,1.007,24,25.61,1,Spring
2023-05-27,MTR-003,132.1177,5.5049,9.88,1.5436,24,25.61,1,Spring
2023-05-27,MTR-004,53.7184,2.2383,4.4798,0.6373,24,25.61,1,Spring
2023-05-27,MTR-005,90.4931,3.7705,7.0392,0.9796,24,25.61,1,Spring
2023-05-27,MTR-006,154.6135,6.4422,26.6662,1.3658,24,25.61,1,Spring
2023-05-27,MTR-007,44.9658,1.8736,3.6832,0.4774,24,25.61,1,Spring
2023-05-27,MTR-008,94.6325,3.943,7.2372,1.0241,24,25.61,1,Spring
2023-05-27,MTR-009,168.1592,7.0066,13.6542,1.9587,24,25.61,1,Spring
2023-05-27,MTR-010,51.796,2.1582,8.9974,0.4526,24,25.61,1,Spring
2023-05-27,MTR-011,83.7799,3.4908,7.0334,0.8379,24,25.61,1,Spring
2023-05-27,MTR-012,127.1566,5.2982,10.6119,1.3595,24,25.61,1,Spring
2023-05-28,MTR-001,46.1336,1.9222,3.821,0.5325,24,26.08,1,Spring
2023-05-28,MTR-002,90.4044,3.7669,7.2272,1.0103,24,26.08,1,Spring
2023-05-28,MTR-003,133.2909,5.5538,11.0647,1.446,24,26.08,1,Spring
2023-05-28,MTR-004,62.6316,2.6097,10.7107,0.6372,24,26.08,1,Spring
2023-05-28,MTR-005,89.2476,3.7187,7.2462,0.9702,24,26.08,1,Spring
2023-05-28,MTR-006,133.3744,5.5573,10.4026,1.6185,24,26.08,1,Spring
2023-05-28,MTR-007,44.642,1.8601,3.4038,0.4579,24,26.08,1,Spring
2023-05-28,MTR-008,90.1532,3.7564,7.2123,1.0611,24,26.08,1,Spring
2023-05-28,MTR-009,176.1901,7.3413,14.3647,1.9943,24,26.08,1,Spring
2023-05-28,MTR-010,47.4754,1.9781,3.8922,0.4969,24,26.08,1,Spring
2023-05-28,MTR-011,82.63,3.4429,6.7096,0.9778,24,26.08,1,Spring
2023-05-28,MTR-012,123.4766,5.1449,10.1638,1.3496,24,26.08,1,Spring
2023-05-29,MTR-001,43.0617,1.7942,3.1122,0.468,24,26.33,0,Spring
2023-05-29,MTR-002,124.9782,5.2074,9.3678,1.3685,24,26.33,0,Spring
2023-05-29,MTR-003,191.451,7.9771,16.9362,1.9937,24,26.33,0,Spring
2023-05-29,MTR-004,53.9511,2.248,8.0234,0.3836,24,26.33,0,Spring
2023-05-29,MTR-005,148.221,6.1759,35.1242,1.3431,24,26.33,0,Spring
2023-05-29,MTR-006,190.0448,7.9185,13.7798,2.376,24,26.33,0,Spring
2023-05-29,MTR-007,41.7097,1.7379,3.145,0.4824,24,26.33,0,Spring
2023-05-29,MTR-008,121.8738,5.0781,10.3825,1.2569,24,26.33,0,Spring
2023-05-29,MTR-009,230.4436,9.6018,18.2987,2.6077,24,26.33,0,Spring
2023-05-29,MTR-010,42.3715,1.7655,3.3558,0.5088,24,26.33,0,Spring
2023-05-29,MTR-011,116.9607,4.8734,9.9577,1.3605,24,26.33,0,Spring
2023-05-29,MTR-012,179.8206,7.4925,13.4055,2.1136,24,26.33,0,Spring
2023-05-30,MTR-001,52.1265,2.1719,12.2554,0.4638,24,26.37,0,Spring
2023-05-30,MTR-002,143.3076,5.9711,23.1257,1.333,24,26.37,0,Spring
2023-05-30,MTR-003,192.27,8.0113,14.873,2.3091,24,26.37,0,Spring
2023-05-30,MTR-004,50.2372,2.0932,4.2943,0.5462,24,26.37,0,Spring
2023-05-30,MTR-005,125.7832,5.241,9.2715,1.3795,24,26.37,0,Spring
2023-05-30,MTR-006,187.1978,7.7999,14.4623,1.679,24,26.37,0,Spring
2023-05-30,MTR-007,40.9917,1.708,3.3849,0.4711,24,26.37,0,Spring
2023-05-30,MTR-008,132.752,5.5313,10.0646,1.4627,24,26.37,0,Spring
2023-05-30,MTR-009,239.2818,9.9701,20.4836,2.7468,24,26.37,0,Spring
2023-05-30,MTR-010,42.8935,1.7872,3.0471,0.5042,24,26.37,0,Spring
2023-05-30,MTR-011,133.6574,5.5691,23.3321,1.2375,24,26.37,0,Spring
2023-05-30,MTR-012,184.2225,7.6759,15.2788,1.8856,24,26.37,0,Spring
2023-05-31,MTR-001,43.3278,1.8053,3.1884,0.431,24,26.41,0,Spring
2023-05-31,MTR-002,127.0837,5.2952,9.6558,1.2319,24,26.41,0,Spring
2023-05-31,MTR-003,187.4501,7.8104,13.8037,2.0272,24,26.41,0,Spring
2023-05-31,MTR-004,51.7547,2.1564,4.1634,0.5601,24,26.41,0,Spring
2023-05-31,MTR-005,119.846,4.9936,9.1508,0.501,24,26.41,0,Spring
2023-05-31,MTR-006,195.2814,8.1367,14.099,1.8375,24,26.41,0,Spring
2023-05-31,MTR-007,42.5281,1.772,3.168,0.4938,24,26.41,0,Spring
2023-05-31,MTR-008,129.6463,5.4019,10.5742,1.3692,24,26.41,0,Spring
2023-05-31,MTR-009,244.1207,10.1717,16.6838,2.4708,24,26.41,0,Spring
2023-05-31,MTR-010,42.185,1.7577,3.2482,0.4581,24,26.41,0,Spring
2023-05-31,MTR-011,135.1303,5.6304,29.1943,1.217,24,26.41,0,Spring
2023-05-31,MTR-012,212.4577,8.8524,36.1446,1.9183,24,26.41,0,Spring
2023-06-01,MTR-001,42.6017,1.7751,3.3575,0.4461,24,26.6,0,Summer
2023-06-01,MTR-002,128.4058,5.3502,9.8922,1.3786,24,26.6,0,Summer
2023-06-01,MTR-003,187.4246,7.8094,14.5482,1.964,24,26.6,0,Summer
2023-06-01,MTR-004,54.3953,2.2665,6.1398,0.5026,24,26.6,0,Summer
2023-06-01,MTR-005,127.3903,5.3079,9.8935,1.2524,24,26.6,0,Summer
2023-06-01,MTR-006,196.2611,8.1775,14.7977,1.9803,24,26.6,0,Summer
2023-06-01,MTR-007,44.2044,1.8419,3.6776,0.4059,24,26.6,0,Summer
2023-06-01,MTR-008,128.0441,5.3352,9.2703,1.5284,24,26.6,0,Summer
2023-06-01,MTR-009,237.9134,9.9131,19.6284,2.3928,24,26.6,0,Summer
2023-06-01,MTR-010,43.0814,1.7951,3.4461,0.5112,24,26.6,0,Summer
2023-06-01,MTR-011,116.0173,4.8341,9.4514,1.1881,24,26.6,0,Summer
2023-06-01,MTR-012,192.3309,8.0138,15.0897,2.0417,24,26.6,0,Summer
2023-06-02,MTR-001,43.169,1.7987,3.3078,0.4339,24,26.4,0,Summer
2023-06-02,MTR-002,124.8259,5.2011,9.4806,1.3477,24,26.4,0,Summer
2023-06-02,MTR-003,183.9813,7.6659,12.6784,1.9156,24,26.4,0,Summer
2023-06-02,MTR-004,56.9283,2.372,10.8817,0.5612,24,26.4,0,Summer
2023-06-02,MTR-005,124.0615,5.1692,9.3573,1.4491,24,26.4,0,Summer
2023-06-02,MTR-006,186.8298,7.7846,16.4503,2.302,24,26.4,0,Summer
2023-06-02,MTR-007,42.5647,1.7735,3.2624,0.4794,24,26.4,0,Summer
2023-06-02,MTR-008,130.3074,5.4295,9.7699,1.2529,24,26.4,0,Summer
2023-06-02,MTR-009,246.4734,10.2697,30.6985,0.8388,24,26.4,0,Summer
2023-06-02,MTR-010,43.8266,1.8261,3.2806,0.4501,24,26.4,0,Summer
2023-06-02,MTR-011,114.3518,4.7647,8.9811,1.2712,24,26.4,0,Summer
2023-06-02,MTR-012,185.2507,7.7188,14.4445,2.0937,24,26.4,0,Summer
2023-06-03,MTR-001,46.9071,1.9545,4.1516,0.4997,24,26.19,1,Summer
2023-06-03,MTR-002,92.2617,3.8442,7.0263,0.947,24,26.19,1,Summer
2023-06-03,MTR-003,132.9467,5.5394,10.9808,1.3375,24,26.19,1,Summer
2023-06-03,MTR-004,54.8551,2.2856,4.363,0.5913,24,26.19,1,Summer
2023-06-03,MTR-005,86.6995,3.6125,6.5159,1.0229,24,26.19,1,Summer
2023-06-03,MTR-006,155.1493,6.4646,26.3521,1.4025,24,26.19,1,Summer
2023-06-03,MTR-007,44.3123,1.8463,3.7085,0.0511,24,26.19,1,Summer
2023-06-03,MTR-008,100.6479,4.1937,11.9986,0.9418,24,26.19,1,Summer
2023-06-03,MTR-009,168.6312,7.0263,14.2305,1.9046,24,26.19,1,Summer
2023-06-03,MTR-010,43.7386,1.8224,3.8858,0.3599,24,26.19,1,Summer
2023-06-03,MTR-011,92.6695,3.8612,13.9357,0.9237,24,26.19,1,Summer
2023-06-03,MTR-012,135.7115,5.6546,10.8277,1.554,24,26.19,1,Summer
2023-06-04,MTR-001,46.9106,1.9546,3.9689,0.499,24,27.32,1,Summer
2023-06-04,MTR-002,92.9473,3.8728,7.5154,0.9102,24,27.32,1,Summer
2023-06-04,MTR-003,138.613,5.7755,12.9729,1.5432,24,27.32,1,Summer
2023-06-04,MTR-004,56.7995,2.3666,4.8165,0.6121,24,27.32,1,Summer
2023-06-04,MTR-005,92.7981,3.8666,8.2098,1.0035,24,27.32,1,Summer
2023-06-04,MTR-006,140.0575,5.8357,10.9513,1.4276,24,27.32,1,Summer
2023-06-04,MTR-007,46.0844,1.9202,3.5254,0.5041,24,27.32,1,Summer
2023-06-04,MTR-008,95.1115,3.963,7.5568,0.9774,24,27.32,1,Summer
2023-06-04,MTR-009,176.7724,7.3655,14.7419,1.7813,24,27.32,1,Summer
2023-06-04,MTR-010,46.6602,1.9442,3.8411,0.3335,24,27.32,1,Summer
2023-06-04,MTR-011,85.1727,3.5489,6.4677,0.9694,24,27.32,1,Summer
2023-06-04,MTR-012,132.4729,5.5197,10.462,1.3969,24,27.32,1,Summer
2023-06-05,MTR-001,43.1153,1.7965,3.3828,0.4949,24,26.46,0,Summer
2023-06-05,MTR-002,123.7624,5.1568,9.8269,0.7381,24,26.46,0,Summer
2023-06-05,MTR-003,218.0512,9.0855,37.4867,1.9535,24,26.46,0,Summer
2023-06-05,MTR-004,49.6257,2.0677,3.6645,0.5777,24,26.46,0,Summer
2023-06-05,MTR-005,124.101,5.1709,10.0795,1.1977,24,26.46,0,Summer
2023-06-05,MTR-006,195.1991,8.1333,16.0991,2.1625,24,26.46,0,Summer
2023-06-05,MTR-007,40.211,1.6755,3.3823,0.4444,24,26.46,0,Summer
2023-06-05,MTR-008,128.5969,5.3582,10.3538,1.3384,24,26.46,0,Summer
2023-06-05,MTR-009,239.3306,9.9721,19.6658,2.3954,24,26.46,0,Summer
2023-06-05,MTR-010,44.7961,1.8665,3.8403,0.4823,24,26.46,0,Summer
2023-06-05,MTR-011,114.0333,4.7514,9.2419,1.1381,24,26.46,0,Summer
2023-06-05,MTR-012,186.6773,7.7782,15.2815,1.9817,24,26.46,0,Summer
2023-06-06,MTR-001,43.0013,1.7917,3.2376,0.4902,24,27.08,0,Summer
2023-06-06,MTR-002,131.4667,5.4778,9.5167,1.545,24,27.08,0,Summer
2023-06-06,MTR-003,190.3429,7.931,14.7812,2.2619,24,27.08,0,Summer
2023-06-06,MTR-004,50.7699,2.1154,4.073,0.5304,24,27.08,0,Summer
2023-06-06,MTR-005,123.225,5.1344,9.7829,1.3536,24,27.08,0,Summer
2023-06-06,MTR-006,202.1686,8.4237,32.9402,1.7327,24,27.08,0,Summer
2023-06-06,MTR-007,42.6421,1.7768,3.1865,0.475,24,27.08,0,Summer
2023-06-06,MTR-008,129.7384,5.4058,11.3451,1.5134,24,27.08,0,Summer
2023-06-06,MTR-009,249.109,10.3795,18.6833,2.7053,24,27.08,0,Summer
2023-06-06,MTR-010,43.8477,1.827,3.2337,0.4658,24,27.08,0,Summer
2023-06-06,MTR-011,112.2053,4.6752,7.9353,1.2515,24,27.08,0,Summer
2023-06-06,MTR-012,186.1545,7.7564,14.4498,1.9097,24,27.08,0,Summer
2023-06-07,MTR-001,40.8531,1.7022,3.6081,0.2294,24,26.81,0,Summer
2023-06-07,MTR-002,127.4325,5.3097,10.7467,1.4125,24,26.81,0,Summer
2023-06-07,MTR-003,207.5202,8.6467,31.5205,0.2048,24,26.81,0,Summer
2023-06-07,MTR-004,51.456,2.144,4.1735,0.5383,24,26.81,0,Summer
2023-06-07,MTR-005,121.5835,5.066,10.3033,1.3119,24,26.81,0,Summer
2023-06-07,MTR-006,221.8179,9.2424,35.318,2.098,24,26.81,0,Summer
2023-06-07,MTR-007,41.4329,1.7264,3.472,0.4703,24,26.81,0,Summer
2023-06-07,MTR-008,132.0094,5.5004,10.4909,1.5689,24,26.81,0,Summer
2023-06-07,MTR-009,238.8935,9.9539,20.2123,2.6306,24,26.81,0,Summer
2023-06-07,MTR-010,47.8306,1.9929,7.193,0.4735,24,26.81,0,Summer
2023-06-07,MTR-011,115.6616,4.8192,8.8229,1.3691,24,26.81,0,Summer
2023-06-07,MTR-012,190.4456,7.9352,15.5217,2.0296,24,26.81,0,Summer
2023-06-08,MTR-001,43.7629,1.8235,3.4916,0.4779,24,27.38,0,Summer
2023-06-08,MTR-002,128.5758,5.3573,10.0896,1.4238,24,27.38,0,Summer
2023-06-08,MTR-003,191.9389,7.9975,15.612,1.9839,24,27.38,0,Summer
2023-06-08,MTR-004,51.2389,2.135,3.8721,0.5773,24,27.38,0,Summer
2023-06-08,MTR-005,127.3521,5.3063,10.5176,1.424,24,27.38,0,Summer
2023-06-08,MTR-006,189.9533,7.9147,15.0684,2.1548,24,27.38,0,Summer
2023-06-08,MTR-007,43.0192,1.7925,3.0357,0.488,24,27.38,0,Summer
2023-06-08,MTR-008,130.6851,5.4452,10.0931,1.4415,24,27.38,0,Summer
2023-06-08,MTR-009,232.344,9.681,17.8675,0.2971,24,27.38,0,Summer
2023-06-08,MTR-010,47.0315,1.9596,3.7937,0.4497,24,27.38,0,Summer
2023-06-08,MTR-011,113.7016,4.7376,9.3389,0.6446,24,27.38,0,Summer
2023-06-08,MTR-012,189.1529,7.8814,14.744,1.9989,24,27.38,0,Summer
2023-06-09,MTR-001,42.2167,1.759,3.1122,0.5099,24,27.17,0,Summer
2023-06-09,MTR-002,127.2747,5.3031,10.0599,1.4578,24,27.17,0,Summer
2023-06-09,MTR-003,215.4156,8.9757,32.9416,2.2312,24,27.17,0,Summer
2023-06-09,MTR-004,50.7279,2.1137,4.057,0.5397,24,27.17,0,Summer
2023-06-09,MTR-005,127.6586,5.3191,10.2761,1.3106,24,27.17,0,Summer
2023-06-09,MTR-006,205.9365,8.5807,18.6773,2.2141,24,27.17,0,Summer
2023-06-09,MTR-007,43.1606,1.7984,3.3881,0.4436,24,27.17,0,Summer
2023-06-09,MTR-008,131.2187,5.4674,10.1433,1.3307,24,27.17,0,Summer
2023-06-09,MTR-009,243.6859,10.1536,19.7947,2.574,24,27.17,0,Summer
2023-06-09,MTR-010,39.5063,1.6461,3.9678,0.1618,24,27.17,0,Summer
2023-06-09,MTR-011,117.8711,4.9113,9.0096,1.3617,24,27.17,0,Summer
2023-06-09,MTR-012,194.1384,8.0891,14.8483,2.0051,24,27.17,0,Summer
2023-06-10,MTR-001,58.9108,2.4546,15.2645,0.5406,24,27.12,1,Summer
2023-06-10,MTR-002,90.9867,3.7911,7.7759,0.9647,24,27.12,1,Summer
2023-06-10,MTR-003,149.3246,6.2219,19.4233,1.4989,24,27.12,1,Summer
2023-06-10,MTR-004,54.5884,2.2745,4.45,0.6005,24,27.12,1,Summer
2023-06-10,MTR-005,89.4232,3.726,7.6745,1.0662,24,27.12,1,Summer
2023-06-10,MTR-006,149.3519,6.223,12.2381,1.4202,24,27.12,1,Summer
2023-06-10,MTR-007,45.8577,1.9107,3.8345,0.5611,24,27.12,1,Summer
2023-06-10,MTR-008,108.0198,4.5008,19.9759,1.0854,24,27.12,1,Summer
2023-06-10,MTR-009,170.8089,7.117,14.1201,2.1026,24,27.12,1,Summer
2023-06-10,MTR-010,47.0292,1.9596,4.0331,0.4499,24,27.12,1,Summer
2023-06-10,MTR-011,86.9325,3.6222,7.2539,0.9527,24,27.12,1,Summer
2023-06-10,MTR-012,138.9252,5.7886,11.2191,1.5264,24,27.12,1,Summer
2023-06-11,MTR-001,46.8793,1.9533,3.6849,0.5744,24,26.97,1,Summer
2023-06-11,MTR-002,91.7918,3.8247,7.4358,1.0614,24,26.97,1,Summer
2023-06-11,MTR-003,134.0375,5.5849,11.6157,1.564,24,26.97,1,Summer
2023-06-11,MTR-004,58.1694,2.4237,4.5499,0.6475,24,26.97,1,Summer
2023-06-11,MTR-005,91.708,3.8212,7.3639,1.0552,24,26.97,1,Summer
2023-06-11,MTR-006,140.6923,5.8622,11.5663,1.6426,24,26.97,1,Summer
2023-06-11,MTR-007,51.7956,2.1581,7.8359,0.5454,24,26.97,1,Summer
2023-06-11,MTR-008,96.7688,4.032,8.1079,1.1872,24,26.97,1,Summer
2023-06-11,MTR-009,169.2843,7.0535,13.675,1.959,24,26.97,1,Summer
2023-06-11,MTR-010,47.3472,1.9728,3.7913,0.5434,24,26.97,1,Summer
2023-06-11,MTR-011,83.8012,3.4917,6.3455,1.0043,24,26.97,1,Summer
2023-06-11,MTR-012,138.2667,5.7611,11.4127,1.5529,24,26.97,1,Summer
2023-06-12,MTR-001,45.5417,1.8976,3.8601,0.4803,24,27.05,0,Summer
2023-06-12,MTR-002,148.8531,6.2022,26.8533,1.2534,24,27.05,0,Summer
2023-06-12,MTR-003,193.7498,8.0729,17.018,1.964,24,27.05,0,Summer
2023-06-12,MTR-004,51.1178,2.1299,4.3147,0.57,24,27.05,0,Summer
2023-06-12,MTR-005,127.0666,5.2944,11.1275,1.3623,24,27.05,0,Summer
2023-06-12,MTR-006,225.7769,9.4074,34.7994,1.9358,24,27.05,0,Summer
2023-06-12,MTR-007,43.5299,1.8137,3.5706,0.4349,24,27.05,0,Summer
2023-06-12,MTR-008,133.7522,5.573,11.2204,1.3715,24,27.05,0,Summer
2023-06-12,MTR-009,240.1276,10.0053,19.5859,2.4872,24,27.05,0,Summer
2023-06-12,MTR-010,42.7559,1.7815,3.5611,0.494,24,27.05,0,Summer
2023-06-12,MTR-011,116.402,4.8501,9.5495,1.2164,24,27.05,0,Summer
2023-06-12,MTR-012,189.9917,7.9163,15.2468,2.185,24,27.05,0,Summer
2023-06-13,MTR-001,43.6282,1.8178,2.9161,0.4705,24,28.12,0,Summer
2023-06-13,MTR-002,130.3583,5.4316,9.2671,1.5317,24,28.12,0,Summer
2023-06-13,MTR-003,194.3512,8.098,15.3695,2.1683,24,28.12,0,Summer
2023-06-13,MTR-004,53.3446,2.2227,4.4003,0.5851,24,28.12,0,Summer
2023-06-13,MTR-005,125.9032,5.246,10.362,1.4929,24,28.12,0,Summer
2023-06-13,MTR-006,197.9898,8.2496,14.6034,2.0835,24,28.12,0,Summer
2023-06-13,MTR-007,49.1654,2.0486,6.5143,0.4998,24,28.12,0,Summer
2023-06-13,MTR-008,135.6247,5.651,11.1421,1.4456,24,28.12,0,Summer
2023-06-13,MTR-009,246.2334,10.2597,17.6662,2.7225,24,28.12,0,Summer
2023-06-13,MTR-010,46.0693,1.9196,3.5416,0.4364,24,28.12,0,Summer
2023-06-13,MTR-011,121.6235,5.0676,9.3373,1.299,24,28.12,0,Summer
2023-06-13,MTR-012,192.4805,8.02,14.2411,2.0214,24,28.12,0,Summer
2023-06-14,MTR-001,45.3548,1.8898,3.8097,0.4871,24,27.47,0,Summer
2023-06-14,MTR-002,131.1382,5.4641,10.313,1.3008,24,27.47,0,Summer
2023-06-14,MTR-003,210.1573,8.7566,19.3069,2.1703,24,27.47,0,Summer
2023-06-14,MTR-004,52.1375,2.1724,4.1889,0.5095,24,27.47,0,Summer
2023-06-14,MTR-005,125.1447,5.2144,9.853,1.5273,24,27.47,0,Summer
2023-06-14,MTR-006,197.4679,8.2278,15.0339,2.2629,24,27.47,0,Summer
2023-06-14,MTR-007,45.147,1.8811,3.5419,0.5348,24,27.47,0,Summer
2023-06-14,MTR-008,133.4469,5.5603,10.0406,0.2976,24,27.47,0,Summer
2023-06-14,MTR-009,244.0257,10.1677,19.1253,2.3731,24,27.47,0,Summer
2023-06-14,MTR-010,45.3707,1.8904,3.6167,0.4213,24,27.47,0,Summer
2023-06-14,MTR-011,118.538,4.9391,9.2369,1.277,24,27.47,0,Summer
2023-06-14,MTR-012,192.8477,8.0353,14.2944,2.2465,24,27.47,0,Summer
2023-06-15,MTR-001,44.8365,1.8682,3.444,0.5395,24,27.63,0,Summer
2023-06-15,MTR-002,129.1656,5.3819,9.8145,1.4994,24,27.63,0,Summer
2023-06-15,MTR-003,197.2638,8.2193,16.095,2.0515,24,27.63,0,Summer
2023-06-15,MTR-004,52.724,2.1968,4.2507,0.6265,24,27.63,0,Summer
2023-06-15,MTR-005,128.922,5.3717,9.6944,1.7016,24,27.63,0,Summer
2023-06-15,MTR-006,193.5734,8.0656,15.8406,1.9471,24,27.63,0,Summer
2023-06-15,MTR-007,43.7222,1.8218,4.0076,0.4994,24,27.63,0,Summer
2023-06-15,MTR-008,155.8372,6.4932,31.5605,1.4034,24,27.63,0,Summer
2023-06-15,MTR-009,272.18,11.3408,37.4194,3.0482,24,27.63,0,Summer
2023-06-15,MTR-010,43.9064,1.8294,3.4327,0.5077,24,27.63,0,Summer
2023-06-15,MTR-011,115.3408,4.8059,9.9873,1.2565,24,27.63,0,Summer
2023-06-15,MTR-012,194.0479,8.0853,16.8565,2.3052,24,27.63,0,Summer
2023-06-16,MTR-001,47.4922,1.9788,3.9622,0.5714,24,28.31,0,Summer
2023-06-16,MTR-002,129.0267,5.3761,10.1235,1.4444,24,28.31,0,Summer
2023-06-16,MTR-003,189.5547,7.8981,16.131,1.7193,24,28.31,0,Summer
2023-06-16,MTR-004,53.814,2.2423,4.1804,0.649,24,28.31,0,Summer
2023-06-16,MTR-005,131.4375,5.4766,10.9333,1.5452,24,28.31,0,Summer
2023-06-16,MTR-006,200.0759,8.3365,15.2566,2.2806,24,28.31,0,Summer
2023-06-16,MTR-007,44.4555,1.8523,3.7381,0.0903,24,28.31,0,Summer
2023-06-16,MTR-008,134.5209,5.605,10.7897,1.5951,24,28.31,0,Summer
2023-06-16,MTR-009,242.3042,10.096,18.7939,2.758,24,28.31,0,Summer
2023-06-16,MTR-010,52.341,2.1809,9.673,0.5056,24,28.31,0,Summer
2023-06-16,MTR-011,119.3319,4.9722,9.294,1.3798,24,28.31,0,Summer
2023-06-16,MTR-012,196.9149,8.2048,15.3237,2.2672,24,28.31,0,Summer
2023-06-17,MTR-001,48.012,2.0005,3.6686,0.5109,24,27.84,1,Summer
2023-06-17,MTR-002,93.8509,3.9105,7.0621,1.1296,24,27.84,1,Summer
2023-06-17,MTR-003,137.0929,5.7122,10.5032,1.5765,24,27.84,1,Summer
2023-06-17,MTR-004,58.0617,2.4192,4.3223,0.6609,24,27.84,1,Summer
2023-06-17,MTR-005,87.2041,3.6335,6.9065,0.6627,24,27.84,1,Summer
2023-06-17,MTR-006,138.8065,5.7836,10.5068,1.5284,24,27.84,1,Summer
2023-06-17,MTR-007,47.9009,1.9959,3.6665,0.5662,24,27.84,1,Summer
2023-06-17,MTR-008,93.4491,3.8937,6.467,1.0426,24,27.84,1,Summer
2023-06-17,MTR-009,171.0869,7.1286,12.0187,2.0111,24,27.84,1,Summer
2023-06-17,MTR-010,48.9132,2.0381,3.4359,0.4874,24,27.84,1,Summer
2023-06-17,MTR-011,86.9673,3.6236,6.76,0.9056,24,27.84,1,Summer
2023-06-17,MTR-012,146.3236,6.0968,10.1511,1.6866,24,27.84,1,Summer
2023-06-18,MTR-001,48.3827,2.0159,3.6083,0.5089,24,28.26,1,Summer
2023-06-18,MTR-002,93.0559,3.8773,7.6383,0.9672,24,28.26,1,Summer
2023-06-18,MTR-003,139.8575,5.8274,11.3693,1.4763,24,28.26,1,Summer
2023-06-18,MTR-004,55.4362,2.3098,4.1651,0.6698,24,28.26,1,Summer
2023-06-18,MTR-005,93.811,3.9088,7.8721,1.086,24,28.26,1,Summer
2023-06-18,MTR-006,142.4192,5.9341,12.0596,1.5381,24,28.26,1,Summer
2023-06-18,MTR-007,47.322,1.9718,3.709,0.5408,24,28.26,1,Summer
2023-06-18,MTR-008,97.0949,4.0456,8.3181,1.0509,24,28.26,1,Summer
2023-06-18,MTR-009,178.6624,7.4443,14.7071,1.7651,24,28.26,1,Summer
2023-06-18,MTR-010,48.1051,2.0044,3.7515,0.6073,24,28.26,1,Summer
2023-06-18,MTR-011,87.2835,3.6368,7.0382,1.0733,24,28.26,1,Summer
2023-06-18,MTR-012,137.8509,5.7438,11.0531,1.5031,24,28.26,1,Summer
2023-06-19,MTR-001,45.3741,1.8906,3.7651,0.4867,24,27.87,0,Summer
2023-06-19,MTR-002,129.1353,5.3806,9.8366,1.3264,24,27.87,0,Summer
2023-06-19,MTR-003,211.0076,8.792,15.4035,2.1039,24,27.87,0,Summer
2023-06-19,MTR-004,52.4195,2.1841,4.0592,0.4926,24,27.87,0,Summer
2023-06-19,MTR-005,124.5367,5.189,10.0159,1.4097,24,27.87,0,Summer
2023-06-19,MTR-006,200.2599,8.3442,15.9089,1.9845,24,27.87,0,Summer
2023-06-19,MTR-007,49.7738,2.0739,6.2424,0.4524,24,27.87,0,Summer
2023-06-19,MTR-008,130.7696,5.4487,11.3895,1.4058,24,27.87,0,Summer
2023-06-19,MTR-009,244.8356,10.2015,19.5067,2.5586,24,27.87,0,Summer
2023-06-19,MTR-010,45.8106,1.9088,3.7118,0.4494,24,27.87,0,Summer
2023-06-19,MTR-011,118.6499,4.9437,9.2024,1.2114,24,27.87,0,Summer
2023-06-19,MTR-012,192.6487,8.027,15.0392,1.897,24,27.87,0,Summer
2023-06-20,MTR-001,45.6027,1.9001,3.8958,0.499,24,28.49,0,Summer
2023-06-20,MTR-002,130.5072,5.4378,10.7437,1.3014,24,28.49,0,Summer
2023-06-20,MTR-003,195.8577,8.1607,16.3673,0.2828,24,28.49,0,Summer
2023-06-20,MTR-004,53.0093,2.2087,3.8165,0.6081,24,28.49,0,Summer
2023-06-20,MTR-005,128.6534,5.3606,10.1333,1.4471,24,28.49,0,Summer
2023-06-20,MTR-006,195.4352,8.1431,16.3787,2.3138,24,28.49,0,Summer
2023-06-20,MTR-007,45.0101,1.8754,3.4839,0.4812,24,28.49,0,Summer
2023-06-20,MTR-008,132.1872,5.5078,9.7068,1.4446,24,28.49,0,Summer
2023-06-20,MTR-009,241.5653,10.0652,18.1866,2.7943,24,28.49,0,Summer
2023-06-20,MTR-010,43.3012,1.8042,3.8028,0.4039,24,28.49,0,Summer
2023-06-20,MTR-011,122.5079,5.1045,10.0675,1.1716,24,28.49,0,Summer
2023-06-20,MTR-012,225.9825,9.4159,41.5947,2.1351,24,28.49,0,Summer
2023-06-21,MTR-001,42.8528,1.7855,3.5307,0.4736,24,28.48,0,Summer
2023-06-21,MTR-002,131.839,5.4933,10.7118,1.5242,24,28.48,0,Summer
2023-06-21,MTR-003,201.006,8.3753,16.7752,2.0743,24,28.48,0,Summer
2023-06-21,MTR-004,53.0597,2.2108,3.9533,0.5336,24,28.48,0,Summer
2023-06-21,MTR-005,125.4731,5.228,10.5275,1.3854,24,28.49,0,Summer
2023-06-21,MTR-006,202.5974,8.4416,16.1048,2.2406,24,28.49,0,Summer
2023-06-21,MTR-007,51.3632,2.1401,9.6941,0.4879,24,28.49,0,Summer
2023-06-21,MTR-008,133.5798,5.5658,10.9567,1.4534,24,28.48,0,Summer
2023-06-21,MTR-009,253.0631,10.5443,20.9108,2.6209,24,28.49,0,Summer
2023-06-21,MTR-010,46.7936,1.9497,4.0178,0.5357,24,28.49,0,Summer
2023-06-21,MTR-011,120.5352,5.0223,10.1578,1.1187,24,28.48,0,Summer
2023-06-21,MTR-012,197.325,8.2219,16.4235,2.0411,24,28.49,0,Summer
2023-06-22,MTR-001,45.842,1.9101,3.4712,0.5588,24,28.26,0,Summer
2023-06-22,MTR-002,134.8805,5.62,10.8002,1.348,24,28.26,0,Summer
2023-06-22,MTR-003,198.239,8.26,14.8776,2.0595,24,28.26,0,Summer
2023-06-22,MTR-004,53.604,2.2335,3.9254,0.5871,24,28.26,0,Summer
2023-06-22,MTR-005,123.2732,5.1364,10.351,0.6215,24,28.26,0,Summer
2023-06-22,MTR-006,202.6614,8.4442,15.475,2.03,24,28.26,0,Summer
2023-06-22,MTR-007,44.1676,1.8403,3.4048,0.4957,24,28.26,0,Summer
2023-06-22,MTR-008,132.6371,5.5265,10.7458,1.6554,24,28.26,0,Summer
2023-06-22,MTR-009,248.7442,10.3643,19.5041,3.1632,24,28.26,0,Summer
2023-06-22,MTR-010,45.8566,1.9107,3.4612,0.4821,24,28.26,0,Summer
2023-06-22,MTR-011,135.6416,5.6517,18.2492,1.3692,24,28.26,0,Summer
2023-06-22,MTR-012,188.6128,7.8589,14.3578,1.4567,24,28.26,0,Summer
2023-06-23,MTR-001,47.2411,1.9684,4.172,0.576,24,28.65,0,Summer
2023-06-23,MTR-002,147.6195,6.1508,22.1017,1.5424,24,28.65,0,Summer
2023-06-23,MTR-003,201.985,8.416,15.119,2.2275,24,28.65,0,Summer
2023-06-23,MTR-004,51.827,2.1595,3.8472,0.6055,24,28.65,0,Summer
2023-06-23,MTR-005,131.8382,5.4933,10.7395,1.509,24,28.65,0,Summer
2023-06-23,MTR-006,209.164,8.7152,15.9007,2.2783,24,28.65,0,Summer
2023-06-23,MTR-007,46.2328,1.9264,3.76,0.5334,24,28.65,0,Summer
2023-06-23,MTR-008,135.3982,5.6416,10.7381,1.6375,24,28.65,0,Summer
2023-06-23,MTR-009,251.4633,10.4776,18.831,2.7692,24,28.65,0,Summer
2023-06-23,MTR-010,45.3011,1.8875,3.6036,0.5651,24,28.65,0,Summer
2023-06-23,MTR-011,116.9061,4.8711,9.4371,1.4854,24,28.65,0,Summer
2023-06-23,MTR-012,194.404,8.1002,15.8244,1.9796,24,28.65,0,Summer
2023-06-24,MTR-001,50.2775,2.0949,4.0547,0.5393,24,28.78,1,Summer
2023-06-24,MTR-002,103.0711,4.2946,8.5389,1.0601,24,28.78,1,Summer
2023-06-24,MTR-003,145.0387,6.0433,11.9737,1.2813,24,28.78,1,Summer
2023-06-24,MTR-004,59.8612,2.4942,4.7249,0.6604,24,28.78,1,Summer
2023-06-24,MTR-005,94.0314,3.918,7.8917,0.1324,24,28.78,1,Summer
2023-06-24,MTR-006,144.9939,6.0414,11.9162,1.5805,24,28.78,1,Summer
2023-06-24,MTR-007,56.3607,2.3484,10.7152,0.4795,24,28.78,1,Summer
2023-06-24,MTR-008,96.9062,4.0378,7.2894,1.0171,24,28.78,1,Summer
2023-06-24,MTR-009,169.3326,7.0555,14.7566,1.4277,24,28.78,1,Summer
2023-06-24,MTR-010,48.863,2.036,3.622,0.1445,24,28.78,1,Summer
2023-06-24,MTR-011,86.8799,3.62,6.4718,0.9438,24,28.78,1,Summer
2023-06-24,MTR-012,140.339,5.8475,10.7216,0.0781,24,28.78,1,Summer
2023-06-25,MTR-001,51.7368,2.1557,3.9606,0.5429,24,29.4,1,Summer
2023-06-25,MTR-002,96.3273,4.0136,7.6435,1.0718,24,29.4,1,Summer
2023-06-25,MTR-003,147.7332,6.1556,12.1948,1.5725,24,29.4,1,Summer
2023-06-25,MTR-004,58.962,2.4568,4.7143,0.6305,24,29.4,1,Summer
2023-06-25,MTR-005,93.8618,3.9109,8.1664,1.0382,24,29.4,1,Summer
2023-06-25,MTR-006,147.4004,6.1417,11.8973,1.6685,24,29.4,1,Summer
2023-06-25,MTR-007,48.7738,2.0322,4.1445,0.5086,24,29.4,1,Summer
2023-06-25,MTR-008,102.9308,4.2888,7.6361,1.1045,24,29.4,1,Summer
2023-06-25,MTR-009,187.4849,7.8119,14.6648,2.0053,24,29.4,1,Summer
2023-06-25,MTR-010,50.9048,2.121,4.2339,0.5733,24,29.4,1,Summer
2023-06-25,MTR-011,89.7964,3.7415,7.4084,0.9871,24,29.4,1,Summer
2023-06-25,MTR-012,145.7784,6.0741,11.3851,1.5872,24,29.4,1,Summer
2023-06-26,MTR-001,44.966,1.8736,3.4716,0.534,24,28.59,0,Summer
2023-06-26,MTR-002,134.3616,5.5984,10.7299,1.2599,24,28.59,0,Summer
2023-06-26,MTR-003,197.03,8.2096,15.9079,2.1634,24,28.59,0,Summer
2023-06-26,MTR-004,51.794,2.1581,3.7616,0.5125,24,28.59,0,Summer
2023-06-26,MTR-005,133.7205,5.5717,11.1146,1.4006,24,28.59,0,Summer
2023-06-26,MTR-006,206.6129,8.6089,17.4209,1.8907,24,28.59,0,Summer
2023-06-26,MTR-007,44.6457,1.8602,3.4738,0.4862,24,28.59,0,Summer
2023-06-26,MTR-008,134.7646,5.6152,10.4862,1.4068,24,28.59,0,Summer
2023-06-26,MTR-009,251.4536,10.4772,20.35,2.6098,24,28.59,0,Summer
2023-06-26,MTR-010,44.8684,1.8695,3.6758,0.5435,24,28.59,0,Summer
2023-06-26,MTR-011,120.4961,5.0207,9.7171,1.3583,24,28.59,0,Summer
2023-06-26,MTR-012,196.1872,8.1745,15.6801,2.1294,24,28.59,0,Summer
2023-06-27,MTR-001,47.1443,1.9643,3.6608,0.4828,24,28.62,0,Summer
2023-06-27,MTR-002,133.1809,5.5492,10.7987,1.4054,24,28.62,0,Summer
2023-06-27,MTR-003,197.4614,8.2276,15.5166,2.3223,24,28.62,0,Summer
2023-06-27,MTR-004,54.4979,2.2707,4.0706,0.5992,24,28.62,0,Summer
2023-06-27,MTR-005,134.3636,5.5985,11.2763,1.3679,24,28.62,0,Summer
2023-06-27,MTR-006,203.9633,8.4985,15.6646,2.2363,24,28.62,0,Summer
2023-06-27,MTR-007,45.1733,1.8822,3.5765,0.4958,24,28.62,0,Summer
2023-06-27,MTR-008,136.8196,5.7008,10.9779,1.4299,24,28.62,0,Summer
2023-06-27,MTR-009,248.8205,10.3675,19.1409,2.6608,24,28.62,0,Summer
2023-06-27,MTR-010,45.9628,1.9151,3.8325,0.5308,24,28.62,0,Summer
2023-06-27,MTR-011,116.0858,4.8369,9.068,1.2051,24,28.62,0,Summer
2023-06-27,MTR-012,198.7244,8.2802,16.0915,2.2063,24,28.62,0,Summer
2023-06-28,MTR-001,46.6761,1.9448,3.7765,0.4647,24,28.72,0,Summer
2023-06-28,MTR-002,133.3839,5.5577,10.4711,1.4313,24,28.72,0,Summer
2023-06-28,MTR-003,202.3642,8.4318,18.2364,2.0695,24,28.72,0,Summer
2023-06-28,MTR-004,53.0439,2.2102,4.3159,0.585,24,28.72,0,Summer
2023-06-28,MTR-005,129.6593,5.4025,10.4571,1.2523,24,28.72,0,Summer
2023-06-28,MTR-006,203.0296,8.4596,16.0529,2.0769,24,28.72,0,Summer
2023-06-28,MTR-007,46.3023,1.9293,4.2894,0.4928,24,28.72,0,Summer
2023-06-28,MTR-008,133.4129,5.5589,10.4403,1.6477,24,28.72,0,Summer
2023-06-28,MTR-009,253.1166,10.5465,21.8248,2.6766,24,28.72,0,Summer
2023-06-28,MTR-010,46.0928,1.9205,4.1783,0.4194,24,28.72,0,Summer
2023-06-28,MTR-011,123.5345,5.1473,10.3461,1.2817,24,28.72,0,Summer
2023-06-28,MTR-012,198.2518,8.2605,16.8703,1.9065,24,28.72,0,Summer
2023-06-29,MTR-001,46.458,1.9358,3.8628,0.5082,24,28.88,0,Summer
2023-06-29,MTR-002,134.9913,5.6246,9.8676,1.3699,24,28.88,0,Summer
2023-06-29,MTR-003,195.922,8.1634,16.0881,2.0613,24,28.88,0,Summer
2023-06-29,MTR-004,54.5455,2.2727,4.3833,0.5785,24,28.88,0,Summer
2023-06-29,MTR-005,130.6107,5.4421,10.8355,1.3811,24,28.88,0,Summer
2023-06-29,MTR-006,198.4662,8.2694,15.6515,1.8854,24,28.88,0,Summer
2023-06-29,MTR-007,45.1174,1.8799,3.989,0.5388,24,28.88,0,Summer
2023-06-29,MTR-008,140.1657,5.8402,11.5809,1.3985,24,28.88,0,Summer
2023-06-29,MTR-009,255.0364,10.6265,20.8457,2.8041,24,28.88,0,Summer
2023-06-29,MTR-010,45.7956,1.9082,3.3114,0.4718,24,28.88,0,Summer
2023-06-29,MTR-011,123.7401,5.1558,9.9418,1.3111,24,28.88,0,Summer
2023-06-29,MTR-012,199.7693,8.3237,16.4768,2.3845,24,28.88,0,Summer
2023-06-30,MTR-001,44.8596,1.8692,3.6026,0.5233,24,28.42,0,Summer
2023-06-30,MTR-002,131.2902,5.4704,9.687,1.4268,24,28.42,0,Summer
2023-06-30,MTR-003,196.0299,8.1679,15.5754,2.1156,24,28.42,0,Summer
2023-06-30,MTR-004,58.6065,2.4419,8.215,0.5519,24,28.42,0,Summer
2023-06-30,MTR-005,126.3133,5.2631,10.6709,1.4935,24,28.42,0,Summer
2023-06-30,MTR-006,234.1477,9.7562,42.1273,2.3273,24,28.42,0,Summer
2023-06-30,MTR-007,44.1884,1.8412,3.4586,0.4907,24,28.42,0,Summer
2023-06-30,MTR-008,134.1246,5.5885,11.378,1.5598,24,28.42,0,Summer
2023-06-30,MTR-009,232.1445,9.6727,18.0372,2.6939,24,28.42,0,Summer
2023-06-30,MTR-010,44.5657,1.8569,3.5686,0.5052,24,28.42,0,Summer
2023-06-30,MTR-011,134.6791,5.6116,17.219,1.3167,24,28.42,0,Summer
2023-06-30,MTR-012,195.3795,8.1408,15.1734,2.011,24,28.42,0,Summer
2023-07-01,MTR-001,49.7132,2.0714,4.2897,0.5063,24,28.5,1,Summer
2023-07-01,MTR-002,97.7944,4.0748,7.6582,1.0771,24,28.5,1,Summer
2023-07-01,MTR-003,133.8225,5.5759,9.9484,1.5331,24,28.5,1,Summer
2023-07-01,MTR-004,62.2275,2.5928,6.6868,0.5747,24,28.5,1,Summer
2023-07-01,MTR-005,94.2082,3.9253,7.5108,0.9506,24,28.5,1,Summer
2023-07-01,MTR-006,141.146,5.8811,11.6051,1.7807,24,28.5,1,Summer
2023-07-01,MTR-007,48.1419,2.0059,4.052,0.454,24,28.5,1,Summer
2023-07-01,MTR-008,95.8698,3.9946,8.1755,1.0496,24,28.5,1,Summer
2023-07-01,MTR-009,187.7292,7.8221,24.697,1.9613,24,28.5,1,Summer
2023-07-01,MTR-010,50.007,2.0836,4.2315,0.5849,24,28.5,1,Summer
2023-07-01,MTR-011,86.3228,3.5968,7.5825,1.0321,24,28.5,1,Summer
2023-07-01,MTR-012,143.1083,5.9628,9.8662,1.4714,24,28.5,1,Summer
2023-07-02,MTR-001,51.3484,2.1395,4.2109,0.5883,24,28.59,1,Summer
2023-07-02,MTR-002,97.1744,4.0489,8.5299,1.0546,24,28.59,1,Summer
2023-07-02,MTR-003,145.8123,6.0755,14.1095,0.3947,24,28.59,1,Summer
2023-07-02,MTR-004,57.8166,2.409,4.5996,0.6666,24,28.59,1,Summer
2023-07-02,MTR-005,91.7721,3.8238,7.3431,1.019,24,28.59,1,Summer
2023-07-02,MTR-006,146.2014,6.0917,12.5813,1.7181,24,28.59,1,Summer
2023-07-02,MTR-007,48.6478,2.027,4.0579,0.5889,24,28.59,1,Summer
2023-07-02,MTR-008,97.6837,4.0702,7.9715,1.029,24,28.59,1,Summer
2023-07-02,MTR-009,180.0931,7.5039,16.128,1.998,24,28.59,1,Summer
2023-07-02,MTR-010,48.128,2.0053,4.0094,0.554,24,28.59,1,Summer
2023-07-02,MTR-011,86.5128,3.6047,7.9431,0.6315,24,28.59,1,Summer
2023-07-02,MTR-012,138.831,5.7846,10.9289,1.5649,24,28.59,1,Summer
2023-07-03,MTR-001,46.5028,1.9376,3.713,0.5325,24,28.86,0,Summer
2023-07-03,MTR-002,134.0104,5.5838,10.122,1.3325,24,28.86,0,Summer
2023-07-03,MTR-003,196.4484,8.1854,15.269,2.1246,24,28.86,0,Summer
2023-07-03,MTR-004,52.1006,2.1709,3.862,0.5792,24,28.86,0,Summer
2023-07-03,MTR-005,129.3269,5.3886,9.2567,1.3353,24,28.86,0,Summer
2023-07-03,MTR-006,199.9656,8.3319,14.9911,2.3825,24,28.86,0,Summer
2023-07-03,MTR-007,46.7509,1.948,3.7134,0.4715,24,28.86,0,Summer
2023-07-03,MTR-008,138.9569,5.7899,11.3786,1.3314,24,28.86,0,Summer
2023-07-03,MTR-009,253.6165,10.5674,19.4547,2.6409,24,28.86,0,Summer
2023-07-03,MTR-010,45.7689,1.907,3.2573,0.5362,24,28.86,0,Summer
2023-07-03,MTR-011,123.3205,5.1384,10.2291,1.2836,24,28.86,0,Summer
2023-07-03,MTR-012,197.5261,8.2303,14.5899,2.1978,24,28.86,0,Summer
2023-07-04,MTR-001,46.4804,1.9367,3.7548,0.563,24,28.86,0,Summer
2023-07-04,MTR-002,130.6838,5.4452,9.6383,0.2393,24,28.86,0,Summer
2023-07-04,MTR-003,220.1842,9.1743,31.1489,2.4404,24,28.86,0,Summer
2023-07-04,MTR-004,53.2752,2.2198,3.8861,0.6557,24,28.86,0,Summer
2023-07-04,MTR-005,127.6191,5.3175,10.288,1.5342,24,28.86,0,Summer
2023-07-04,MTR-006,199.244,8.3018,17.97,2.4398,24,28.86,0,Summer
2023-07-04,MTR-007,43.5989,1.8166,3.1765,0.5303,24,28.86,0,Summer
2023-07-04,MTR-008,133.2101,5.5504,10.5343,1.5173,24,28.86,0,Summer
2023-07-04,MTR-009,249.5216,10.3967,20.0458,2.6533,24,28.86,0,Summer
2023-07-04,MTR-010,44.7194,1.8633,3.372,0.5825,24,28.86,0,Summer
2023-07-04,MTR-011,120.6455,5.0269,9.1268,1.3783,24,28.86,0,Summer
2023-07-04,MTR-012,192.7455,8.0311,14.9581,2.0423,24,28.86,0,Summer
2023-07-05,MTR-001,44.5583,1.8566,3.7349,0.4931,24,29.37,0,Summer
2023-07-05,MTR-002,137.0243,5.7093,11.5523,1.5229,24,29.37,0,Summer
2023-07-05,MTR-003,203.9129,8.4964,15.4623,2.1049,24,29.37,0,Summer
2023-07-05,MTR-004,54.8794,2.2866,4.2503,0.59,24,29.37,0,Summer
2023-07-05,MTR-005,131.2978,5.4707,10.3075,1.3964,24,29.37,0,Summer
2023-07-05,MTR-006,201.9251,8.4135,16.1324,2.195,24,29.37,0,Summer
2023-07-05,MTR-007,45.5281,1.897,3.7615,0.5086,24,29.37,0,Summer
2023-07-05,MTR-008,134.7424,5.6143,10.4372,1.4027,24,29.37,0,Summer
2023-07-05,MTR-009,245.2073,10.217,19.3107,1.1937,24,29.37,0,Summer
2023-07-05,MTR-010,45.9381,1.9141,3.443,0.5627,24,29.37,0,Summer
2023-07-05,MTR-011,125.3073,5.2211,10.4266,1.3706,24,29.37,0,Summer
2023-07-05,MTR-012,203.6946,8.4873,17.6722,2.3671,24,29.37,0,Summer
2023-07-06,MTR-001,46.123,1.9218,3.283,0.4849,24,28.7,0,Summer
2023-07-06,MTR-002,126.698,5.2791,10.6635,0.5539,24,28.7,0,Summer
2023-07-06,MTR-003,202.4173,8.4341,15.0229,2.3648,24,28.7,0,Summer
2023-07-06,MTR-004,53.0352,2.2098,4.218,0.525,24,28.7,0,Summer
2023-07-06,MTR-005,127.6913,5.3205,9.318,1.4787,24,28.7,0,Summer
2023-07-06,MTR-006,185.6814,7.7367,14.8066,2.1988,24,28.7,0,Summer
2023-07-06,MTR-007,44.1014,1.8376,3.2825,0.4871,24,28.7,0,Summer
2023-07-06,MTR-008,136.9752,5.7073,10.2374,1.4575,24,28.7,0,Summer
2023-07-06,MTR-009,250.0753,10.4198,20.0573,2.766,24,28.7,0,Summer
2023-07-06,MTR-010,47.2485,1.9687,3.53,0.494,24,28.7,0,Summer
2023-07-06,MTR-011,121.9567,5.0815,9.2961,1.2539,24,28.7,0,Summer
2023-07-06,MTR-012,199.4276,8.3095,16.6043,2.1478,24,28.7,0,Summer
2023-07-07,MTR-001,45.9851,1.916,3.7607,0.4992,24,28.91,0,Summer
2023-07-07,MTR-002,131.3012,5.4709,10.0645,1.4908,24,28.91,0,Summer
2023-07-07,MTR-003,196.5612,8.1901,16.1288,1.9563,24,28.91,0,Summer
2023-07-07,MTR-004,53.8644,2.2444,4.3702,0.6054,24,28.91,0,Summer
2023-07-07,MTR-005,147.3275,6.1386,16.5998,1.4529,24,28.91,0,Summer
2023-07-07,MTR-006,201.4422,8.3934,16.477,2.3357,24,28.91,0,Summer
2023-07-07,MTR-007,44.726,1.8636,3.8438,0.5164,24,28.91,0,Summer
2023-07-07,MTR-008,146.7557,6.1148,22.2111,1.4484,24,28.91,0,Summer
2023-07-07,MTR-009,259.8513,10.8271,20.8831,2.9274,24,28.91,0,Summer
2023-07-07,MTR-010,46.0523,1.9188,3.9383,0.1138,24,28.91,0,Summer
2023-07-07,MTR-011,117.5258,4.8969,9.6723,1.0347,24,28.91,0,Summer
2023-07-07,MTR-012,192.3022,8.0126,14.3278,0.704,24,28.91,0,Summer
2023-07-08,MTR-001,49.2273,2.0511,4.4131,0.5608,24,28.84,1,Summer
2023-07-08,MTR-002,95.4948,3.979,8.6275,1.045,24,28.84,1,Summer
2023-07-08,MTR-003,143.0318,5.9597,12.8525,1.6553,24,28.84,1,Summer
2023-07-08,MTR-004,59.1538,2.4647,5.0311,0.5807,24,28.84,1,Summer
2023-07-08,MTR-005,93.8931,3.9122,9.1284,1.028,24,28.84,1,Summer
2023-07-08,MTR-006,145.8683,6.0778,12.5348,1.6017,24,28.84,1,Summer
2023-07-08,MTR-007,45.7609,1.9067,3.9567,0.0924,24,28.84,1,Summer
2023-07-08,MTR-008,106.4013,4.4334,14.9868,1.0146,24,28.84,1,Summer
2023-07-08,MTR-009,178.2544,7.4273,14.238,2.06,24,28.84,1,Summer
2023-07-08,MTR-010,48.6551,2.0273,3.723,0.5488,24,28.84,1,Summer
2023-07-08,MTR-011,87.5985,3.6499,6.5614,0.952,24,28.84,1,Summer
2023-07-08,MTR-012,141.1887,5.8829,13.4348,1.396,24,28.84,1,Summer
2023-07-09,MTR-001,50.5691,2.107,4.0854,0.6289,24,29.19,1,Summer
2023-07-09,MTR-002,96.7136,4.0297,7.6748,1.1337,24,29.19,1,Summer
2023-07-09,MTR-003,145.0299,6.0429,10.9995,1.6905,24,29.19,1,Summer
2023-07-09,MTR-004,69.9353,2.914,13.9861,0.2172,24,29.19,1,Summer
2023-07-09,MTR-005,95.7144,3.9881,7.5079,1.2205,24,29.19,1,Summer
2023-07-09,MTR-006,155.8158,6.4923,13.0233,1.7944,24,29.19,1,Summer
2023-07-09,MTR-007,49.0923,2.0455,4.1036,0.5518,24,29.19,1,Summer
2023-07-09,MTR-008,101.5796,4.2325,9.5289,1.1651,24,29.19,1,Summer
2023-07-09,MTR-009,186.4518,7.7688,16.445,2.098,24,29.19,1,Summer
2023-07-09,MTR-010,49.3919,2.058,4.0536,0.5478,24,29.19,1,Summer
2023-07-09,MTR-011,91.236,3.8015,7.8819,1.0396,24,29.19,1,Summer
2023-07-09,MTR-012,147.2058,6.1336,11.8979,1.7739,24,29.19,1,Summer
2023-07-10,MTR-001,46.3537,1.9314,3.759,0.541,24,29.66,0,Summer
2023-07-10,MTR-002,129.1088,5.3795,9.978,0.5173,24,29.66,0,Summer
2023-07-10,MTR-003,199.1769,8.299,14.5678,2.5096,24,29.66,0,Summer
2023-07-10,MTR-004,54.3023,2.2626,4.8396,0.6656,24,29.66,0,Summer
2023-07-10,MTR-005,135.3521,5.6397,11.7428,1.4561,24,29.66,0,Summer
2023-07-10,MTR-006,221.4216,9.2259,15.9633,2.2493,24,29.66,0,Summer
2023-07-10,MTR-007,45.3589,1.89,3.447,0.5121,24,29.66,0,Summer
2023-07-10,MTR-008,138.4972,5.7707,10.8505,1.505,24,29.66,0,Summer
2023-07-10,MTR-009,244.758,10.1982,19.2386,2.5255,24,29.66,0,Summer
2023-07-10,MTR-010,46.8786,1.9533,3.6532,0.5656,24,29.66,0,Summer
2023-07-10,MTR-011,124.2884,5.1787,9.5624,1.3682,24,29.66,0,Summer
2023-07-10,MTR-012,190.8266,7.9511,15.2882,1.2065,24,29.66,0,Summer
2023-07-11,MTR-001,46.0199,1.9175,3.8783,0.4956,24,29.19,0,Summer
2023-07-11,MTR-002,144.9737,6.0406,13.1612,1.5793,24,29.19,0,Summer
2023-07-11,MTR-003,196.9461,8.2061,16.0762,2.3382,24,29.19,0,Summer
2023-07-11,MTR-004,59.2577,2.4691,6.2852,0.6169,24,29.19,0,Summer
2023-07-11,MTR-005,132.8046,5.5335,10.5671,1.4303,24,29.19,0,Summer
2023-07-11,MTR-006,218.1483,9.0895,19.0928,2.3152,24,29.19,0,Summer
2023-07-11,MTR-007,45.7513,1.9063,3.7111,0.5143,24,29.19,0,Summer
2023-07-11,MTR-008,188.2589,7.8441,40.0241,1.4435,24,29.19,0,Summer
2023-07-11,MTR-009,254.4979,10.6041,19.9193,2.7643,24,29.19,0,Summer
2023-07-11,MTR-010,46.3642,1.9318,3.7831,0.4654,24,29.19,0,Summer
2023-07-11,MTR-011,126.7614,5.2817,9.5536,1.3202,24,29.19,0,Summer
2023-07-11,MTR-012,251.3978,10.4749,76.4917,1.1645,24,29.19,0,Summer
2023-07-12,MTR-001,45.0356,1.8765,3.4758,0.5168,24,28.13,0,Summer
2023-07-12,MTR-002,134.3905,5.5996,10.734,1.4077,24,28.13,0,Summer
2023-07-12,MTR-003,191.9581,7.9983,15.6436,2.2892,24,28.13,0,Summer
2023-07-12,MTR-004,50.0892,2.0871,4.475,0.3677,24,28.13,0,Summer
2023-07-12,MTR-005,124.9336,5.2056,9.5888,1.4989,24,28.13,0,Summer
2023-07-12,MTR-006,200.1113,8.338,15.7007,2.1392,24,28.13,0,Summer
2023-07-12,MTR-007,43.9799,1.8325,3.558,0.4661,24,28.13,0,Summer
2023-07-12,MTR-008,138.5067,5.7711,11.0494,1.4001,24,28.13,0,Summer
2023-07-12,MTR-009,261.6462,10.9019,21.3016,2.7914,24,28.13,0,Summer
2023-07-12,MTR-010,45.336,1.889,3.7114,0.5056,24,28.13,0,Summer
2023-07-12,MTR-011,120.2507,5.0104,9.4672,1.2742,24,28.13,0,Summer
2023-07-12,MTR-012,193.8786,8.0783,14.9649,2.0509,24,28.13,0,Summer
2023-07-13,MTR-001,45.9898,1.9162,3.7461,0.5185,24,28.98,0,Summer
2023-07-13,MTR-002,130.5493,5.4396,10.7604,1.4218,24,28.98,0,Summer
2023-07-13,MTR-003,195.474,8.1447,16.8531,1.9687,24,28.98,0,Summer
2023-07-13,MTR-004,54.4616,2.2692,4.7422,0.6241,24,28.98,0,Summer
2023-07-13,MTR-005,130.9143,5.4548,11.8969,1.332,24,28.98,0,Summer
2023-07-13,MTR-006,204.4932,8.5205,16.4812,2.3957,24,28.98,0,Summer
2023-07-13,MTR-007,44.3383,1.8474,3.7246,0.4967,24,28.98,0,Summer
2023-07-13,MTR-008,128.9262,5.3719,10.658,1.4277,24,28.98,0,Summer
2023-07-13,MTR-009,251.6406,10.485,20.6746,2.7905,24,28.98,0,Summer
2023-07-13,MTR-010,47.0398,1.96,4.1761,0.4885,24,28.98,0,Summer
2023-07-13,MTR-011,120.2717,5.0113,9.6092,1.3315,24,28.98,0,Summer
2023-07-13,MTR-012,197.0051,8.2085,15.8277,2.0557,24,28.98,0,Summer
2023-07-14,MTR-001,46.5369,1.939,3.9039,0.4834,24,28.85,0,Summer
2023-07-14,MTR-002,134.4578,5.6024,11.0587,1.3943,24,28.85,0,Summer
2023-07-14,MTR-003,193.2239,8.051,13.8958,2.4235,24,28.85,0,Summer
2023-07-14,MTR-004,52.8627,2.2026,4.2058,0.6216,24,28.85,0,Summer
2023-07-14,MTR-005,138.0733,5.7531,10.0077,1.6062,24,28.85,0,Summer
2023-07-14,MTR-006,246.1314,10.2555,58.4891,2.1922,24,28.85,0,Summer
2023-07-14,MTR-007,45.2912,1.8871,3.7373,0.486,24,28.85,0,Summer
2023-07-14,MTR-008,135.8559,5.6607,11.8667,1.5164,24,28.85,0,Summer
2023-07-14,MTR-009,247.5348,10.314,19.1915,2.7807,24,28.85,0,Summer
2023-07-14,MTR-010,44.1453,1.8394,3.7624,0.2594,24,28.85,0,Summer
2023-07-14,MTR-011,127.183,5.2993,10.0213,1.363,24,28.85,0,Summer
2023-07-14,MTR-012,201.3469,8.3895,15.4688,1.8176,24,28.85,0,Summer
2023-07-15,MTR-001,50.985,2.1244,4.2834,0.6211,24,28.92,1,Summer
2023-07-15,MTR-002,95.8598,3.9942,7.5848,0.9452,24,28.92,1,Summer
2023-07-15,MTR-003,144.4769,6.0199,11.4064,1.7472,24,28.92,1,Summer
2023-07-15,MTR-004,58.431,2.4346,4.6229,0.6771,24,28.92,1,Summer
2023-07-15,MTR-005,93.982,3.9159,8.1002,1.0593,24,28.92,1,Summer
2023-07-15,MTR-006,147.0315,6.1263,12.4694,1.6102,24,28.92,1,Summer
2023-07-15,MTR-007,49.4913,2.0621,4.4171,0.5735,24,28.92,1,Summer
2023-07-15,MTR-008,97.8454,4.0769,8.7009,1.0455,24,28.92,1,Summer
2023-07-15,MTR-009,180.1022,7.5043,14.2834,1.9999,24,28.92,1,Summer
2023-07-15,MTR-010,50.8636,2.1193,4.4326,0.5516,24,28.92,1,Summer
2023-07-15,MTR-011,91.114,3.7964,7.8938,1.0041,24,28.92,1,Summer
2023-07-15,MTR-012,141.8924,5.9122,13.388,1.3318,24,28.92,1,Summer
2023-07-16,MTR-001,51.0312,2.1263,4.096,0.5452,24,28.88,1,Summer
2023-07-16,MTR-002,93.5273,3.897,7.3491,1.0023,24,28.88,1,Summer
2023-07-16,MTR-003,169.55,7.0646,26.4639,1.7773,24,28.88,1,Summer
2023-07-16,MTR-004,57.2202,2.3842,4.394,0.634,24,28.88,1,Summer
2023-07-16,MTR-005,91.5977,3.8166,7.077,0.9629,24,28.88,1,Summer
2023-07-16,MTR-006,147.8202,6.1592,11.5303,1.7222,24,28.88,1,Summer
2023-07-16,MTR-007,48.9035,2.0376,3.7375,0.585,24,28.88,1,Summer
2023-07-16,MTR-008,95.4896,3.9787,7.4012,0.5461,24,28.88,1,Summer
2023-07-16,MTR-009,177.2218,7.3842,15.8976,1.926,24,28.88,1,Summer
2023-07-16,MTR-010,48.9545,2.0398,4.0808,0.5639,24,28.88,1,Summer
2023-07-16,MTR-011,87.3734,3.6406,6.9762,0.9554,24,28.88,1,Summer
2023-07-16,MTR-012,143.6778,5.9866,10.6289,1.8477,24,28.88,1,Summer
2023-07-17,MTR-001,46.4451,1.9352,3.7214,0.4828,24,29.2,0,Summer
2023-07-17,MTR-002,137.2572,5.719,11.1213,1.518,24,29.2,0,Summer
2023-07-17,MTR-003,202.9894,8.4579,19.3656,1.7282,24,29.2,0,Summer
2023-07-17,MTR-004,58.883,2.4535,4.4941,0.5482,24,29.2,0,Summer
2023-07-17,MTR-005,131.9547,5.4981,11.5322,1.2221,24,29.2,0,Summer
2023-07-17,MTR-006,203.2018,8.4667,15.5709,2.1302,24,29.2,0,Summer
2023-07-17,MTR-007,45.0792,1.8783,4.194,0.4583,24,29.2,0,Summer
2023-07-17,MTR-008,156.5858,6.5244,26.6554,1.423,24,29.2,0,Summer
2023-07-17,MTR-009,248.6031,10.3585,20.8319,1.6139,24,29.2,0,Summer
2023-07-17,MTR-010,47.137,1.964,3.3493,0.4248,24,29.2,0,Summer
2023-07-17,MTR-011,119.6205,4.9842,9.7646,0.8683,24,29.2,0,Summer
2023-07-17,MTR-012,201.6569,8.4024,15.9146,2.1698,24,29.2,0,Summer
2023-07-18,MTR-001,46.8809,1.9534,3.6885,0.4428,24,28.36,0,Summer
2023-07-18,MTR-002,158.241,6.5934,38.5679,1.3879,24,28.36,0,Summer
2023-07-18,MTR-003,197.2859,8.2202,16.5265,1.7172,24,28.36,0,Summer
2023-07-18,MTR-004,53.5367,2.2307,4.414,0.5467,24,28.36,0,Summer
2023-07-18,MTR-005,141.7901,5.9079,11.0541,1.3464,24,28.36,0,Summer
2023-07-18,MTR-006,203.2159,8.4673,16.2469,2.2085,24,28.36,0,Summer
2023-07-18,MTR-007,45.2461,1.8853,3.7033,0.4223,24,28.36,0,Summer
2023-07-18,MTR-008,126.2176,5.2591,10.1509,1.385,24,28.36,0,Summer
2023-07-18,MTR-009,248.2433,10.3435,21.638,2.6298,24,28.36,0,Summer
2023-07-18,MTR-010,46.2925,1.9289,3.8508,0.4406,24,28.36,0,Summer
2023-07-18,MTR-011,138.7685,5.782,26.1955,1.102,24,28.36,0,Summer
2023-07-18,MTR-012,191.2156,7.9673,14.6513,2.151,24,28.36,0,Summer
2023-07-19,MTR-001,49.7976,2.0749,5.027,0.5211,24,28.88,0,Summer
2023-07-19,MTR-002,131.4881,5.4787,10.2532,1.3205,24,28.88,0,Summer
2023-07-19,MTR-003,205.5754,8.5656,15.8531,2.0943,24,28.88,0,Summer
2023-07-19,MTR-004,51.8029,2.1585,4.1426,0.5821,24,28.88,0,Summer
2023-07-19,MTR-005,135.5631,5.6485,10.3584,1.3546,24,28.88,0,Summer
2023-07-19,MTR-006,206.8709,8.6196,15.7597,2.0946,24,28.88,0,Summer
2023-07-19,MTR-007,45.7733,1.9072,3.6556,0.4527,24,28.88,0,Summer
2023-07-19,MTR-008,137.0989,5.7125,11.0202,1.4686,24,28.88,0,Summer
2023-07-19,MTR-009,247.7143,10.3214,17.8049,2.6711,24,28.88,0,Summer
2023-07-19,MTR-010,46.0629,1.9193,3.5511,0.4638,24,28.88,0,Summer
2023-07-19,MTR-011,122.6385,5.1099,10.2243,1.2113,24,28.88,0,Summer
2023-07-19,MTR-012,192.7176,8.0299,16.0779,2.2699,24,28.88,0,Summer
2023-07-20,MTR-001,45.7258,1.9052,4.0975,0.5025,24,28.03,0,Summer
2023-07-20,MTR-002,130.4959,5.4373,10.0459,1.4103,24,28.03,0,Summer
2023-07-20,MTR-003,201.6213,8.4009,15.2236,2.1304,24,28.03,0,Summer
2023-07-20,MTR-004,51.8885,2.162,4.0371,0.5347,24,28.03,0,Summer
2023-07-20,MTR-005,123.7191,5.155,9.2544,1.3911,24,28.03,0,Summer
2023-07-20,MTR-006,202.0705,8.4196,15.4748,2.0713,24,28.03,0,Summer
2023-07-20,MTR-007,44.016,1.834,3.4777,0.4698,24,28.03,0,Summer
2023-07-20,MTR-008,134.9976,5.6249,10.951,1.2836,24,28.03,0,Summer
2023-07-20,MTR-009,246.7702,10.2821,18.6234,2.5566,24,28.03,0,Summer
2023-07-20,MTR-010,46.3244,1.9302,3.4425,0.4583,24,28.03,0,Summer
2023-07-20,MTR-011,117.762,4.9068,8.9056,1.2542,24,28.03,0,Summer
2023-07-20,MTR-012,189.5037,7.896,13.474,2.2504,24,28.03,0,Summer
2023-07-21,MTR-001,50.9035,2.121,9.9433,0.2028,24,28.54,0,Summer
2023-07-21,MTR-002,130.7703,5.4488,10.5186,1.2099,24,28.54,0,Summer
2023-07-21,MTR-003,196.6496,8.1937,14.2766,2.0949,24,28.54,0,Summer
2023-07-21,MTR-004,53.8874,2.2453,4.3892,0.5202,24,28.54,0,Summer
2023-07-21,MTR-005,130.2609,5.4275,9.4546,1.3597,24,28.54,0,Summer
2023-07-21,MTR-006,193.6149,8.0673,15.917,1.8114,24,28.54,0,Summer
2023-07-21,MTR-007,44.1163,1.8382,3.4754,0.4406,24,28.54,0,Summer
2023-07-21,MTR-008,138.0879,5.7537,10.7166,1.321,24,28.54,0,Summer
2023-07-21,MTR-009,244.2623,10.1776,21.008,2.525,24,28.54,0,Summer
2023-07-21,MTR-010,46.3031,1.9293,3.9465,0.493,24,28.54,0,Summer
2023-07-21,MTR-011,123.009,5.1254,10.5025,1.3177,24,28.54,0,Summer
2023-07-21,MTR-012,200.9608,8.3734,14.4175,2.0593,24,28.54,0,Summer
2023-07-22,MTR-001,48.2648,2.011,3.8222,0.5256,24,28.67,1,Summer
2023-07-22,MTR-002,96.308,4.0128,7.43,1.1211,24,28.67,1,Summer
2023-07-22,MTR-003,155.0378,6.4599,20.3455,1.3883,24,28.67,1,Summer
2023-07-22,MTR-004,58.9803,2.4575,4.6137,0.6028,24,28.67,1,Summer
2023-07-22,MTR-005,97.1344,4.0473,7.6348,1.2013,24,28.67,1,Summer
2023-07-22,MTR-006,142.8474,5.952,11.7631,1.4802,24,28.67,1,Summer
2023-07-22,MTR-007,49.353,2.0564,3.7624,0.4875,24,28.67,1,Summer
2023-07-22,MTR-008,97.6316,4.068,8.2328,0.9557,24,28.67,1,Summer
2023-07-22,MTR-009,179.6543,7.4856,14.0507,1.9183,24,28.67,1,Summer
2023-07-22,MTR-010,48.4183,2.0174,3.9858,0.477,24,28.67,1,Summer
2023-07-22,MTR-011,83.381,3.4742,6.6281,0.9106,24,28.67,1,Summer
2023-07-22,MTR-012,141.0639,5.8777,11.3348,1.4691,24,28.67,1,Summer
2023-07-23,MTR-001,48.1574,2.0066,3.8459,0.4716,24,28.56,1,Summer
2023-07-23,MTR-002,96.7667,4.0319,8.2152,1.0966,24,28.56,1,Summer
2023-07-23,MTR-003,145.6504,6.0688,10.61,1.543,24,28.56,1,Summer
2023-07-23,MTR-004,58.4512,2.4355,4.6906,0.6238,24,28.56,1,Summer
2023-07-23,MTR-005,88.944,3.706,7.1898,0.4138,24,28.56,1,Summer
2023-07-23,MTR-006,144.5396,6.0225,10.578,1.546,24,28.56,1,Summer
2023-07-23,MTR-007,48.6004,2.025,3.7509,0.478,24,28.56,1,Summer
2023-07-23,MTR-008,97.1277,4.047,7.3398,0.9794,24,28.56,1,Summer
2023-07-23,MTR-009,179.1789,7.4658,14.0715,1.7754,24,28.56,1,Summer
2023-07-23,MTR-010,48.3737,2.0156,3.7491,0.5523,24,28.56,1,Summer
2023-07-23,MTR-011,89.3866,3.7244,6.4261,0.9823,24,28.56,1,Summer
2023-07-23,MTR-012,139.2986,5.8041,10.4086,1.553,24,28.56,1,Summer
2023-07-24,MTR-001,46.5489,1.9395,3.9554,0.4746,24,28.9,0,Summer
2023-07-24,MTR-002,133.9114,5.5796,9.7931,1.5729,24,28.9,0,Summer
2023-07-24,MTR-003,197.4798,8.2283,15.351,1.9597,24,28.9,0,Summer
2023-07-24,MTR-004,53.44,2.2267,4.1187,0.5896,24,28.9,0,Summer
2023-07-24,MTR-005,133.6975,5.5707,10.2576,1.3853,24,28.9,0,Summer
2023-07-24,MTR-006,204.2974,8.5124,16.25,2.1743,24,28.9,0,Summer
2023-07-24,MTR-007,45.7567,1.9065,3.4946,0.4771,24,28.9,0,Summer
2023-07-24,MTR-008,136.0093,5.6671,10.4404,1.439,24,28.9,0,Summer
2023-07-24,MTR-009,252.8052,10.5336,18.3459,2.5999,24,28.9,0,Summer
2023-07-24,MTR-010,45.6387,1.9016,3.5881,0.5141,24,28.9,0,Summer
2023-07-24,MTR-011,141.1082,5.8795,24.2905,1.3349,24,28.9,0,Summer
2023-07-24,MTR-012,199.9771,8.3324,16.9361,2.2221,24,28.9,0,Summer
2023-07-25,MTR-001,47.1163,1.9632,3.9605,0.5894,24,28.75,0,Summer
2023-07-25,MTR-002,132.6442,5.5268,11.8594,1.4351,24,28.75,0,Summer
2023-07-25,MTR-003,200.995,8.3748,17.5766,2.012,24,28.75,0,Summer
2023-07-25,MTR-004,52.8268,2.2011,4.4591,0.5533,24,28.75,0,Summer
2023-07-25,MTR-005,129.4236,5.3927,10.1186,1.4691,24,28.75,0,Summer
2023-07-25,MTR-006,192.8284,8.0345,15.9237,0.3477,24,28.75,0,Summer
2023-07-25,MTR-007,44.6221,1.8593,3.6488,0.4892,24,28.75,0,Summer
2023-07-25,MTR-008,134.3331,5.5972,11.4995,1.4959,24,28.75,0,Summer
2023-07-25,MTR-009,250.8072,10.4503,22.1707,2.7924,24,28.75,0,Summer
2023-07-25,MTR-010,46.0339,1.9181,3.7658,0.4722,24,28.75,0,Summer
2023-07-25,MTR-011,123.5949,5.1498,10.5276,1.3771,24,28.75,0,Summer
2023-07-25,MTR-012,197.0071,8.2086,15.9497,2.4471,24,28.75,0,Summer
2023-07-26,MTR-001,44.1371,1.839,3.4811,0.1577,24,28.19,0,Summer
2023-07-26,MTR-002,129.7213,5.4051,10.6164,1.4093,24,28.19,0,Summer
2023-07-26,MTR-003,193.6603,8.0692,16.9296,0.6552,24,28.19,0,Summer
2023-07-26,MTR-004,52.6684,2.1945,4.0283,0.6284,24,28.19,0,Summer
2023-07-26,MTR-005,126.5184,5.2716,9.4169,1.5355,24,28.19,0,Summer
2023-07-26,MTR-006,191.8829,7.9951,15.1861,2.2112,24,28.19,0,Summer
2023-07-26,MTR-007,43.2612,1.8026,3.575,0.4657,24,28.19,0,Summer
2023-07-26,MTR-008,133.1698,5.5487,11.0898,1.4433,24,28.19,0,Summer
2023-07-26,MTR-009,240.5626,10.0234,18.006,2.6559,24,28.19,0,Summer
2023-07-26,MTR-010,44.6909,1.8621,3.5641,0.4477,24,28.19,0,Summer
2023-07-26,MTR-011,117.9267,4.9136,8.4848,1.2171,24,28.19,0,Summer
2023-07-26,MTR-012,194.0845,8.0869,17.3029,2.4214,24,28.19,0,Summer
2023-07-27,MTR-001,44.251,1.8438,3.6687,0.5533,24,28.19,0,Summer
2023-07-27,MTR-002,133.7249,5.5719,10.6283,1.4957,24,28.19,0,Summer
2023-07-27,MTR-003,194.5616,8.1067,15.3891,2.1489,24,28.19,0,Summer
2023-07-27,MTR-004,51.4197,2.1425,4.0314,0.6021,24,28.19,0,Summer
2023-07-27,MTR-005,132.8729,5.5364,12.873,1.5295,24,28.19,0,Summer
2023-07-27,MTR-006,207.0033,8.6251,17.4526,2.1763,24,28.19,0,Summer
2023-07-27,MTR-007,47.5659,1.9819,5.6656,0.4623,24,28.19,0,Summer
2023-07-27,MTR-008,151.3183,6.3049,33.1802,0.3884,24,28.19,0,Summer
2023-07-27,MTR-009,248.0155,10.334,19.6676,2.6159,24,28.19,0,Summer
2023-07-27,MTR-010,45.475,1.8948,4.0651,0.4857,24,28.19,0,Summer
2023-07-27,MTR-011,119.9818,4.9992,9.3853,1.3971,24,28.19,0,Summer
2023-07-27,MTR-012,208.3267,8.6803,21.5883,1.9212,24,28.19,0,Summer
2023-07-28,MTR-001,45.7887,1.9079,3.5916,0.3415,24,28.15,0,Summer
2023-07-28,MTR-002,128.2181,5.3424,10.8636,1.2156,24,28.15,0,Summer
2023-07-28,MTR-003,200.5777,8.3574,15.7873,2.2661,24,28.15,0,Summer
2023-07-28,MTR-004,52.3729,2.1822,4.2774,0.5491,24,28.15,0,Summer
2023-07-28,MTR-005,126.676,5.2782,9.7777,1.2017,24,28.15,0,Summer
2023-07-28,MTR-006,199.6311,8.318,16.5889,2.1972,24,28.15,0,Summer
2023-07-28,MTR-007,43.072,1.7947,3.4753,0.4464,24,28.15,0,Summer
2023-07-28,MTR-008,133.059,5.5441,11.089,1.3264,24,28.15,0,Summer
2023-07-28,MTR-009,251.6761,10.4865,22.3481,2.768,24,28.15,0,Summer
2023-07-28,MTR-010,52.8319,2.2013,9.6289,0.4768,24,28.15,0,Summer
2023-07-28,MTR-011,123.5418,5.1476,10.2179,0.9756,24,28.15,0,Summer
2023-07-28,MTR-012,194.1396,8.0891,15.9168,2.0384,24,28.15,0,Summer
2023-07-29,MTR-001,47.1099,1.9629,3.3052,0.5478,24,28.04,1,Summer
2023-07-29,MTR-002,101.1347,4.2139,7.9591,0.2367,24,28.04,1,Summer
2023-07-29,MTR-003,143.0323,5.9597,11.3928,1.5942,24,28.04,1,Summer
2023-07-29,MTR-004,55.6722,2.3197,4.3826,0.5966,24,28.04,1,Summer
2023-07-29,MTR-005,94.7406,3.9475,7.5381,1.0505,24,28.04,1,Summer
2023-07-29,MTR-006,143.5785,5.9824,11.5505,1.5272,24,28.04,1,Summer
2023-07-29,MTR-007,47.4141,1.9756,3.883,0.0276,24,28.04,1,Summer
2023-07-29,MTR-008,91.1497,3.7979,7.3789,0.9172,24,28.04,1,Summer
2023-07-29,MTR-009,174.5389,7.2725,16.3403,1.9504,24,28.04,1,Summer
2023-07-29,MTR-010,48.8242,2.0343,4.2004,0.5329,24,28.04,1,Summer
2023-07-29,MTR-011,86.7432,3.6143,7.0207,0.8617,24,28.04,1,Summer
2023-07-29,MTR-012,143.4812,5.9784,12.3138,1.6241,24,28.04,1,Summer
2023-07-30,MTR-001,49.4427,2.0601,3.7751,0.5192,24,28.28,1,Summer
2023-07-30,MTR-002,97.6451,4.0685,7.5569,1.0805,24,28.28,1,Summer
2023-07-30,MTR-003,141.8845,5.9119,11.1601,1.3287,24,28.28,1,Summer
2023-07-30,MTR-004,53.8773,2.2449,4.382,0.5704,24,28.28,1,Summer
2023-07-30,MTR-005,91.6804,3.82,7.4364,0.9667,24,28.28,1,Summer
2023-07-30,MTR-006,144.664,6.0277,12.0867,1.5228,24,28.28,1,Summer
2023-07-30,MTR-007,47.6357,1.9848,3.723,0.1158,24,28.28,1,Summer
2023-07-30,MTR-008,103.6343,4.3181,10.3258,1.1255,24,28.28,1,Summer
2023-07-30,MTR-009,174.6867,7.2786,13.7943,1.7287,24,28.28,1,Summer
2023-07-30,MTR-010,53.5827,2.2326,4.8093,0.5438,24,28.28,1,Summer
2023-07-30,MTR-011,86.4,3.6,6.9221,0.9944,24,28.28,1,Summer
2023-07-30,MTR-012,140.8852,5.8702,12.1076,1.5872,24,28.28,1,Summer
2023-07-31,MTR-001,44.8835,1.8701,3.6584,0.467,24,28.43,0,Summer
2023-07-31,MTR-002,129.7365,5.4057,9.9199,1.4975,24,28.43,0,Summer
2023-07-31,MTR-003,200.2931,8.3455,14.1533,2.1417,24,28.43,0,Summer
2023-07-31,MTR-004,53.0826,2.2118,4.481,0.5759,24,28.43,0,Summer
2023-07-31,MTR-005,129.0009,5.375,9.7284,1.4477,24,28.43,0,Summer
2023-07-31,MTR-006,206.3519,8.598,16.6803,2.2436,24,28.43,0,Summer
2023-07-31,MTR-007,55.9323,2.3305,13.0894,0.4965,24,28.43,0,Summer
2023-07-31,MTR-008,135.1553,5.6315,9.7804,1.5248,24,28.43,0,Summer
2023-07-31,MTR-009,249.5281,10.397,19.1192,2.5495,24,28.43,0,Summer
2023-07-31,MTR-010,46.322,1.9301,3.6183,0.4885,24,28.43,0,Summer
2023-07-31,MTR-011,121.9293,5.0804,9.2184,1.2915,24,28.43,0,Summer
2023-07-31,MTR-012,192.798,8.0332,15.1952,2.3961,24,28.43,0,Summer
2023-08-01,MTR-001,45.5675,1.8986,3.4248,0.5089,24,28.54,0,Summer
2023-08-01,MTR-002,131.7175,5.4882,10.0964,1.4089,24,28.54,0,Summer
2023-08-01,MTR-003,183.8422,7.6601,14.6083,0.5685,24,28.54,0,Summer
2023-08-01,MTR-004,52.3832,2.1826,4.0989,0.6108,24,28.54,0,Summer
2023-08-01,MTR-005,131.7629,5.4901,10.835,1.4065,24,28.54,0,Summer
2023-08-01,MTR-006,200.4576,8.3524,15.1682,2.0539,24,28.54,0,Summer
2023-08-01,MTR-007,44.566,1.8569,3.1984,0.5074,24,28.54,0,Summer
2023-08-01,MTR-008,138.2014,5.7584,10.9065,1.4321,24,28.54,0,Summer
2023-08-01,MTR-009,246.8348,10.2848,19.9315,2.4586,24,28.54,0,Summer
2023-08-01,MTR-010,46.0929,1.9205,3.7492,0.4887,24,28.54,0,Summer
2023-08-01,MTR-011,121.2853,5.0536,9.6854,1.2788,24,28.54,0,Summer
2023-08-01,MTR-012,199.125,8.2969,16.1897,2.0045,24,28.54,0,Summer
2023-08-02,MTR-001,44.8952,1.8706,3.7198,0.4983,24,27.83,0,Summer
2023-08-02,MTR-002,130.2585,5.4274,10.0122,1.4271,24,27.83,0,Summer
2023-08-02,MTR-003,198.241,8.26,17.0874,1.9768,24,27.83,0,Summer
2023-08-02,MTR-004,52.5138,2.1881,4.1534,0.5564,24,27.83,0,Summer
2023-08-02,MTR-005,129.274,5.3864,10.4075,1.2711,24,27.83,0,Summer
2023-08-02,MTR-006,196.5213,8.1884,13.6468,2.1167,24,27.83,0,Summer
2023-08-02,MTR-007,45.9024,1.9126,3.5979,0.5032,24,27.83,0,Summer
2023-08-02,MTR-008,166.4604,6.9358,40.9313,1.55,24,27.83,0,Summer
2023-08-02,MTR-009,239.2279,9.9678,18.7028,2.5323,24,27.83,0,Summer
2023-08-02,MTR-010,43.9168,1.8299,3.2237,0.4881,24,27.83,0,Summer
2023-08-02,MTR-011,119.6898,4.9871,8.5901,1.2918,24,27.83,0,Summer
2023-08-02,MTR-012,185.3443,7.7227,13.7827,2.223,24,27.83,0,Summer
2023-08-03,MTR-001,45.0572,1.8774,3.8508,0.5153,24,28.04,0,Summer
2023-08-03,MTR-002,130.4891,5.437,10.5271,1.476,24,28.04,0,Summer
2023-08-03,MTR-003,199.5875,8.3161,16.2557,2.0369,24,28.04,0,Summer
2023-08-03,MTR-004,52.4138,2.1839,4.2527,0.5537,24,28.04,0,Summer
2023-08-03,MTR-005,129.2965,5.3874,9.9873,1.3196,24,28.04,0,Summer
2023-08-03,MTR-006,194.8465,8.1186,15.8923,2.3011,24,28.04,0,Summer
2023-08-03,MTR-007,44.1881,1.8412,3.6333,0.4975,24,28.04,0,Summer
2023-08-03,MTR-008,131.4924,5.4789,10.0154,1.4344,24,28.04,0,Summer
2023-08-03,MTR-009,248.3648,10.3485,18.9928,2.4941,24,28.04,0,Summer
2023-08-03,MTR-010,44.2058,1.8419,3.2122,0.5267,24,28.04,0,Summer
2023-08-03,MTR-011,132.444,5.5185,17.3649,1.3102,24,28.04,0,Summer
2023-08-03,MTR-012,191.7292,7.9887,16.9232,2.2516,24,28.04,0,Summer
2023-08-04,MTR-001,44.249,1.8437,3.4845,0.4762,24,27.95,0,Summer
2023-08-04,MTR-002,151.2791,6.3033,26.998,1.456,24,27.95,0,Summer
2023-08-04,MTR-003,224.4769,9.3532,35.9594,1.8835,24,27.95,0,Summer
2023-08-04,MTR-004,53.6557,2.2357,3.9839,0.6027,24,27.95,0,Summer
2023-08-04,MTR-005,131.231,5.468,11.1495,1.385,24,27.95,0,Summer
2023-08-04,MTR-006,207.8094,8.6587,16.588,1.9489,24,27.95,0,Summer
2023-08-04,MTR-007,44.2546,1.8439,3.443,0.4467,24,27.95,0,Summer
2023-08-04,MTR-008,141.3239,5.8885,10.7351,1.3695,24,27.95,0,Summer
2023-08-04,MTR-009,269.0878,11.212,34.8333,2.4223,24,27.95,0,Summer
2023-08-04,MTR-010,45.6971,1.904,3.7193,0.4959,24,27.95,0,Summer
2023-08-04,MTR-011,122.6106,5.1088,10.6813,1.1775,24,27.95,0,Summer
2023-08-04,MTR-012,211.9059,8.8294,27.9408,1.8696,24,27.95,0,Summer
2023-08-05,MTR-001,58.6791,2.445,12.6914,0.5657,24,27.56,1,Summer
2023-08-05,MTR-002,96.6172,4.0257,7.5803,0.8733,24,27.56,1,Summer
2023-08-05,MTR-003,144.0187,6.0008,12.777,1.3951,24,27.56,1,Summer
2023-08-05,MTR-004,57.2438,2.3852,4.8847,0.5694,24,27.56,1,Summer
2023-08-05,MTR-005,94.6487,3.9437,7.7969,1.015,24,27.56,1,Summer
2023-08-05,MTR-006,143.9211,5.9967,12.0448,1.4246,24,27.56,1,Summer
2023-08-05,MTR-007,47.316,1.9715,3.5188,0.4861,24,27.56,1,Summer
2023-08-05,MTR-008,93.9616,3.9151,7.7102,1.0378,24,27.56,1,Summer
2023-08-05,MTR-009,167.0841,6.9618,15.7005,0.7768,24,27.56,1,Summer
2023-08-05,MTR-010,49.5571,2.0649,4.1987,0.4856,24,27.56,1,Summer
2023-08-05,MTR-011,92.7535,3.8647,13.0036,0.8895,24,27.56,1,Summer
2023-08-05,MTR-012,137.2374,5.7182,10.9462,1.4482,24,27.56,1,Summer
2023-08-06,MTR-001,48.3331,2.0139,3.8916,0.5335,24,28.08,1,Summer
2023-08-06,MTR-002,95.1241,3.9635,7.8918,0.9185,24,28.08,1,Summer
2023-08-06,MTR-003,134.4977,5.6041,11.0292,1.5729,24,28.08,1,Summer
2023-08-06,MTR-004,57.9722,2.4155,5.0958,0.6422,24,28.08,1,Summer
2023-08-06,MTR-005,92.9115,3.8713,6.8658,1.0721,24,28.08,1,Summer
2023-08-06,MTR-006,140.069,5.8362,12.562,1.5031,24,28.08,1,Summer
2023-08-06,MTR-007,50.6337,2.1097,5.416,0.506,24,28.08,1,Summer
2023-08-06,MTR-008,97.0627,4.0443,7.9247,0.9949,24,28.08,1,Summer
2023-08-06,MTR-009,178.1185,7.4216,14.5794,2.0736,24,28.08,1,Summer
2023-08-06,MTR-010,48.6403,2.0267,4.1689,0.4652,24,28.08,1,Summer
2023-08-06,MTR-011,86.672,3.6113,6.8989,0.9073,24,28.08,1,Summer
2023-08-06,MTR-012,140.304,5.846,11.5836,1.4861,24,28.08,1,Summer
2023-08-07,MTR-001,44.5554,1.8565,3.5246,0.4998,24,27.78,0,Summer
2023-08-07,MTR-002,154.5742,6.4406,22.3065,1.4468,24,27.78,0,Summer
2023-08-07,MTR-003,192.6721,8.028,15.3758,2.0287,24,27.78,0,Summer
2023-08-07,MTR-004,50.4577,2.1024,3.9836,0.6146,24,27.78,0,Summer
2023-08-07,MTR-005,142.1382,5.9224,20.4628,1.5317,24,27.78,0,Summer
2023-08-07,MTR-006,218.7644,9.1152,40.4417,2.3008,24,27.78,0,Summer
2023-08-07,MTR-007,43.2652,1.8027,3.455,0.4642,24,27.78,0,Summer
2023-08-07,MTR-008,128.3302,5.3471,10.4327,0.4029,24,27.78,0,Summer
2023-08-07,MTR-009,248.4117,10.3505,18.5608,2.7104,24,27.78,0,Summer
2023-08-07,MTR-010,43.4128,1.8089,3.3213,0.4723,24,27.78,0,Summer
2023-08-07,MTR-011,118.0749,4.9198,9.6631,1.4281,24,27.78,0,Summer
2023-08-07,MTR-012,196.0121,8.1672,16.9755,2.1338,24,27.78,0,Summer
2023-08-08,MTR-001,45.017,1.8757,3.6722,0.5485,24,27.71,0,Summer
2023-08-08,MTR-002,146.1598,6.09,20.2333,1.5009,24,27.71,0,Summer
2023-08-08,MTR-003,200.561,8.3567,15.8519,2.0444,24,27.71,0,Summer
2023-08-08,MTR-004,53.3563,2.2232,4.2822,0.6042,24,27.71,0,Summer
2023-08-08,MTR-005,129.2833,5.3868,10.3482,1.4245,24,27.71,0,Summer
2023-08-08,MTR-006,197.5347,8.2306,15.8604,2.1,24,27.71,0,Summer
2023-08-08,MTR-007,51.9322,2.1638,10.8619,0.4364,24,27.71,0,Summer
2023-08-08,MTR-008,134.4941,5.6039,11.0123,1.4263,24,27.71,0,Summer
2023-08-08,MTR-009,243.8111,10.1588,18.2152,2.4953,24,27.71,0,Summer
2023-08-08,MTR-010,50.1256,2.0886,7.5145,0.4801,24,27.71,0,Summer
2023-08-08,MTR-011,119.8655,4.9944,9.527,1.124,24,27.71,0,Summer
2023-08-08,MTR-012,193.946,8.0811,15.8099,1.9633,24,27.71,0,Summer
2023-08-09,MTR-001,47.1064,1.9628,4.9403,0.5073,24,27.84,0,Summer
2023-08-09,MTR-002,130.8434,5.4518,10.3389,1.3499,24,27.84,0,Summer
2023-08-09,MTR-003,200.6732,8.3614,13.5653,2.1914,24,27.84,0,Summer
2023-08-09,MTR-004,53.3151,2.2215,4.2645,0.5624,24,27.84,0,Summer
2023-08-09,MTR-005,125.7779,5.2407,10.4096,1.3118,24,27.84,0,Summer
2023-08-09,MTR-006,230.2743,9.5948,42.8654,2.3297,24,27.84,0,Summer
2023-08-09,MTR-007,45.3766,1.8907,3.6299,0.4732,24,27.84,0,Summer
2023-08-09,MTR-008,132.9345,5.5389,10.4739,1.4769,24,27.84,0,Summer
2023-08-09,MTR-009,234.3793,9.7658,20.4549,1.3211,24,27.84,0,Summer
2023-08-09,MTR-010,45.5643,1.8985,3.5254,0.5166,24,27.84,0,Summer
2023-08-09,MTR-011,122.0292,5.0845,9.3487,1.46,24,27.84,0,Summer
2023-08-09,MTR-012,195.1827,8.1326,16.5218,2.2451,24,27.84,0,Summer
2023-08-10,MTR-001,45.5001,1.8958,3.7132,0.4748,24,27.77,0,Summer
2023-08-10,MTR-002,130.6496,5.4437,12.1046,1.3574,24,27.77,0,Summer
2023-08-10,MTR-003,193.8152,8.0756,16.2547,2.1826,24,27.77,0,Summer
2023-08-10,MTR-004,52.8133,2.2006,4.3621,0.5329,24,27.77,0,Summer
2023-08-10,MTR-005,132.3337,5.5139,11.6011,1.3229,24,27.77,0,Summer
2023-08-10,MTR-006,202.7813,8.4492,16.1083,0.1887,24,27.77,0,Summer
2023-08-10,MTR-007,43.929,1.8304,3.555,0.4465,24,27.77,0,Summer
2023-08-10,MTR-008,132.1651,5.5069,10.6319,1.4523,24,27.77,0,Summer
2023-08-10,MTR-009,239.8486,9.9937,18.3143,2.3864,24,27.77,0,Summer
2023-08-10,MTR-010,45.4606,1.8942,4.2075,0.514,24,27.77,0,Summer
2023-08-10,MTR-011,118.8923,4.9538,8.896,0.9958,24,27.77,0,Summer
2023-08-10,MTR-012,193.2718,8.053,15.5204,1.9833,24,27.77,0,Summer
2023-08-11,MTR-001,44.0535,1.8356,3.4801,0.462,24,27.62,0,Summer
2023-08-11,MTR-002,145.097,6.0457,23.374,1.3831,24,27.62,0,Summer
2023-08-11,MTR-003,192.5097,8.0212,14.3506,2.2627,24,27.62,0,Summer
2023-08-11,MTR-004,52.8214,2.2009,4.0498,0.5274,24,27.62,0,Summer
2023-08-11,MTR-005,128.5694,5.3571,9.9367,1.503,24,27.62,0,Summer
2023-08-11,MTR-006,200.1143,8.3381,15.9649,2.1595,24,27.62,0,Summer
2023-08-11,MTR-007,42.1631,1.7568,3.4633,0.4901,24,27.62,0,Summer
2023-08-11,MTR-008,125.9354,5.2473,10.3466,0.9766,24,27.62,0,Summer
2023-08-11,MTR-009,237.1862,9.8828,21.3731,2.5247,24,27.62,0,Summer
2023-08-11,MTR-010,45.2357,1.8848,3.4925,0.4802,24,27.62,0,Summer
2023-08-11,MTR-011,121.5285,5.0637,9.0768,1.2243,24,27.62,0,Summer
2023-08-11,MTR-012,188.04,7.835,14.6831,2.059,24,27.62,0,Summer
2023-08-12,MTR-001,48.4667,2.0194,3.9707,0.4632,24,27.12,1,Summer
2023-08-12,MTR-002,107.6333,4.4847,20.8638,0.9897,24,27.12,1,Summer
2023-08-12,MTR-003,125.7952,5.2415,9.8096,1.0446,24,27.12,1,Summer
2023-08-12,MTR-004,54.9737,2.2906,4.6417,0.5905,24,27.12,1,Summer
2023-08-12,MTR-005,88.954,3.7064,6.8035,1.0226,24,27.12,1,Summer
2023-08-12,MTR-006,139.1945,5.7998,10.0041,1.6201,24,27.12,1,Summer
2023-08-12,MTR-007,45.4563,1.894,3.2588,0.4904,24,27.12,1,Summer
2023-08-12,MTR-008,90.4262,3.7678,7.9047,0.8148,24,27.12,1,Summer
2023-08-12,MTR-009,171.1789,7.1325,13.18,1.974,24,27.12,1,Summer
2023-08-12,MTR-010,48.0091,2.0004,3.6135,0.5882,24,27.12,1,Summer
2023-08-12,MTR-011,84.211,3.5088,6.3804,0.8944,24,27.12,1,Summer
2023-08-12,MTR-012,138.0161,5.7507,11.4162,1.4613,24,27.12,1,Summer
2023-08-13,MTR-001,47.7312,1.9888,3.688,0.505,24,27.3,1,Summer
2023-08-13,MTR-002,93.7092,3.9045,7.1749,0.9427,24,27.3,1,Summer
2023-08-13,MTR-003,134.5064,5.6044,12.03,0.4387,24,27.3,1,Summer
2023-08-13,MTR-004,55.8575,2.3274,4.7254,0.6267,24,27.3,1,Summer
2023-08-13,MTR-005,90.768,3.782,6.9962,1.034,24,27.3,1,Summer
2023-08-13,MTR-006,143.9549,5.9981,12.8059,1.6769,24,27.3,1,Summer
2023-08-13,MTR-007,46.2291,1.9262,4.1691,0.5359,24,27.3,1,Summer
2023-08-13,MTR-008,96.5148,4.0215,8.0003,1.1672,24,27.3,1,Summer
2023-08-13,MTR-009,170.5005,7.1042,13.0479,2.1006,24,27.3,1,Summer
2023-08-13,MTR-010,46.5568,1.9399,4.0297,0.4752,24,27.3,1,Summer
2023-08-13,MTR-011,84.9092,3.5379,7.5689,0.9673,24,27.3,1,Summer
2023-08-13,MTR-012,139.9436,5.831,12.5059,1.475,24,27.3,1,Summer
2023-08-14,MTR-001,41.9224,1.7468,3.7139,0.3797,24,26.7,0,Summer
2023-08-14,MTR-002,130.8271,5.4511,11.2941,1.3948,24,26.7,0,Summer
2023-08-14,MTR-003,186.6914,7.7788,14.4322,2.0891,24,26.7,0,Summer
2023-08-14,MTR-004,61.6624,2.5693,10.2533,0.5056,24,26.7,0,Summer
2023-08-14,MTR-005,129.6549,5.4023,9.6414,1.363,24,26.7,0,Summer
2023-08-14,MTR-006,192.9622,8.0401,14.218,2.1399,24,26.7,0,Summer
2023-08-14,MTR-007,43.3277,1.8053,3.3603,0.5308,24,26.7,0,Summer
2023-08-14,MTR-008,127.3042,5.3043,10.1452,0.1669,24,26.7,0,Summer
2023-08-14,MTR-009,237.629,9.9012,20.4262,2.3666,24,26.7,0,Summer
2023-08-14,MTR-010,44.3165,1.8465,3.3228,0.5103,24,26.7,0,Summer
2023-08-14,MTR-011,117.4632,4.8943,9.1002,1.2601,24,26.7,0,Summer
2023-08-14,MTR-012,203.4678,8.4778,27.7099,1.8368,24,26.7,0,Summer
2023-08-15,MTR-001,43.7315,1.8221,3.4364,0.512,24,26.81,0,Summer
2023-08-15,MTR-002,127.8744,5.3281,9.9025,1.3903,24,26.81,0,Summer
2023-08-15,MTR-003,187.1773,7.7991,14.2492,2.0299,24,26.81,0,Summer
2023-08-15,MTR-004,52.5462,2.1894,4.2075,0.5442,24,26.81,0,Summer
2023-08-15,MTR-005,122.8245,5.1177,9.7355,1.4282,24,26.81,0,Summer
2023-08-15,MTR-006,189.5796,7.8991,15.852,2.2471,24,26.81,0,Summer
2023-08-15,MTR-007,42.9871,1.7911,3.5536,0.4938,24,26.81,0,Summer
2023-08-15,MTR-008,130.6365,5.4432,10.7404,1.3997,24,26.81,0,Summer
2023-08-15,MTR-009,242.7177,10.1132,18.5919,2.7304,24,26.81,0,Summer
2023-08-15,MTR-010,44.3566,1.8482,3.6863,0.426,24,26.81,0,Summer
2023-08-15,MTR-011,116.8959,4.8707,10.0921,1.4333,24,26.81,0,Summer
2023-08-15,MTR-012,185.3381,7.7224,14.6404,2.3577,24,26.81,0,Summer
2023-08-16,MTR-001,44.554,1.8564,3.6249,0.5391,24,26.97,0,Summer
2023-08-16,MTR-002,125.6397,5.235,10.2075,1.4052,24,26.97,0,Summer
2023-08-16,MTR-003,183.8596,7.6608,14.2556,2.1335,24,26.97,0,Summer
2023-08-16,MTR-004,55.1191,2.2966,4.5243,0.623,24,26.97,0,Summer
2023-08-16,MTR-005,126.2965,5.2624,10.4533,0.6029,24,26.97,0,Summer
2023-08-16,MTR-006,194.6718,8.1113,17.0477,0.4034,24,26.97,0,Summer
2023-08-16,MTR-007,41.4087,1.7254,3.2811,0.1135,24,26.97,0,Summer
2023-08-16,MTR-008,127.7461,5.3228,10.2451,1.4747,24,26.97,0,Summer
2023-08-16,MTR-009,270.0862,11.2536,41.6329,2.8963,24,26.97,0,Summer
2023-08-16,MTR-010,44.2347,1.8431,3.6789,0.5068,24,26.97,0,Summer
2023-08-16,MTR-011,118.3184,4.9299,9.9618,1.3696,24,26.97,0,Summer
2023-08-16,MTR-012,187.5366,7.814,17.7008,2.1433,24,26.97,0,Summer
2023-08-17,MTR-001,43.683,1.8201,3.4428,0.4755,24,25.85,0,Summer
2023-08-17,MTR-002,127.0085,5.292,9.6098,1.3355,24,25.85,0,Summer
2023-08-17,MTR-003,182.0622,7.5859,14.5494,0.8111,24,25.85,0,Summer
2023-08-17,MTR-004,48.7321,2.0305,3.5997,0.4874,24,25.85,0,Summer
2023-08-17,MTR-005,122.9556,5.1232,9.0349,1.4884,24,25.85,0,Summer
2023-08-17,MTR-006,187.0707,7.7946,15.8193,2.1597,24,25.85,0,Summer
2023-08-17,MTR-007,45.662,1.9026,5.6478,0.4849,24,25.85,0,Summer
2023-08-17,MTR-008,128.9752,5.374,9.9409,1.3648,24,25.85,0,Summer
2023-08-17,MTR-009,232.1873,9.6745,17.8809,2.4767,24,25.85,0,Summer
2023-08-17,MTR-010,43.8663,1.8278,3.7151,0.4588,24,25.85,0,Summer
2023-08-17,MTR-011,112.5656,4.6902,8.5257,1.2122,24,25.85,0,Summer
2023-08-17,MTR-012,182.9161,7.6215,12.6614,1.9039,24,25.85,0,Summer
2023-08-18,MTR-001,43.284,1.8035,3.586,0.4873,24,26.22,0,Summer
2023-08-18,MTR-002,126.6571,5.2774,10.4507,1.3919,24,26.22,0,Summer
2023-08-18,MTR-003,192.6078,8.0253,15.1143,1.8808,24,26.22,0,Summer
2023-08-18,MTR-004,50.6416,2.1101,4.0017,0.5362,24,26.22,0,Summer
2023-08-18,MTR-005,124.3964,5.1832,10.4705,1.3317,24,26.22,0,Summer
2023-08-18,MTR-006,192.1808,8.0075,14.9192,2.124,24,26.22,0,Summer
2023-08-18,MTR-007,43.0673,1.7945,3.754,0.4447,24,26.22,0,Summer
2023-08-18,MTR-008,125.3879,5.2245,10.6233,1.4612,24,26.22,0,Summer
2023-08-18,MTR-009,235.2461,9.8019,19.2362,2.5824,24,26.22,0,Summer
2023-08-18,MTR-010,45.989,1.9162,4.3963,0.444,24,26.22,0,Summer
2023-08-18,MTR-011,115.6228,4.8176,9.2492,1.346,24,26.22,0,Summer
2023-08-18,MTR-012,185.1576,7.7149,14.841,2.1147,24,26.22,0,Summer
2023-08-19,MTR-001,45.4981,1.8958,3.7879,0.21,24,26.72,1,Summer
2023-08-19,MTR-002,92.2879,3.8453,7.39,1.016,24,26.72,1,Summer
2023-08-19,MTR-003,137.6184,5.7341,10.9424,1.6981,24,26.72,1,Summer
2023-08-19,MTR-004,54.8462,2.2853,4.4341,0.6071,24,26.72,1,Summer
2023-08-19,MTR-005,90.3306,3.7638,7.6611,0.9288,24,26.72,1,Summer
2023-08-19,MTR-006,135.5546,5.6481,11.125,0.3743,24,26.72,1,Summer
2023-08-19,MTR-007,45.6145,1.9006,3.3095,0.5095,24,26.72,1,Summer
2023-08-19,MTR-008,95.2999,3.9708,7.1442,0.9646,24,26.72,1,Summer
2023-08-19,MTR-009,171.9093,7.1629,13.55,2.0132,24,26.72,1,Summer
2023-08-19,MTR-010,46.7492,1.9479,3.5902,0.5495,24,26.72,1,Summer
2023-08-19,MTR-011,85.0908,3.5455,7.2689,0.9559,24,26.72,1,Summer
2023-08-19,MTR-012,151.3759,6.3073,22.009,1.4301,24,26.72,1,Summer
2023-08-20,MTR-001,46.1432,1.9226,3.8298,0.4744,24,26.21,1,Summer
2023-08-20,MTR-002,91.3892,3.8079,7.7205,0.9659,24,26.21,1,Summer
2023-08-20,MTR-003,137.6428,5.7351,11.2047,1.5396,24,26.21,1,Summer
2023-08-20,MTR-004,54.9794,2.2908,4.3598,0.5473,24,26.21,1,Summer
2023-08-20,MTR-005,89.8635,3.7443,7.3701,1.052,24,26.21,1,Summer
2023-08-20,MTR-006,137.7219,5.7384,10.6215,1.6449,24,26.21,1,Summer
2023-08-20,MTR-007,45.4243,1.8927,4.2028,0.466,24,26.21,1,Summer
2023-08-20,MTR-008,91.5547,3.8148,7.2976,1.0211,24,26.21,1,Summer
2023-08-20,MTR-009,192.3738,8.0156,36.5132,1.8425,24,26.21,1,Summer
2023-08-20,MTR-010,46.5968,1.9415,4.1819,0.5428,24,26.21,1,Summer
2023-08-20,MTR-011,82.7565,3.4482,6.6097,1.013,24,26.21,1,Summer
2023-08-20,MTR-012,132.2845,5.5119,10.084,1.491,24,26.21,1,Summer
2023-08-21,MTR-001,44.3794,1.8491,3.6589,0.4379,24,26.28,0,Summer
2023-08-21,MTR-002,129.0256,5.3761,10.6885,1.4822,24,26.28,0,Summer
2023-08-21,MTR-003,189.3996,7.8917,16.4463,1.9547,24,26.28,0,Summer
2023-08-21,MTR-004,49.6533,2.0689,4.0721,0.5257,24,26.28,0,Summer
2023-08-21,MTR-005,120.7356,5.0307,9.3104,1.2781,24,26.28,0,Summer
2023-08-21,MTR-006,209.4568,8.7274,38.5658,1.9912,24,26.28,0,Summer
2023-08-21,MTR-007,42.8943,1.7873,3.5245,0.4516,24,26.28,0,Summer
2023-08-21,MTR-008,130.3995,5.4333,10.61,1.3814,24,26.28,0,Summer
2023-08-21,MTR-009,232.1376,9.6724,16.8368,2.6587,24,26.28,0,Summer
2023-08-21,MTR-010,41.3456,1.7227,3.4752,0.2168,24,26.28,0,Summer
2023-08-21,MTR-011,138.9067,5.7878,30.2292,1.1394,24,26.28,0,Summer
2023-08-21,MTR-012,193.0028,8.0418,15.1101,1.9745,24,26.28,0,Summer
2023-08-22,MTR-001,40.3255,1.6802,3.2042,0.3042,24,25.92,0,Summer
2023-08-22,MTR-002,119.9009,4.9959,10.5623,1.0737,24,25.92,0,Summer
2023-08-22,MTR-003,184.1542,7.6731,16.1094,2.0616,24,25.92,0,Summer
2023-08-22,MTR-004,49.3054,2.0544,4.0585,0.5132,24,25.92,0,Summer
2023-08-22,MTR-005,122.0914,5.0871,10.0992,1.4907,24,25.92,0,Summer
2023-08-22,MTR-006,186.9225,7.7884,15.3745,1.8315,24,25.92,0,Summer
2023-08-22,MTR-007,42.5813,1.7742,3.3108,0.4965,24,25.92,0,Summer
2023-08-22,MTR-008,147.9038,6.1627,28.3945,1.4109,24,25.92,0,Summer
2023-08-22,MTR-009,227.8115,9.4921,18.9463,2.5492,24,25.92,0,Summer
2023-08-22,MTR-010,42.5837,1.7743,3.1536,0.4877,24,25.92,0,Summer
2023-08-22,MTR-011,117.0247,4.876,9.1814,1.3,24,25.92,0,Summer
2023-08-22,MTR-012,178.1137,7.4214,12.8918,1.9999,24,25.92,0,Summer
2023-08-23,MTR-001,41.2844,1.7202,3.2468,0.4698,24,25.28,0,Summer
2023-08-23,MTR-002,124.4068,5.1836,10.0392,1.344,24,25.28,0,Summer
2023-08-23,MTR-003,186.5557,7.7732,14.0579,1.9441,24,25.28,0,Summer
2023-08-23,MTR-004,49.7429,2.0726,3.8403,0.5002,24,25.28,0,Summer
2023-08-23,MTR-005,121.5574,5.0649,9.0651,1.4104,24,25.28,0,Summer
2023-08-23,MTR-006,203.9892,8.4996,27.6001,1.9983,24,25.28,0,Summer
2023-08-23,MTR-007,56.8713,2.3696,10.8571,0.4602,24,25.28,0,Summer
2023-08-23,MTR-008,128.9003,5.3708,9.8427,1.3155,24,25.28,0,Summer
2023-08-23,MTR-009,229.8019,9.5751,18.8499,2.6985,24,25.28,0,Summer
2023-08-23,MTR-010,43.2606,1.8025,3.706,0.4564,24,25.28,0,Summer
2023-08-23,MTR-011,109.8288,4.5762,8.0468,1.2165,24,25.28,0,Summer
2023-08-23,MTR-012,179.4773,7.4782,12.7666,2.2021,24,25.28,0,Summer
2023-08-24,MTR-001,42.755,1.7815,3.4922,0.479,24,25.72,0,Summer
2023-08-24,MTR-002,128.3515,5.348,9.8,1.3827,24,25.72,0,Summer
2023-08-24,MTR-003,186.4539,7.7689,13.438,1.9022,24,25.72,0,Summer
2023-08-24,MTR-004,49.2148,2.0506,3.8813,0.5721,24,25.72,0,Summer
2023-08-24,MTR-005,115.7302,4.8221,8.5824,1.3587,24,25.72,0,Summer
2023-08-24,MTR-006,217.9909,9.083,42.5589,1.1615,24,25.72,0,Summer
2023-08-24,MTR-007,40.9317,1.7055,2.9289,0.4258,24,25.72,0,Summer
2023-08-24,MTR-008,125.9022,5.2459,9.0814,1.4113,24,25.72,0,Summer
2023-08-24,MTR-009,233.4291,9.7262,18.3581,2.6423,24,25.72,0,Summer
2023-08-24,MTR-010,40.7047,1.696,3.2405,0.2803,24,25.72,0,Summer
2023-08-24,MTR-011,106.7941,4.4498,9.3005,1.2499,24,25.72,0,Summer
2023-08-24,MTR-012,180.2064,7.5086,14.1508,2.0101,24,25.72,0,Summer
2023-08-25,MTR-001,42.1025,1.7543,3.0873,0.4957,24,25.62,0,Summer
2023-08-25,MTR-002,125.8866,5.2453,9.8504,1.278,24,25.62,0,Summer
2023-08-25,MTR-003,189.3519,7.8897,14.6203,1.9815,24,25.61,0,Summer
2023-08-25,MTR-004,46.71,1.9463,3.7003,0.5588,24,25.61,0,Summer
2023-08-25,MTR-005,121.4693,5.0612,9.4863,1.2816,24,25.62,0,Summer
2023-08-25,MTR-006,187.2513,7.8021,14.0878,2.1724,24,25.62,0,Summer
2023-08-25,MTR-007,41.6341,1.7348,3.0328,0.4525,24,25.61,0,Summer
2023-08-25,MTR-008,125.5524,5.2314,10.711,1.3267,24,25.62,0,Summer
2023-08-25,MTR-009,227.6919,9.4872,16.977,2.6685,24,25.61,0,Summer
2023-08-25,MTR-010,43.3155,1.8048,3.2364,0.4483,24,25.62,0,Summer
2023-08-25,MTR-011,111.4444,4.6435,8.8404,1.2845,24,25.62,0,Summer
2023-08-25,MTR-012,186.4334,7.7681,14.0377,2.0906,24,25.62,0,Summer
2023-08-26,MTR-001,45.7621,1.9068,3.7319,0.5106,24,25.51,1,Summer
2023-08-26,MTR-002,86.5086,3.6045,7.6123,0.7205,24,25.51,1,Summer
2023-08-26,MTR-003,131.5335,5.4806,11.6793,0.383,24,25.51,1,Summer
2023-08-26,MTR-004,53.6863,2.2369,5.1329,0.5778,24,25.51,1,Summer
2023-08-26,MTR-005,103.5167,4.3132,21.2056,1.0431,24,25.51,1,Summer
2023-08-26,MTR-006,135.0285,5.6262,12.1894,1.4843,24,25.51,1,Summer
2023-08-26,MTR-007,42.3115,1.763,3.8973,0.4893,24,25.51,1,Summer
2023-08-26,MTR-008,91.1524,3.798,7.7206,1.0205,24,25.51,1,Summer
2023-08-26,MTR-009,167.7562,6.9898,14.3989,1.9558,24,25.51,1,Summer
2023-08-26,MTR-010,45.8207,1.9092,4.2962,0.1367,24,25.51,1,Summer
2023-08-26,MTR-011,93.9536,3.9147,16.8296,0.869,24,25.51,1,Summer
2023-08-26,MTR-012,134.4127,5.6005,11.6115,1.3454,24,25.51,1,Summer
2023-08-27,MTR-001,45.6101,1.9004,3.4054,0.491,24,25.23,1,Summer
2023-08-27,MTR-002,87.1449,3.631,6.9499,1.0091,24,25.23,1,Summer
2023-08-27,MTR-003,128.0798,5.3367,8.977,1.3771,24,25.23,1,Summer
2023-08-27,MTR-004,51.9276,2.1637,3.8488,0.6215,24,25.23,1,Summer
2023-08-27,MTR-005,86.3198,3.5967,6.6233,0.9627,24,25.23,1,Summer
2023-08-27,MTR-006,132.3058,5.5127,9.8067,1.4034,24,25.23,1,Summer
2023-08-27,MTR-007,45.7432,1.906,3.5594,0.5175,24,25.23,1,Summer
2023-08-27,MTR-008,89.5731,3.7322,6.6821,0.9606,24,25.23,1,Summer
2023-08-27,MTR-009,164.5509,6.8563,13.2854,1.7822,24,25.23,1,Summer
2023-08-27,MTR-010,44.2459,1.8436,3.6844,0.4736,24,25.23,1,Summer
2023-08-27,MTR-011,79.9003,3.3292,5.7688,0.9133,24,25.23,1,Summer
2023-08-27,MTR-012,127.4706,5.3113,9.5421,1.3929,24,25.23,1,Summer
2023-08-28,MTR-001,47.2696,1.9696,7.2408,0.4976,24,25.45,0,Summer
2023-08-28,MTR-002,124.8823,5.2034,9.4026,1.4443,24,25.45,0,Summer
2023-08-28,MTR-003,185.3926,7.7247,15.4463,2.1811,24,25.45,0,Summer
2023-08-28,MTR-004,51.2234,2.1343,3.9328,0.5354,24,25.45,0,Summer
2023-08-28,MTR-005,123.8238,5.1593,10.0048,1.3208,24,25.45,0,Summer
2023-08-28,MTR-006,182.4788,7.6033,13.6286,2.1888,24,25.45,0,Summer
2023-08-28,MTR-007,42.0131,1.7505,3.0811,0.4737,24,25.45,0,Summer
2023-08-28,MTR-008,126.9414,5.2892,9.8225,1.3633,24,25.45,0,Summer
2023-08-28,MTR-009,267.5751,11.149,45.5096,2.5169,24,25.45,0,Summer
2023-08-28,MTR-010,40.066,1.6694,3.0202,0.4709,24,25.45,0,Summer
2023-08-28,MTR-011,114.3925,4.7664,8.359,1.3256,24,25.45,0,Summer
2023-08-28,MTR-012,198.987,8.2911,25.2292,2.1118,24,25.45,0,Summer
2023-08-29,MTR-001,42.3999,1.7667,3.4464,0.4407,24,24.91,0,Summer
2023-08-29,MTR-002,124.026,5.1678,10.4916,1.3201,24,24.91,0,Summer
2023-08-29,MTR-003,185.9046,7.746,15.0123,2.034,24,24.91,0,Summer
2023-08-29,MTR-004,48.4587,2.0191,3.9816,0.6172,24,24.91,0,Summer
2023-08-29,MTR-005,120.048,5.002,10.1592,0.632,24,24.91,0,Summer
2023-08-29,MTR-006,180.5395,7.5225,15.4502,2.1887,24,24.91,0,Summer
2023-08-29,MTR-007,40.9249,1.7052,3.0866,0.4494,24,24.91,0,Summer
2023-08-29,MTR-008,119.0726,4.9614,9.4924,1.3817,24,24.91,0,Summer
2023-08-29,MTR-009,233.2272,9.7178,20.4507,2.7596,24,24.91,0,Summer
2023-08-29,MTR-010,40.8878,1.7037,3.3219,0.3662,24,24.91,0,Summer
2023-08-29,MTR-011,112.7118,4.6963,9.7071,1.1828,24,24.91,0,Summer
2023-08-29,MTR-012,185.8107,7.7421,14.0992,2.0615,24,24.91,0,Summer
2023-08-30,MTR-001,41.6802,1.7367,3.6302,0.4759,24,24.72,0,Summer
2023-08-30,MTR-002,121.5797,5.0658,9.7482,1.4089,24,24.72,0,Summer
2023-08-30,MTR-003,180.2181,7.5091,13.6237,2.0864,24,24.72,0,Summer
2023-08-30,MTR-004,49.1721,2.0488,3.7886,0.5359,24,24.72,0,Summer
2023-08-30,MTR-005,118.5087,4.9379,10.6617,1.3369,24,24.72,0,Summer
2023-08-30,MTR-006,181.2318,7.5513,14.169,2.0142,24,24.72,0,Summer
2023-08-30,MTR-007,41.1226,1.7134,3.001,0.4803,24,24.72,0,Summer
2023-08-30,MTR-008,123.6566,5.1524,9.4967,1.1742,24,24.72,0,Summer
2023-08-30,MTR-009,229.2364,9.5515,19.9513,2.4708,24,24.72,0,Summer
2023-08-30,MTR-010,41.828,1.7428,3.2335,0.4544,24,24.72,0,Summer
2023-08-30,MTR-011,112.4633,4.686,9.3963,1.2103,24,24.72,0,Summer
2023-08-30,MTR-012,178.1945,7.4248,13.7368,1.9464,24,24.72,0,Summer
2023-08-31,MTR-001,43.8152,1.8256,3.7468,0.4755,24,24.7,0,Summer
2023-08-31,MTR-002,124.5506,5.1896,10.5001,1.5296,24,24.7,0,Summer
2023-08-31,MTR-003,179.7412,7.4892,14.0385,0.3596,24,24.7,0,Summer
2023-08-31,MTR-004,47.1408,1.9642,4.0158,0.5654,24,24.7,0,Summer
2023-08-31,MTR-005,116.9911,4.8746,9.941,1.239,24,24.7,0,Summer
2023-08-31,MTR-006,184.4329,7.6847,15.5632,2.0396,24,24.7,0,Summer
2023-08-31,MTR-007,41.111,1.713,3.5479,0.5136,24,24.7,0,Summer
2023-08-31,MTR-008,127.9667,5.3319,10.9501,1.4234,24,24.7,0,Summer
2023-08-31,MTR-009,223.6536,9.3189,18.7788,2.7377,24,24.7,0,Summer
2023-08-31,MTR-010,41.66,1.7358,3.4689,0.4805,24,24.7,0,Summer
2023-08-31,MTR-011,109.5667,4.5653,8.5192,1.3809,24,24.7,0,Summer
2023-08-31,MTR-012,182.5244,7.6052,14.8603,2.1283,24,24.7,0,Summer
2023-09-01,MTR-001,42.941,1.7892,3.6368,0.4459,24,25.0,0,Autumn
2023-09-01,MTR-002,120.49,5.0204,10.375,1.4007,24,25.0,0,Autumn
2023-09-01,MTR-003,183.0264,7.6261,14.4488,1.941,24,25.0,0,Autumn
2023-09-01,MTR-004,49.4535,2.0606,4.0102,0.3822,24,25.0,0,Autumn
2023-09-01,MTR-005,116.8837,4.8702,9.2036,1.4103,24,25.0,0,Autumn
2023-09-01,MTR-006,185.4378,7.7266,15.2429,2.1392,24,25.0,0,Autumn
2023-09-01,MTR-007,40.3096,1.6796,3.3583,0.4488,24,25.0,0,Autumn
2023-09-01,MTR-008,122.2896,5.0954,9.8245,1.2689,24,25.0,0,Autumn
2023-09-01,MTR-009,232.6936,9.6956,20.6321,2.5553,24,25.0,0,Autumn
2023-09-01,MTR-010,42.8769,1.7865,3.3808,0.5039,24,25.0,0,Autumn
2023-09-01,MTR-011,113.0262,4.7094,9.3118,1.2048,24,25.0,0,Autumn
2023-09-01,MTR-012,184.577,7.6907,15.0973,2.0419,24,25.0,0,Autumn
2023-09-02,MTR-001,46.1953,1.9248,3.8621,0.4974,24,25.21,1,Autumn
2023-09-02,MTR-002,89.5043,3.7293,6.9952,1.0058,24,25.21,1,Autumn
2023-09-02,MTR-003,129.6524,5.4022,10.8782,1.2827,24,25.21,1,Autumn
2023-09-02,MTR-004,53.752,2.2397,4.4527,0.602,24,25.21,1,Autumn
2023-09-02,MTR-005,86.6019,3.6084,7.3227,0.976,24,25.21,1,Autumn
2023-09-02,MTR-006,131.9495,5.4979,10.7139,1.4429,24,25.21,1,Autumn
2023-09-02,MTR-007,43.7548,1.8231,3.6782,0.4626,24,25.21,1,Autumn
2023-09-02,MTR-008,89.0166,3.709,6.7407,0.9768,24,25.21,1,Autumn
2023-09-02,MTR-009,163.4054,6.8086,13.1824,1.7537,24,25.21,1,Autumn
2023-09-02,MTR-010,46.6316,1.943,3.8301,0.5875,24,25.21,1,Autumn
2023-09-02,MTR-011,77.5323,3.2305,6.5341,0.9213,24,25.21,1,Autumn
2023-09-02,MTR-012,128.0329,5.3347,10.2728,1.3501,24,25.21,1,Autumn
2023-09-03,MTR-001,44.7684,1.8654,3.4355,0.554,24,24.6,1,Autumn
2023-09-03,MTR-002,86.3744,3.5989,6.8119,0.9773,24,24.6,1,Autumn
2023-09-03,MTR-003,125.7844,5.241,10.0301,1.5436,24,24.6,1,Autumn
2023-09-03,MTR-004,53.0638,2.211,4.6121,0.603,24,24.6,1,Autumn
2023-09-03,MTR-005,84.7496,3.5312,6.1436,0.9453,24,24.6,1,Autumn
2023-09-03,MTR-006,129.9777,5.4157,10.6421,1.4239,24,24.6,1,Autumn
2023-09-03,MTR-007,43.6939,1.8206,3.321,0.5084,24,24.6,1,Autumn
2023-09-03,MTR-008,84.7059,3.5294,6.4557,0.9252,24,24.6,1,Autumn
2023-09-03,MTR-009,161.6571,6.7357,12.3402,1.762,24,24.6,1,Autumn
2023-09-03,MTR-010,44.3013,1.8459,3.2252,0.5053,24,24.6,1,Autumn
2023-09-03,MTR-011,78.5998,3.275,5.6878,0.9588,24,24.6,1,Autumn
2023-09-03,MTR-012,130.2166,5.4257,10.2568,1.4021,24,24.6,1,Autumn
2023-09-04,MTR-001,45.2306,1.8846,6.9934,0.487,24,23.36,0,Autumn
2023-09-04,MTR-002,115.2447,4.8019,9.0808,1.4949,24,23.36,0,Autumn
2023-09-04,MTR-003,179.0082,7.4587,14.8167,2.2512,24,23.36,0,Autumn
2023-09-04,MTR-004,46.1517,1.923,3.9278,0.533,24,23.36,0,Autumn
2023-09-04,MTR-005,110.9026,4.6209,9.1429,1.4,24,23.36,0,Autumn
2023-09-04,MTR-006,173.3875,7.2245,14.7674,1.9335,24,23.36,0,Autumn
2023-09-04,MTR-007,40.3776,1.6824,3.1264,0.4824,24,23.36,0,Autumn
2023-09-04,MTR-008,123.0169,5.1257,9.378,1.5402,24,23.36,0,Autumn
2023-09-04,MTR-009,228.7395,9.5308,18.1165,2.7786,24,23.36,0,Autumn
2023-09-04,MTR-010,45.9628,1.9151,6.2969,0.4942,24,23.36,0,Autumn
2023-09-04,MTR-011,107.1488,4.4645,9.0635,1.0983,24,23.36,0,Autumn
2023-09-04,MTR-012,173.7421,7.2393,15.3506,1.9308,24,23.36,0,Autumn
2023-09-05,MTR-001,38.9028,1.621,3.2688,0.477,24,24.01,0,Autumn
2023-09-05,MTR-002,119.5009,4.9792,9.3284,1.3864,24,24.01,0,Autumn
2023-09-05,MTR-003,184.8052,7.7002,15.2598,2.1121,24,24.01,0,Autumn
2023-09-05,MTR-004,52.8292,2.2012,6.322,0.1069,24,24.01,0,Autumn
2023-09-05,MTR-005,136.8909,5.7038,27.5594,1.4085,24,24.01,0,Autumn
2023-09-05,MTR-006,192.1386,8.0058,14.6946,2.042,24,24.01,0,Autumn
2023-09-05,MTR-007,39.5986,1.6499,3.3246,0.4824,24,24.01,0,Autumn
2023-09-05,MTR-008,119.8995,4.9958,10.5456,1.3327,24,24.01,0,Autumn
2023-09-05,MTR-009,213.5965,8.8999,18.5489,2.3075,24,24.01,0,Autumn
2023-09-05,MTR-010,41.3947,1.7248,3.3523,0.4633,24,24.01,0,Autumn
2023-09-05,MTR-011,108.4386,4.5183,8.9037,1.341,24,24.01,0,Autumn
2023-09-05,MTR-012,182.6284,7.6095,15.9738,2.0968,24,24.01,0,Autumn
2023-09-06,MTR-001,43.9259,1.8302,6.3148,0.4267,24,23.27,0,Autumn
2023-09-06,MTR-002,116.0523,4.8355,9.6691,1.4077,24,23.27,0,Autumn
2023-09-06,MTR-003,170.9384,7.1224,12.9964,1.9864,24,23.27,0,Autumn
2023-09-06,MTR-004,45.9954,1.9165,3.4435,0.5819,24,23.27,0,Autumn
2023-09-06,MTR-005,110.9896,4.6246,8.3496,1.3766,24,23.27,0,Autumn
2023-09-06,MTR-006,184.1507,7.6729,15.0476,2.0732,24,23.27,0,Autumn
2023-09-06,MTR-007,42.0068,1.7503,3.8201,0.4276,24,23.27,0,Autumn
2023-09-06,MTR-008,114.1616,4.7567,9.4813,1.3091,24,23.27,0,Autumn
2023-09-06,MTR-009,210.8396,8.785,17.6442,1.4579,24,23.27,0,Autumn
2023-09-06,MTR-010,39.309,1.6379,3.0469,0.449,24,23.27,0,Autumn
2023-09-06,MTR-011,108.0233,4.501,8.2866,1.2612,24,23.27,0,Autumn
2023-09-06,MTR-012,173.8048,7.2419,13.5533,1.8637,24,23.27,0,Autumn
2023-09-07,MTR-001,40.4179,1.6841,3.2477,0.2454,24,22.89,0,Autumn
2023-09-07,MTR-002,115.611,4.8171,9.9084,1.3462,24,22.89,0,Autumn
2023-09-07,MTR-003,171.5628,7.1485,14.7802,1.809,24,22.89,0,Autumn
2023-09-07,MTR-004,47.8024,1.9918,4.0762,0.5681,24,22.89,0,Autumn
2023-09-07,MTR-005,128.4105,5.3504,21.1178,0.3172,24,22.89,0,Autumn
2023-09-07,MTR-006,176.7752,7.3656,15.1537,2.2667,24,22.89,0,Autumn
2023-09-07,MTR-007,39.7419,1.6559,3.1928,0.4256,24,22.89,0,Autumn
2023-09-07,MTR-008,119.9094,4.9962,9.5557,1.4517,24,22.89,0,Autumn
2023-09-07,MTR-009,214.9595,8.9566,18.2788,2.4795,24,22.89,0,Autumn
2023-09-07,MTR-010,40.6378,1.6932,3.5318,0.4913,24,22.89,0,Autumn
2023-09-07,MTR-011,108.4764,4.5198,9.5607,1.2786,24,22.89,0,Autumn
2023-09-07,MTR-012,172.9223,7.2051,12.887,1.9612,24,22.89,0,Autumn
2023-09-08,MTR-001,40.4849,1.6869,3.0003,0.4283,24,23.32,0,Autumn
2023-09-08,MTR-002,116.506,4.8544,8.3225,1.2348,24,23.32,0,Autumn
2023-09-08,MTR-003,180.0727,7.503,14.1241,1.9639,24,23.32,0,Autumn
2023-09-08,MTR-004,47.2148,1.9673,3.296,0.588,24,23.32,0,Autumn
2023-09-08,MTR-005,114.8552,4.7856,8.5139,1.3691,24,23.32,0,Autumn
2023-09-08,MTR-006,178.3256,7.4302,14.306,2.0982,24,23.32,0,Autumn
2023-09-08,MTR-007,43.6442,1.8185,5.1874,0.4525,24,23.32,0,Autumn
2023-09-08,MTR-008,121.0754,5.0448,8.5804,1.4181,24,23.32,0,Autumn
2023-09-08,MTR-009,218.1312,9.0888,16.4622,2.5072,24,23.32,0,Autumn
2023-09-08,MTR-010,39.1657,1.6319,3.0637,0.4694,24,23.32,0,Autumn
2023-09-08,MTR-011,108.7742,4.5323,8.3583,1.234,24,23.32,0,Autumn
2023-09-08,MTR-012,181.6319,7.568,13.8817,2.0983,24,23.32,0,Autumn
2023-09-09,MTR-001,43.4679,1.8112,3.636,0.4797,24,23.0,1,Autumn
2023-09-09,MTR-002,81.6294,3.4012,5.9148,1.0133,24,23.0,1,Autumn
2023-09-09,MTR-003,126.9866,5.2911,9.8717,1.4545,24,23.0,1,Autumn
2023-09-09,MTR-004,50.8617,2.1192,4.4412,0.5751,24,23.0,1,Autumn
2023-09-09,MTR-005,82.9114,3.4546,6.9754,1.0295,24,23.0,1,Autumn
2023-09-09,MTR-006,127.4167,5.309,10.7181,1.5113,24,23.0,1,Autumn
2023-09-09,MTR-007,42.6722,1.778,3.709,0.5246,24,23.0,1,Autumn
2023-09-09,MTR-008,84.9085,3.5379,6.8281,0.9538,24,23.0,1,Autumn
2023-09-09,MTR-009,155.9787,6.4991,12.9282,1.855,24,23.0,1,Autumn
2023-09-09,MTR-010,43.7034,1.821,3.3547,0.5434,24,23.0,1,Autumn
2023-09-09,MTR-011,79.8712,3.328,7.1567,0.8435,24,23.0,1,Autumn
2023-09-09,MTR-012,117.2309,4.8846,9.5284,0.5083,24,23.0,1,Autumn
2023-09-10,MTR-001,43.1972,1.7999,3.2787,0.4459,24,22.41,1,Autumn
2023-09-10,MTR-002,80.7892,3.3662,6.4817,1.0504,24,22.41,1,Autumn
2023-09-10,MTR-003,141.3669,5.8903,25.0139,1.5605,24,22.41,1,Autumn
2023-09-10,MTR-004,49.5859,2.0661,3.8805,0.5869,24,22.41,1,Autumn
2023-09-10,MTR-005,78.4489,3.2687,6.1367,0.9503,24,22.41,1,Autumn
2023-09-10,MTR-006,127.5129,5.313,9.363,1.422,24,22.41,1,Autumn
2023-09-10,MTR-007,41.2374,1.7182,3.352,0.5333,24,22.41,1,Autumn
2023-09-10,MTR-008,85.8668,3.5778,6.5849,1.0271,24,22.41,1,Autumn
2023-09-10,MTR-009,164.7177,6.8632,16.3957,1.9064,24,22.41,1,Autumn
2023-09-10,MTR-010,43.4548,1.8106,3.2313,0.4522,24,22.41,1,Autumn
2023-09-10,MTR-011,83.7561,3.4898,8.2394,0.9029,24,22.41,1,Autumn
2023-09-10,MTR-012,120.706,5.0294,9.2176,1.4568,24,22.41,1,Autumn
2023-09-11,MTR-001,39.9338,1.6639,3.491,0.473,24,22.85,0,Autumn
2023-09-11,MTR-002,128.491,5.3538,19.5532,1.4446,24,22.85,0,Autumn
2023-09-11,MTR-003,175.4503,7.3104,15.1632,2.1959,24,22.85,0,Autumn
2023-09-11,MTR-004,46.9693,1.9571,3.6195,0.5609,24,22.85,0,Autumn
2023-09-11,MTR-005,121.6286,5.0679,12.3025,1.2178,24,22.85,0,Autumn
2023-09-11,MTR-006,174.8524,7.2855,14.8008,2.1278,24,22.85,0,Autumn
2023-09-11,MTR-007,39.846,1.6602,3.2902,0.4144,24,22.85,0,Autumn
2023-09-11,MTR-008,121.0255,5.0427,9.8845,1.4456,24,22.85,0,Autumn
2023-09-11,MTR-009,215.0394,8.96,17.8519,2.3387,24,22.85,0,Autumn
2023-09-11,MTR-010,44.1329,1.8389,4.6774,0.4648,24,22.85,0,Autumn
2023-09-11,MTR-011,107.066,4.4611,8.8709,1.3471,24,22.85,0,Autumn
2023-09-11,MTR-012,171.1679,7.132,14.6948,2.1143,24,22.85,0,Autumn
2023-09-12,MTR-001,40.936,1.7057,3.3421,0.421,24,22.46,0,Autumn
2023-09-12,MTR-002,113.9453,4.7477,8.7203,1.3589,24,22.46,0,Autumn
2023-09-12,MTR-003,174.3107,7.2629,15.3322,2.0804,24,22.46,0,Autumn
2023-09-12,MTR-004,51.6644,2.1527,8.4373,0.5279,24,22.46,0,Autumn
2023-09-12,MTR-005,114.7928,4.783,9.0683,1.3377,24,22.46,0,Autumn
2023-09-12,MTR-006,206.9962,8.6248,45.3958,2.0622,24,22.46,0,Autumn
2023-09-12,MTR-007,39.3209,1.6384,3.0474,0.1494,24,22.46,0,Autumn
2023-09-12,MTR-008,118.2982,4.9291,9.26,1.5749,24,22.46,0,Autumn
2023-09-12,MTR-009,233.3341,9.7223,32.3744,2.6017,24,22.46,0,Autumn
2023-09-12,MTR-010,38.6755,1.6115,3.5255,0.3098,24,22.46,0,Autumn
2023-09-12,MTR-011,106.1318,4.4222,8.2882,1.3602,24,22.46,0,Autumn
2023-09-12,MTR-012,218.1093,9.0879,58.7323,1.9838,24,22.46,0,Autumn
2023-09-13,MTR-001,40.3251,1.6802,3.2434,0.4628,24,22.45,0,Autumn
2023-09-13,MTR-002,114.1861,4.7578,8.5359,1.5074,24,22.45,0,Autumn
2023-09-13,MTR-003,172.7925,7.1997,15.0166,2.2305,24,22.45,0,Autumn
2023-09-13,MTR-004,46.4864,1.9369,4.2434,0.5759,24,22.45,0,Autumn
2023-09-13,MTR-005,113.6139,4.7339,9.846,1.4209,24,22.45,0,Autumn
2023-09-13,MTR-006,171.8638,7.161,16.1234,2.0272,24,22.45,0,Autumn
2023-09-13,MTR-007,37.1016,1.5459,3.4772,0.2986,24,22.45,0,Autumn
2023-09-13,MTR-008,120.2824,5.0118,9.9974,1.3178,24,22.45,0,Autumn
2023-09-13,MTR-009,207.0178,8.6257,20.6437,1.1417,24,22.45,0,Autumn
2023-09-13,MTR-010,38.8408,1.6184,3.338,0.4472,24,22.45,0,Autumn
2023-09-13,MTR-011,103.1791,4.2991,8.8986,1.2808,24,22.45,0,Autumn
2023-09-13,MTR-012,169.6455,7.0686,15.836,2.0486,24,22.45,0,Autumn
2023-09-14,MTR-001,39.34,1.6392,3.1037,0.4281,24,21.79,0,Autumn
2023-09-14,MTR-002,111.0894,4.6287,8.1649,1.2876,24,21.79,0,Autumn
2023-09-14,MTR-003,168.1799,7.0075,12.7691,1.9924,24,21.79,0,Autumn
2023-09-14,MTR-004,45.5349,1.8973,3.4792,0.579,24,21.79,0,Autumn
2023-09-14,MTR-005,114.7514,4.7813,8.6705,1.1883,24,21.79,0,Autumn
2023-09-14,MTR-006,162.5164,6.7715,12.3672,1.277,24,21.79,0,Autumn
2023-09-14,MTR-007,38.7222,1.6134,3.1135,0.4577,24,21.79,0,Autumn
2023-09-14,MTR-008,115.9174,4.8299,9.4082,1.4955,24,21.79,0,Autumn
2023-09-14,MTR-009,214.4939,8.9372,16.7107,2.6537,24,21.79,0,Autumn
2023-09-14,MTR-010,39.2626,1.6359,3.2942,0.4653,24,21.79,0,Autumn
2023-09-14,MTR-011,104.8301,4.3679,7.8202,1.1082,24,21.79,0,Autumn
2023-09-14,MTR-012,170.1424,7.0893,14.5359,2.0117,24,21.79,0,Autumn
2023-09-15,MTR-001,42.0911,1.7538,3.3069,0.4682,24,21.98,0,Autumn
2023-09-15,MTR-002,119.1141,4.9631,9.3361,1.4388,24,21.98,0,Autumn
2023-09-15,MTR-003,174.1949,7.2581,13.0466,1.7949,24,21.98,0,Autumn
2023-09-15,MTR-004,46.2005,1.925,3.6229,0.5168,24,21.98,0,Autumn
2023-09-15,MTR-005,118.3145,4.9298,8.9641,1.3062,24,21.98,0,Autumn
2023-09-15,MTR-006,174.9902,7.2913,14.4537,2.2329,24,21.98,0,Autumn
2023-09-15,MTR-007,38.8536,1.6189,2.6668,0.4623,24,21.98,0,Autumn
2023-09-15,MTR-008,116.7581,4.8649,8.7973,1.4604,24,21.98,0,Autumn
2023-09-15,MTR-009,217.2844,9.0535,15.9403,2.3151,24,21.98,0,Autumn
2023-09-15,MTR-010,39.8363,1.6598,3.0607,0.4615,24,21.98,0,Autumn
2023-09-15,MTR-011,107.1098,4.4629,7.8247,1.3249,24,21.98,0,Autumn
2023-09-15,MTR-012,169.4507,7.0604,13.6179,2.0976,24,21.98,0,Autumn
2023-09-16,MTR-001,41.9722,1.7488,3.3171,0.442,24,22.13,1,Autumn
2023-09-16,MTR-002,78.4712,3.2696,6.0488,0.8238,24,22.13,1,Autumn
2023-09-16,MTR-003,120.4471,5.0186,9.9743,1.5391,24,22.13,1,Autumn
2023-09-16,MTR-004,49.6952,2.0706,4.0375,0.5907,24,22.13,1,Autumn
2023-09-16,MTR-005,82.2404,3.4267,5.9272,0.947,24,22.13,1,Autumn
2023-09-16,MTR-006,145.4733,6.0614,27.681,1.5909,24,22.13,1,Autumn
2023-09-16,MTR-007,39.7024,1.6543,2.87,0.4877,24,22.13,1,Autumn
2023-09-16,MTR-008,83.8386,3.4933,6.2246,1.0728,24,22.13,1,Autumn
2023-09-16,MTR-009,154.9443,6.456,11.2604,1.8376,24,22.13,1,Autumn
2023-09-16,MTR-010,43.1737,1.7989,3.3896,0.4963,24,22.13,1,Autumn
2023-09-16,MTR-011,76.2026,3.1751,6.4514,0.916,24,22.13,1,Autumn
2023-09-16,MTR-012,121.8709,5.078,9.7759,1.4628,24,22.13,1,Autumn
2023-09-17,MTR-001,42.7371,1.7807,3.7178,0.5353,24,21.72,1,Autumn
2023-09-17,MTR-002,83.6012,3.4834,6.0375,0.9854,24,21.72,1,Autumn
2023-09-17,MTR-003,125.3666,5.2236,10.0558,1.4583,24,21.72,1,Autumn
2023-09-17,MTR-004,50.5672,2.107,4.0997,0.5857,24,21.72,1,Autumn
2023-09-17,MTR-005,81.9158,3.4132,6.6421,0.9165,24,21.72,1,Autumn
2023-09-17,MTR-006,127.7387,5.3224,9.8981,1.2904,24,21.72,1,Autumn
2023-09-17,MTR-007,41.842,1.7434,3.1524,0.4993,24,21.72,1,Autumn
2023-09-17,MTR-008,81.6237,3.401,7.0288,1.0039,24,21.72,1,Autumn
2023-09-17,MTR-009,178.2208,7.4259,36.6816,1.7274,24,21.72,1,Autumn
2023-09-17,MTR-010,43.6498,1.8187,3.4257,0.5168,24,21.72,1,Autumn
2023-09-17,MTR-011,76.1399,3.1725,5.8948,0.8446,24,21.72,1,Autumn
2023-09-17,MTR-012,121.8067,5.0753,10.5032,1.4907,24,21.72,1,Autumn
2023-09-18,MTR-001,40.0017,1.6667,2.8697,0.4535,24,21.55,0,Autumn
2023-09-18,MTR-002,117.0055,4.8752,8.7185,1.4782,24,21.55,0,Autumn
2023-09-18,MTR-003,171.5507,7.1479,13.5318,2.0777,24,21.55,0,Autumn
2023-09-18,MTR-004,53.6085,2.2337,10.2935,0.5624,24,21.55,0,Autumn
2023-09-18,MTR-005,141.0366,5.8765,34.929,1.2439,24,21.55,0,Autumn
2023-09-18,MTR-006,167.6454,6.9852,12.4965,1.1968,24,21.55,0,Autumn
2023-09-18,MTR-007,43.373,1.8072,5.3719,0.4877,24,21.55,0,Autumn
2023-09-18,MTR-008,122.9836,5.1243,9.1786,1.4257,24,21.55,0,Autumn
2023-09-18,MTR-009,217.0174,9.0424,14.9831,2.3556,24,21.55,0,Autumn
2023-09-18,MTR-010,40.2171,1.6757,3.6153,0.4184,24,21.55,0,Autumn
2023-09-18,MTR-011,104.9316,4.3721,7.9823,1.1693,24,21.55,0,Autumn
2023-09-18,MTR-012,170.7567,7.1149,13.7017,2.2042,24,21.55,0,Autumn
2023-09-19,MTR-001,37.5601,1.565,3.1417,0.456,24,20.97,0,Autumn
2023-09-19,MTR-002,113.5897,4.7329,9.4391,1.3677,24,20.97,0,Autumn
2023-09-19,MTR-003,167.4769,6.9782,13.2063,1.8847,24,20.97,0,Autumn
2023-09-19,MTR-004,45.8327,1.9097,3.2302,0.5817,24,20.97,0,Autumn
2023-09-19,MTR-005,113.8243,4.7427,8.4293,1.3909,24,20.97,0,Autumn
2023-09-19,MTR-006,167.0108,6.9588,13.6824,1.9113,24,20.97,0,Autumn
2023-09-19,MTR-007,37.6258,1.5677,3.0597,0.409,24,20.97,0,Autumn
2023-09-19,MTR-008,114.5144,4.7714,9.1402,0.2065,24,20.97,0,Autumn
2023-09-19,MTR-009,204.9299,8.5387,16.4791,2.6445,24,20.97,0,Autumn
2023-09-19,MTR-010,39.4975,1.6457,3.1942,0.4521,24,20.97,0,Autumn
2023-09-19,MTR-011,108.9068,4.5378,10.3138,1.1316,24,20.97,0,Autumn
2023-09-19,MTR-012,168.6907,7.0288,12.7436,2.0663,24,20.97,0,Autumn
2023-09-20,MTR-001,39.3084,1.6378,3.1576,0.4763,24,21.28,0,Autumn
2023-09-20,MTR-002,107.6574,4.4857,8.4351,0.4733,24,21.28,0,Autumn
2023-09-20,MTR-003,169.5926,7.0664,13.2347,1.9832,24,21.28,0,Autumn
2023-09-20,MTR-004,45.1756,1.8823,3.4349,0.56,24,21.28,0,Autumn
2023-09-20,MTR-005,110.7935,4.6164,9.0266,1.2458,24,21.28,0,Autumn
2023-09-20,MTR-006,169.9342,7.0806,12.8195,1.9333,24,21.28,0,Autumn
2023-09-20,MTR-007,37.9788,1.5825,2.8702,0.4129,24,21.28,0,Autumn
2023-09-20,MTR-008,113.873,4.7447,8.117,1.5198,24,21.28,0,Autumn
2023-09-20,MTR-009,216.81,9.0338,18.8921,2.7456,24,21.28,0,Autumn
2023-09-20,MTR-010,38.5823,1.6076,2.9684,0.4353,24,21.28,0,Autumn
2023-09-20,MTR-011,104.4768,4.3532,8.0958,1.263,24,21.28,0,Autumn
2023-09-20,MTR-012,168.5085,7.0212,13.0588,2.0054,24,21.28,0,Autumn
2023-09-21,MTR-001,38.2748,1.5948,2.8839,0.4492,24,20.57,0,Autumn
2023-09-21,MTR-002,112.5843,4.691,9.2416,1.2919,24,20.57,0,Autumn
2023-09-21,MTR-003,167.7701,6.9904,12.1443,2.0783,24,20.57,0,Autumn
2023-09-21,MTR-004,44.8434,1.8685,3.5895,0.4901,24,20.57,0,Autumn
2023-09-21,MTR-005,130.1181,5.4216,25.2436,1.2671,24,20.57,0,Autumn
2023-09-21,MTR-006,171.8804,7.1617,12.8587,1.9561,24,20.57,0,Autumn
2023-09-21,MTR-007,37.5884,1.5662,2.9338,0.5082,24,20.57,0,Autumn
2023-09-21,MTR-008,113.2895,4.7204,9.3518,1.4605,24,20.57,0,Autumn
2023-09-21,MTR-009,208.1681,8.6737,14.5652,2.2872,24,20.57,0,Autumn
2023-09-21,MTR-010,39.2276,1.6345,3.1412,0.4902,24,20.57,0,Autumn
2023-09-21,MTR-011,120.0972,5.004,19.6821,1.2984,24,20.57,0,Autumn
2023-09-21,MTR-012,169.3954,7.0581,13.0802,1.8839,24,20.57,0,Autumn
2023-09-22,MTR-001,38.7234,1.6135,2.8846,0.4796,24,21.04,0,Autumn
2023-09-22,MTR-002,111.4472,4.6436,9.0958,1.3067,24,21.04,0,Autumn
2023-09-22,MTR-003,166.7548,6.9481,12.1174,2.1135,24,21.04,0,Autumn
2023-09-22,MTR-004,47.4721,1.978,3.7089,0.2177,24,21.04,0,Autumn
2023-09-22,MTR-005,111.9565,4.6649,9.0776,1.4263,24,21.04,0,Autumn
2023-09-22,MTR-006,185.4848,7.7285,24.9812,2.0226,24,21.04,0,Autumn
2023-09-22,MTR-007,38.6283,1.6095,3.0983,0.4586,24,21.04,0,Autumn
2023-09-22,MTR-008,114.7023,4.7793,9.2475,1.4804,24,21.04,0,Autumn
2023-09-22,MTR-009,243.5573,10.1482,41.3048,2.5118,24,21.04,0,Autumn
2023-09-22,MTR-010,39.4322,1.643,3.0839,0.4653,24,21.04,0,Autumn
2023-09-22,MTR-011,115.966,4.8319,16.117,1.3335,24,21.04,0,Autumn
2023-09-22,MTR-012,197.1462,8.2144,33.9476,1.923,24,21.04,0,Autumn
2023-09-23,MTR-001,44.5473,1.8561,3.67,0.4959,24,20.45,1,Autumn
2023-09-23,MTR-002,81.2273,3.3845,6.2996,0.8329,24,20.45,1,Autumn
2023-09-23,MTR-003,116.646,4.8603,9.1643,1.4218,24,20.45,1,Autumn
2023-09-23,MTR-004,47.3589,1.9733,3.8903,0.3638,24,20.45,1,Autumn
2023-09-23,MTR-005,80.8876,3.3703,6.4434,1.012,24,20.45,1,Autumn
2023-09-23,MTR-006,136.1155,5.6715,17.7064,1.4557,24,20.45,1,Autumn
2023-09-23,MTR-007,41.4211,1.7259,3.195,0.4815,24,20.45,1,Autumn
2023-09-23,MTR-008,91.2222,3.8009,12.172,1.0208,24,20.45,1,Autumn
2023-09-23,MTR-009,148.9545,6.2064,11.9705,1.47,24,20.45,1,Autumn
2023-09-23,MTR-010,41.8199,1.7425,3.4338,0.4901,24,20.45,1,Autumn
2023-09-23,MTR-011,73.1132,3.0464,6.2753,0.841,24,20.45,1,Autumn
2023-09-23,MTR-012,117.0712,4.878,8.3663,1.5189,24,20.45,1,Autumn
2023-09-24,MTR-001,42.5793,1.7741,3.2847,0.4661,24,19.99,1,Autumn
2023-09-24,MTR-002,84.1946,3.5081,6.492,1.0277,24,19.99,1,Autumn
2023-09-24,MTR-003,120.0682,5.0028,8.8994,1.4839,24,19.99,1,Autumn
2023-09-24,MTR-004,47.9759,1.999,3.5592,0.623,24,19.99,1,Autumn
2023-09-24,MTR-005,79.0627,3.2943,6.612,0.8816,24,19.99,1,Autumn
2023-09-24,MTR-006,112.9114,4.7046,8.4918,0.8142,24,19.98,1,Autumn
2023-09-24,MTR-007,40.7334,1.6972,3.052,0.5098,24,19.99,1,Autumn
2023-09-24,MTR-008,81.4253,3.3927,5.6821,1.0329,24,19.99,1,Autumn
2023-09-24,MTR-009,149.1376,6.2141,11.5192,1.867,24,19.99,1,Autumn
2023-09-24,MTR-010,41.7709,1.7405,3.167,0.5068,24,19.99,1,Autumn
2023-09-24,MTR-011,74.0992,3.0875,5.8137,0.8131,24,19.99,1,Autumn
2023-09-24,MTR-012,120.5079,5.0212,9.5619,1.3725,24,19.99,1,Autumn
2023-09-25,MTR-001,39.8848,1.6619,3.1404,0.4258,24,20.8,0,Autumn
2023-09-25,MTR-002,113.1333,4.7139,8.9509,1.445,24,20.8,0,Autumn
2023-09-25,MTR-003,167.2465,6.9686,12.1603,0.2562,24,20.8,0,Autumn
2023-09-25,MTR-004,45.1398,1.8808,3.3679,0.5372,24,20.8,0,Autumn
2023-09-25,MTR-005,111.9435,4.6643,8.3022,1.4195,24,20.8,0,Autumn
2023-09-25,MTR-006,168.6939,7.0289,12.5813,2.0289,24,20.8,0,Autumn
2023-09-25,MTR-007,38.5088,1.6045,2.8568,0.476,24,20.8,0,Autumn
2023-09-25,MTR-008,119.2105,4.9671,8.9269,1.2764,24,20.8,0,Autumn
2023-09-25,MTR-009,212.2595,8.8441,17.121,2.9232,24,20.8,0,Autumn
2023-09-25,MTR-010,38.9067,1.6211,3.0045,0.5101,24,20.8,0,Autumn
2023-09-25,MTR-011,103.2519,4.3022,8.3829,1.3132,24,20.8,0,Autumn
2023-09-25,MTR-012,171.0054,7.1252,13.6251,2.1412,24,20.8,0,Autumn
2023-09-26,MTR-001,39.7671,1.657,3.2249,0.4686,24,20.29,0,Autumn
2023-09-26,MTR-002,110.7724,4.6155,9.5387,0.3751,24,20.29,0,Autumn
2023-09-26,MTR-003,170.5207,7.105,14.2271,1.7127,24,20.29,0,Autumn
2023-09-26,MTR-004,46.4635,1.936,4.032,0.5411,24,20.29,0,Autumn
2023-09-26,MTR-005,109.9553,4.5815,8.7291,1.3375,24,20.29,0,Autumn
2023-09-26,MTR-006,165.4446,6.8935,12.0361,1.9499,24,20.29,0,Autumn
2023-09-26,MTR-007,37.3785,1.5574,3.1213,0.4449,24,20.29,0,Autumn
2023-09-26,MTR-008,129.2887,5.387,18.3084,1.2096,24,20.29,0,Autumn
2023-09-26,MTR-009,210.3112,8.763,17.6029,2.4178,24,20.29,0,Autumn
2023-09-26,MTR-010,38.9609,1.6234,3.0523,0.4787,24,20.29,0,Autumn
2023-09-26,MTR-011,116.2455,4.8436,20.0878,1.3045,24,20.29,0,Autumn
2023-09-26,MTR-012,164.9649,6.8735,13.9877,2.0345,24,20.29,0,Autumn
2023-09-27,MTR-001,38.7614,1.6151,2.7992,0.4897,24,19.02,0,Autumn
2023-09-27,MTR-002,111.3627,4.6401,8.4578,1.396,24,19.02,0,Autumn
2023-09-27,MTR-003,167.1526,6.9647,12.4904,2.1438,24,19.02,0,Autumn
2023-09-27,MTR-004,43.2689,1.8029,3.337,0.5488,24,19.02,0,Autumn
2023-09-27,MTR-005,108.8501,4.5354,8.1887,1.323,24,19.02,0,Autumn
2023-09-27,MTR-006,169.2152,7.0506,12.3871,1.9657,24,19.02,0,Autumn
2023-09-27,MTR-007,36.5425,1.5226,2.5924,0.4432,24,19.02,0,Autumn
2023-09-27,MTR-008,112.2416,4.6767,8.7226,1.635,24,19.02,0,Autumn
2023-09-27,MTR-009,210.5929,8.7747,14.9524,2.8438,24,19.02,0,Autumn
2023-09-27,MTR-010,36.9993,1.5416,2.6678,0.5274,24,19.02,0,Autumn
2023-09-27,MTR-011,101.8515,4.2438,7.4987,1.3296,24,19.02,0,Autumn
2023-09-27,MTR-012,156.6223,6.5259,11.6425,1.9214,24,19.02,0,Autumn
2023-09-28,MTR-001,37.2618,1.5526,2.6483,0.4601,24,19.72,0,Autumn
2023-09-28,MTR-002,110.3732,4.5989,9.427,1.1679,24,19.72,0,Autumn
2023-09-28,MTR-003,162.5561,6.7732,11.444,1.9577,24,19.72,0,Autumn
2023-09-28,MTR-004,43.6623,1.8193,3.0772,0.5112,24,19.72,0,Autumn
2023-09-28,MTR-005,103.9188,4.33,7.3048,1.494,24,19.72,0,Autumn
2023-09-28,MTR-006,162.6599,6.7775,12.2157,1.9472,24,19.72,0,Autumn
2023-09-28,MTR-007,36.0086,1.5004,2.9032,0.4322,24,19.72,0,Autumn
2023-09-28,MTR-008,110.0803,4.5867,7.4631,1.4467,24,19.72,0,Autumn
2023-09-28,MTR-009,200.663,8.361,15.8171,2.4069,24,19.72,0,Autumn
2023-09-28,MTR-010,37.4147,1.5589,2.8362,0.4571,24,19.72,0,Autumn
2023-09-28,MTR-011,102.3447,4.2644,7.2955,1.2267,24,19.72,0,Autumn
2023-09-28,MTR-012,160.1376,6.6724,12.7786,1.9867,24,19.72,0,Autumn
2023-09-29,MTR-001,37.6468,1.5686,2.8321,0.4549,24,19.34,0,Autumn
2023-09-29,MTR-002,112.3752,4.6823,8.891,1.2101,24,19.34,0,Autumn
2023-09-29,MTR-003,167.2989,6.9708,12.9801,1.7603,24,19.34,0,Autumn
2023-09-29,MTR-004,43.8427,1.8268,3.1436,0.489,24,19.34,0,Autumn
2023-09-29,MTR-005,107.4291,4.4762,8.2764,1.3241,24,19.34,0,Autumn
2023-09-29,MTR-006,167.1263,6.9636,12.4492,1.9456,24,19.34,0,Autumn
2023-09-29,MTR-007,38.9268,1.6219,2.7819,0.497,24,19.34,0,Autumn
2023-09-29,MTR-008,111.0543,4.6273,7.8269,1.2899,24,19.34,0,Autumn
2023-09-29,MTR-009,225.8156,9.409,34.1479,2.6549,24,19.34,0,Autumn
2023-09-29,MTR-010,38.5487,1.6062,3.0174,0.4273,24,19.34,0,Autumn
2023-09-29,MTR-011,100.0992,4.1708,7.1815,1.2426,24,19.34,0,Autumn
2023-09-29,MTR-012,161.3402,6.7225,12.8244,2.1369,24,19.34,0,Autumn
2023-09-30,MTR-001,46.7266,1.9469,6.8729,0.4691,24,18.57,1,Autumn
2023-09-30,MTR-002,79.9236,3.3301,6.5798,0.958,24,18.57,1,Autumn
2023-09-30,MTR-003,117.7746,4.9073,9.4848,1.5689,24,18.57,1,Autumn
2023-09-30,MTR-004,49.6571,2.069,4.4147,0.5756,24,18.57,1,Autumn
2023-09-30,MTR-005,75.8247,3.1594,5.7935,0.8957,24,18.57,1,Autumn
2023-09-30,MTR-006,121.7169,5.0715,9.5886,1.4488,24,18.57,1,Autumn
2023-09-30,MTR-007,40.8885,1.7037,3.2273,0.4842,24,18.57,1,Autumn
2023-09-30,MTR-008,80.7193,3.3633,6.1673,0.9626,24,18.57,1,Autumn
2023-09-30,MTR-009,145.5757,6.0657,10.5866,1.6788,24,18.57,1,Autumn
2023-09-30,MTR-010,37.6084,1.567,2.9307,0.5351,24,18.57,1,Autumn
2023-09-30,MTR-011,72.3067,3.0128,5.4198,0.986,24,18.57,1,Autumn
2023-09-30,MTR-012,126.2492,5.2604,11.1532,1.6284,24,18.57,1,Autumn
2023-10-01,MTR-001,40.6585,1.6941,3.0489,0.4949,24,18.77,1,Autumn
2023-10-01,MTR-002,80.0159,3.334,6.0328,1.0715,24,18.77,1,Autumn
2023-10-01,MTR-003,119.2786,4.9699,8.6044,1.5148,24,18.77,1,Autumn
2023-10-01,MTR-004,46.2558,1.9273,3.5403,0.521,24,18.77,1,Autumn
2023-10-01,MTR-005,80.9867,3.3744,8.5532,0.9909,24,18.77,1,Autumn
2023-10-01,MTR-006,118.5249,4.9385,8.8039,1.6062,24,18.77,1,Autumn
2023-10-01,MTR-007,39.7278,1.6553,2.9292,0.4909,24,18.77,1,Autumn
2023-10-01,MTR-008,79.3921,3.308,5.62,0.9794,24,18.77,1,Autumn
2023-10-01,MTR-009,145.2195,6.0508,10.3341,1.9644,24,18.77,1,Autumn
2023-10-01,MTR-010,41.4912,1.7288,2.864,0.5128,24,18.77,1,Autumn
2023-10-01,MTR-011,74.2361,3.0932,6.2796,0.8903,24,18.77,1,Autumn
2023-10-01,MTR-012,114.4701,4.7696,7.6429,1.5853,24,18.77,1,Autumn
2023-10-02,MTR-001,37.8345,1.5764,2.7225,0.4856,24,18.42,0,Autumn
2023-10-02,MTR-002,105.513,4.3964,7.3563,1.4497,24,18.42,0,Autumn
2023-10-02,MTR-003,213.6012,8.9,51.1385,2.267,24,18.42,0,Autumn
2023-10-02,MTR-004,44.7625,1.8651,2.8305,0.5795,24,18.42,0,Autumn
2023-10-02,MTR-005,105.2676,4.3862,6.8968,1.2863,24,18.42,0,Autumn
2023-10-02,MTR-006,190.0876,7.9203,32.4561,2.0399,24,18.42,0,Autumn
2023-10-02,MTR-007,36.6235,1.526,2.6043,0.4339,24,18.42,0,Autumn
2023-10-02,MTR-008,110.2939,4.5956,7.4006,1.4553,24,18.42,0,Autumn
2023-10-02,MTR-009,211.4652,8.811,14.7908,2.8382,24,18.42,0,Autumn
2023-10-02,MTR-010,36.8858,1.5369,2.823,0.5144,24,18.42,0,Autumn
2023-10-02,MTR-011,98.58,4.1075,7.7708,1.3138,24,18.42,0,Autumn
2023-10-02,MTR-012,158.6589,6.6108,10.6094,2.1419,24,18.42,0,Autumn
2023-10-03,MTR-001,40.4449,1.6852,3.7463,0.4717,24,18.28,0,Autumn
2023-10-03,MTR-002,106.2642,4.4277,7.7358,1.3047,24,18.28,0,Autumn
2023-10-03,MTR-003,163.7721,6.8238,13.336,2.0195,24,18.28,0,Autumn
2023-10-03,MTR-004,43.6687,1.8195,3.3517,0.4938,24,18.28,0,Autumn
2023-10-03,MTR-005,118.0511,4.9188,15.8508,1.3965,24,18.28,0,Autumn
2023-10-03,MTR-006,165.1092,6.8795,12.0195,1.8382,24,18.28,0,Autumn
2023-10-03,MTR-007,42.7333,1.7806,7.3994,0.4937,24,18.28,0,Autumn
2023-10-03,MTR-008,112.2374,4.6766,7.926,1.6343,24,18.28,0,Autumn
2023-10-03,MTR-009,203.0579,8.4607,15.6299,2.4799,24,18.28,0,Autumn
2023-10-03,MTR-010,37.5462,1.5644,2.8346,0.4813,24,18.28,0,Autumn
2023-10-03,MTR-011,99.1128,4.1297,6.7631,1.2019,24,18.28,0,Autumn
2023-10-03,MTR-012,154.5835,6.441,10.6358,1.8825,24,18.28,0,Autumn
2023-10-04,MTR-001,38.303,1.596,2.9104,0.4975,24,17.73,0,Autumn
2023-10-04,MTR-002,110.7319,4.6138,7.9487,1.4227,24,17.73,0,Autumn
2023-10-04,MTR-003,164.8965,6.8707,13.2754,2.186,24,17.73,0,Autumn
2023-10-04,MTR-004,44.8433,1.8685,3.4599,0.6084,24,17.73,0,Autumn
2023-10-04,MTR-005,109.3555,4.5565,8.39,1.3432,24,17.73,0,Autumn
2023-10-04,MTR-006,164.7783,6.8658,12.4903,2.3815,24,17.73,0,Autumn
2023-10-04,MTR-007,36.2861,1.5119,2.6832,0.4993,24,17.73,0,Autumn
2023-10-04,MTR-008,139.0641,5.7943,33.8567,1.4628,24,17.73,0,Autumn
2023-10-04,MTR-009,199.1351,8.2973,14.2716,2.6667,24,17.73,0,Autumn
2023-10-04,MTR-010,39.8826,1.6618,2.7614,0.4214,24,17.73,0,Autumn
2023-10-04,MTR-011,104.3518,4.348,8.2473,1.4649,24,17.73,0,Autumn
2023-10-04,MTR-012,170.2336,7.0931,12.8686,2.1808,24,17.73,0,Autumn
2023-10-05,MTR-001,43.5495,1.8146,7.322,0.46,24,17.82,0,Autumn
2023-10-05,MTR-002,102.3485,4.2645,8.5947,0.3124,24,17.82,0,Autumn
2023-10-05,MTR-003,195.0032,8.1251,39.1911,2.0644,24,17.82,0,Autumn
2023-10-05,MTR-004,44.5856,1.8577,3.4355,0.5605,24,17.82,0,Autumn
2023-10-05,MTR-005,104.4021,4.3501,7.0183,1.2811,24,17.82,0,Autumn
2023-10-05,MTR-006,202.5326,8.4389,43.7879,2.1994,24,17.82,0,Autumn
2023-10-05,MTR-007,37.4608,1.5609,2.7448,0.5115,24,17.82,0,Autumn
2023-10-05,MTR-008,106.3115,4.4296,7.8955,0.8394,24,17.82,0,Autumn
2023-10-05,MTR-009,208.7458,8.6977,14.6371,2.4967,24,17.82,0,Autumn
2023-10-05,MTR-010,36.1897,1.5079,2.8368,0.4789,24,17.82,0,Autumn
2023-10-05,MTR-011,101.6287,4.2345,7.1192,1.2183,24,17.82,0,Autumn
2023-10-05,MTR-012,163.1425,6.7976,11.7533,1.9674,24,17.82,0,Autumn
2023-10-06,MTR-001,38.8004,1.6167,2.9669,0.4739,24,17.71,0,Autumn
2023-10-06,MTR-002,109.8893,4.5787,8.2433,1.4299,24,17.71,0,Autumn
2023-10-06,MTR-003,165.4949,6.8956,13.1797,2.214,24,17.71,0,Autumn
2023-10-06,MTR-004,44.3963,1.8498,3.3099,0.5626,24,17.71,0,Autumn
2023-10-06,MTR-005,107.3681,4.4737,8.5515,1.357,24,17.71,0,Autumn
2023-10-06,MTR-006,179.3171,7.4715,21.4834,2.13,24,17.71,0,Autumn
2023-10-06,MTR-007,37.7151,1.5715,2.7516,0.4816,24,17.7,0,Autumn
2023-10-06,MTR-008,110.9261,4.6219,8.5046,1.5221,24,17.71,0,Autumn
2023-10-06,MTR-009,199.8356,8.3265,14.4243,2.6785,24,17.71,0,Autumn
2023-10-06,MTR-010,38.2173,1.5924,2.7519,0.4974,24,17.71,0,Autumn
2023-10-06,MTR-011,108.8909,4.5371,11.8667,1.3856,24,17.71,0,Autumn
2023-10-06,MTR-012,158.1489,6.5895,11.6818,2.0043,24,17.71,0,Autumn
2023-10-07,MTR-001,44.8325,1.868,3.7589,0.5365,24,17.43,1,Autumn
2023-10-07,MTR-002,78.4608,3.2692,5.7168,1.1484,24,17.43,1,Autumn
2023-10-07,MTR-003,118.5681,4.9403,8.0219,1.5233,24,17.43,1,Autumn
2023-10-07,MTR-004,47.3949,1.9748,3.7128,0.6164,24,17.43,1,Autumn
2023-10-07,MTR-005,84.0118,3.5005,10.8709,0.9677,24,17.43,1,Autumn
2023-10-07,MTR-006,120.3728,5.0155,8.5022,1.6588,24,17.43,1,Autumn
2023-10-07,MTR-007,40.5177,1.6882,2.9646,0.5676,24,17.43,1,Autumn
2023-10-07,MTR-008,102.635,4.2765,21.6983,1.1196,24,17.43,1,Autumn
2023-10-07,MTR-009,148.3689,6.182,10.7517,2.0226,24,17.43,1,Autumn
2023-10-07,MTR-010,41.5775,1.7324,2.9844,0.544,24,17.43,1,Autumn
2023-10-07,MTR-011,72.2823,3.0118,5.1082,1.0562,24,17.43,1,Autumn
2023-10-07,MTR-012,117.6877,4.9037,8.3275,1.512,24,17.43,1,Autumn
2023-10-08,MTR-001,40.1444,1.6727,2.9828,0.5421,24,17.5,1,Autumn
2023-10-08,MTR-002,77.2099,3.2171,6.0308,0.9546,24,17.51,1,Autumn
2023-10-08,MTR-003,116.3159,4.8465,8.5242,1.4218,24,17.51,1,Autumn
2023-10-08,MTR-004,47.8328,1.993,3.5903,0.6498,24,17.51,1,Autumn
2023-10-08,MTR-005,75.1571,3.1315,5.5285,0.9826,24,17.51,1,Autumn
2023-10-08,MTR-006,118.962,4.9567,9.054,1.6411,24,17.51,1,Autumn
2023-10-08,MTR-007,39.8615,1.6609,3.0152,0.5116,24,17.51,1,Autumn
2023-10-08,MTR-008,89.8079,3.742,11.3153,1.0601,24,17.51,1,Autumn
2023-10-08,MTR-009,170.1966,7.0915,32.4634,1.8751,24,17.51,1,Autumn
2023-10-08,MTR-010,38.7577,1.6149,2.5556,0.5004,24,17.51,1,Autumn
2023-10-08,MTR-011,72.6963,3.029,5.544,1.0206,24,17.51,1,Autumn
2023-10-08,MTR-012,110.418,4.6007,9.5355,0.4049,24,17.5,1,Autumn
2023-10-09,MTR-001,37.0894,1.5454,2.949,0.4772,24,17.37,0,Autumn
2023-10-09,MTR-002,116.5238,4.8552,9.1385,1.4093,24,17.37,0,Autumn
2023-10-09,MTR-003,165.4303,6.8929,13.5662,2.2139,24,17.37,0,Autumn
2023-10-09,MTR-004,44.3504,1.8479,3.3593,0.5866,24,17.37,0,Autumn
2023-10-09,MTR-005,122.0517,5.0855,20.1065,1.4664,24,17.37,0,Autumn
2023-10-09,MTR-006,159.0848,6.6285,13.4593,1.8935,24,17.37,0,Autumn
2023-10-09,MTR-007,36.8576,1.5357,2.6389,0.4149,24,17.37,0,Autumn
2023-10-09,MTR-008,110.5536,4.6064,9.0988,1.3616,24,17.37,0,Autumn
2023-10-09,MTR-009,204.9221,8.5384,15.5582,2.0938,24,17.37,0,Autumn
2023-10-09,MTR-010,36.9834,1.541,2.858,0.4227,24,17.37,0,Autumn
2023-10-09,MTR-011,99.2831,4.1368,7.0321,1.2515,24,17.37,0,Autumn
2023-10-09,MTR-012,156.7196,6.53,10.5015,1.9908,24,17.37,0,Autumn
2023-10-10,MTR-001,37.6204,1.5675,2.6687,0.5272,24,16.86,0,Autumn
2023-10-10,MTR-002,109.4742,4.5614,7.4046,1.4002,24,16.86,0,Autumn
2023-10-10,MTR-003,162.3515,6.7646,11.3356,2.1552,24,16.86,0,Autumn
2023-10-10,MTR-004,49.0635,2.0443,6.8386,0.6098,24,16.86,0,Autumn
2023-10-10,MTR-005,103.9444,4.331,6.8633,0.4065,24,16.86,0,Autumn
2023-10-10,MTR-006,166.1772,6.9241,13.342,1.0488,24,16.86,0,Autumn
2023-10-10,MTR-007,36.1055,1.5044,2.829,0.455,24,16.86,0,Autumn
2023-10-10,MTR-008,110.8814,4.6201,8.141,1.6943,24,16.86,0,Autumn
2023-10-10,MTR-009,203.5945,8.4831,15.3873,2.8468,24,16.86,0,Autumn
2023-10-10,MTR-010,37.6209,1.5675,2.9131,0.5725,24,16.86,0,Autumn
2023-10-10,MTR-011,100.1219,4.1717,6.5639,1.2762,24,16.86,0,Autumn
2023-10-10,MTR-012,160.6806,6.695,11.0125,2.1548,24,16.86,0,Autumn
2023-10-11,MTR-001,41.9589,1.7483,7.4178,0.5435,24,16.37,0,Autumn
2023-10-11,MTR-002,110.7589,4.615,8.3326,1.4332,24,16.37,0,Autumn
2023-10-11,MTR-003,164.1491,6.8395,11.4684,2.2223,24,16.37,0,Autumn
2023-10-11,MTR-004,49.1364,2.0474,3.2,0.5372,24,16.37,0,Autumn
2023-10-11,MTR-005,109.4128,4.5589,7.918,1.3051,24,16.37,0,Autumn
2023-10-11,MTR-006,163.1011,6.7959,12.3829,2.1203,24,16.37,0,Autumn
2023-10-11,MTR-007,36.7073,1.5295,2.7987,0.497,24,16.37,0,Autumn
2023-10-11,MTR-008,105.2731,4.3864,8.8391,0.3496,24,16.37,0,Autumn
2023-10-11,MTR-009,217.1264,9.0469,20.0324,2.6741,24,16.37,0,Autumn
2023-10-11,MTR-010,37.3852,1.5577,2.8126,0.5312,24,16.37,0,Autumn
2023-10-11,MTR-011,101.67,4.2362,7.5911,1.3639,24,16.37,0,Autumn
2023-10-11,MTR-012,162.5278,6.772,11.121,2.0962,24,16.37,0,Autumn
2023-10-12,MTR-001,38.0484,1.5853,3.1484,0.4985,24,16.54,0,Autumn
2023-10-12,MTR-002,128.9178,5.3716,26.1041,1.4334,24,16.54,0,Autumn
2023-10-12,MTR-003,167.9273,6.997,13.8732,2.3513,24,16.54,0,Autumn
2023-10-12,MTR-004,43.7099,1.8212,3.4011,0.5229,24,16.54,0,Autumn
2023-10-12,MTR-005,109.677,4.5699,9.1167,1.4788,24,16.54,0,Autumn
2023-10-12,MTR-006,167.3767,6.974,12.533,1.881,24,16.54,0,Autumn
2023-10-12,MTR-007,36.785,1.5327,2.7175,0.4694,24,16.54,0,Autumn
2023-10-12,MTR-008,113.8557,4.744,7.9478,1.4638,24,16.54,0,Autumn
2023-10-12,MTR-009,206.0425,8.5851,15.9149,2.6786,24,16.54,0,Autumn
2023-10-12,MTR-010,37.1283,1.547,2.6876,0.4429,24,16.54,0,Autumn
2023-10-12,MTR-011,101.5601,4.2317,8.1,1.3084,24,16.54,0,Autumn
2023-10-12,MTR-012,167.8049,6.9919,12.4383,2.1591,24,16.54,0,Autumn
2023-10-13,MTR-001,37.7056,1.5711,2.8991,0.5125,24,16.25,0,Autumn
2023-10-13,MTR-002,112.0491,4.6687,8.7382,1.5081,24,16.25,0,Autumn
2023-10-13,MTR-003,164.9475,6.8728,13.2053,2.0897,24,16.25,0,Autumn
2023-10-13,MTR-004,42.8343,1.7848,2.9668,0.5827,24,16.25,0,Autumn
2023-10-13,MTR-005,102.6482,4.277,7.2506,0.4309,24,16.25,0,Autumn
2023-10-13,MTR-006,164.7817,6.8659,11.3834,2.2049,24,16.25,0,Autumn
2023-10-13,MTR-007,37.3821,1.5576,2.8345,0.5363,24,16.25,0,Autumn
2023-10-13,MTR-008,110.9975,4.6249,8.192,1.2655,24,16.25,0,Autumn
2023-10-13,MTR-009,207.1471,8.6311,14.7671,2.7343,24,16.25,0,Autumn
2023-10-13,MTR-010,38.6378,1.6099,3.016,0.5088,24,16.25,0,Autumn
2023-10-13,MTR-011,100.5819,4.1909,6.9154,1.2492,24,16.25,0,Autumn
2023-10-13,MTR-012,211.6579,8.8191,48.4796,2.1117,24,16.25,0,Autumn
2023-10-14,MTR-001,39.7673,1.657,2.944,0.5008,24,15.65,1,Autumn
2023-10-14,MTR-002,87.7002,3.6542,15.0904,0.1093,24,15.65,1,Autumn
2023-10-14,MTR-003,114.9317,4.7888,9.0176,1.547,24,15.65,1,Autumn
2023-10-14,MTR-004,48.6254,2.0261,4.0954,0.6227,24,15.65,1,Autumn
2023-10-14,MTR-005,76.9906,3.2079,5.5486,0.9938,24,15.65,1,Autumn
2023-10-14,MTR-006,121.0916,5.0455,9.7674,1.6752,24,15.65,1,Autumn
2023-10-14,MTR-007,39.6267,1.6511,2.7101,0.4421,24,15.65,1,Autumn
2023-10-14,MTR-008,77.3696,3.2237,5.9897,0.2438,24,15.65,1,Autumn
2023-10-14,MTR-009,146.8643,6.1193,10.8902,2.0187,24,15.65,1,Autumn
2023-10-14,MTR-010,41.9328,1.7472,3.1384,0.5508,24,15.65,1,Autumn
2023-10-14,MTR-011,73.4886,3.062,5.7487,0.932,24,15.65,1,Autumn
2023-10-14,MTR-012,117.8529,4.9105,8.4356,1.5029,24,15.65,1,Autumn
2023-10-15,MTR-001,41.4718,1.728,2.9834,0.4906,24,15.68,1,Autumn
2023-10-15,MTR-002,79.7545,3.3231,5.7584,1.0508,24,15.68,1,Autumn
2023-10-15,MTR-003,116.2748,4.8448,8.4145,1.553,24,15.68,1,Autumn
2023-10-15,MTR-004,47.5633,1.9818,3.4249,0.6619,24,15.68,1,Autumn
2023-10-15,MTR-005,77.2645,3.2194,5.5971,0.9977,24,15.68,1,Autumn
2023-10-15,MTR-006,119.5213,4.9801,8.9474,1.6137,24,15.68,1,Autumn
2023-10-15,MTR-007,39.0907,1.6288,2.7676,0.4516,24,15.68,1,Autumn
2023-10-15,MTR-008,80.6688,3.3612,5.8166,1.0952,24,15.68,1,Autumn
2023-10-15,MTR-009,144.6294,6.0262,9.8189,1.8846,24,15.68,1,Autumn
2023-10-15,MTR-010,48.2421,2.0101,6.5044,0.4979,24,15.68,1,Autumn
2023-10-15,MTR-011,70.6079,2.942,5.1324,0.9193,24,15.68,1,Autumn
2023-10-15,MTR-012,119.0795,4.9616,8.9539,1.7268,24,15.68,1,Autumn
2023-10-16,MTR-001,38.166,1.5902,2.7446,0.5261,24,16.16,0,Autumn
2023-10-16,MTR-002,99.3497,4.1396,7.5034,0.4934,24,16.16,0,Autumn
2023-10-16,MTR-003,164.8035,6.8668,12.1952,2.3684,24,16.16,0,Autumn
2023-10-16,MTR-004,44.5709,1.8571,3.2293,0.6233,24,16.16,0,Autumn
2023-10-16,MTR-005,105.5489,4.3979,7.5179,1.4146,24,16.16,0,Autumn
2023-10-16,MTR-006,169.3351,7.0556,12.224,2.3012,24,16.16,0,Autumn
2023-10-16,MTR-007,37.9093,1.5796,2.9545,0.5008,24,16.16,0,Autumn
2023-10-16,MTR-008,111.5089,4.6462,8.153,1.4292,24,16.16,0,Autumn
2023-10-16,MTR-009,221.2686,9.2195,30.2087,2.14,24,16.16,0,Autumn
2023-10-16,MTR-010,38.694,1.6122,2.7995,0.5197,24,16.16,0,Autumn
2023-10-16,MTR-011,112.0311,4.668,17.7725,0.0725,24,16.16,0,Autumn
2023-10-16,MTR-012,164.8747,6.8698,13.1319,2.0894,24,16.16,0,Autumn
2023-10-17,MTR-001,39.2171,1.634,2.996,0.4818,24,15.79,0,Autumn
2023-10-17,MTR-002,109.7469,4.5728,7.7307,1.4901,24,15.79,0,Autumn
2023-10-17,MTR-003,164.0786,6.8366,12.2276,2.3285,24,15.79,0,Autumn
2023-10-17,MTR-004,44.5819,1.8576,3.6402,0.627,24,15.79,0,Autumn
2023-10-17,MTR-005,107.1747,4.4656,7.3921,1.3312,24,15.79,0,Autumn
2023-10-17,MTR-006,171.3389,7.1391,13.4911,2.4273,24,15.79,0,Autumn
2023-10-17,MTR-007,37.4864,1.5619,2.6248,0.5114,24,15.79,0,Autumn
2023-10-17,MTR-008,112.0661,4.6694,8.862,1.5232,24,15.79,0,Autumn
2023-10-17,MTR-009,206.2415,8.5934,14.8929,2.8615,24,15.79,0,Autumn
2023-10-17,MTR-010,37.6624,1.5693,2.9665,0.5094,24,15.79,0,Autumn
2023-10-17,MTR-011,111.4448,4.6435,14.396,1.4086,24,15.79,0,Autumn
2023-10-17,MTR-012,166.8961,6.954,13.936,2.1501,24,15.79,0,Autumn
2023-10-18,MTR-001,37.6115,1.5671,2.8539,0.5494,24,14.92,0,Autumn
2023-10-18,MTR-002,122.2092,5.0921,19.6898,1.3841,24,14.92,0,Autumn
2023-10-18,MTR-003,168.0622,7.0026,12.8151,2.0406,24,14.92,0,Autumn
2023-10-18,MTR-004,44.3257,1.8469,3.3191,0.5757,24,14.92,0,Autumn
2023-10-18,MTR-005,108.3546,4.5148,7.9543,1.3654,24,14.92,0,Autumn
2023-10-18,MTR-006,171.0383,7.1266,12.5118,2.1824,24,14.92,0,Autumn
2023-10-18,MTR-007,37.7793,1.5741,2.5433,0.4886,24,14.92,0,Autumn
2023-10-18,MTR-008,113.8927,4.7455,7.9049,1.3375,24,14.92,0,Autumn
2023-10-18,MTR-009,202.7498,8.4479,13.8266,2.9479,24,14.92,0,Autumn
2023-10-18,MTR-010,39.4615,1.6442,2.4854,0.4636,24,14.92,0,Autumn
2023-10-18,MTR-011,103.3589,4.3066,7.5302,1.3416,24,14.92,0,Autumn
2023-10-18,MTR-012,185.3809,7.7242,33.6461,2.2714,24,14.92,0,Autumn
2023-10-19,MTR-001,38.0599,1.5858,2.6711,0.5667,24,14.8,0,Autumn
2023-10-19,MTR-002,112.2721,4.678,8.0774,1.5282,24,14.8,0,Autumn
2023-10-19,MTR-003,188.5855,7.8577,23.4372,2.2214,24,14.8,0,Autumn
2023-10-19,MTR-004,44.7892,1.8662,3.0973,0.591,24,14.8,0,Autumn
2023-10-19,MTR-005,109.3173,4.5549,6.784,1.5148,24,14.8,0,Autumn
2023-10-19,MTR-006,169.6078,7.067,14.9023,2.4258,24,14.8,0,Autumn
2023-10-19,MTR-007,37.2353,1.5515,2.6851,0.5524,24,14.8,0,Autumn
2023-10-19,MTR-008,127.4878,5.312,18.0695,1.5057,24,14.8,0,Autumn
2023-10-19,MTR-009,211.0933,8.7956,15.1455,2.554,24,14.8,0,Autumn
2023-10-19,MTR-010,37.8397,1.5767,2.4547,0.5666,24,14.8,0,Autumn
2023-10-19,MTR-011,103.0292,4.2929,7.3051,1.2533,24,14.8,0,Autumn
2023-10-19,MTR-012,167.7579,6.9899,12.7438,1.965,24,14.8,0,Autumn
2023-10-20,MTR-001,38.2655,1.5944,2.7702,0.4799,24,15.12,0,Autumn
2023-10-20,MTR-002,110.042,4.5851,8.0065,1.3355,24,15.12,0,Autumn
2023-10-20,MTR-003,166.6077,6.942,12.5775,2.0318,24,15.12,0,Autumn
2023-10-20,MTR-004,43.4899,1.8121,3.1583,0.5685,24,15.12,0,Autumn
2023-10-20,MTR-005,109.3891,4.5579,7.7999,1.3232,24,15.12,0,Autumn
2023-10-20,MTR-006,166.3755,6.9323,11.3008,2.2704,24,15.12,0,Autumn
2023-10-20,MTR-007,36.4588,1.5191,3.0076,0.5263,24,15.12,0,Autumn
2023-10-20,MTR-008,111.9939,4.6664,8.2376,1.3746,24,15.12,0,Autumn
2023-10-20,MTR-009,196.0636,8.1693,14.2796,0.8474,24,15.12,0,Autumn
2023-10-20,MTR-010,38.0293,1.5846,2.5734,0.4828,24,15.12,0,Autumn
2023-10-20,MTR-011,125.4378,5.2266,31.3962,1.2452,24,15.12,0,Autumn
2023-10-20,MTR-012,156.0755,6.5031,11.6557,0.8603,24,15.12,0,Autumn
2023-10-21,MTR-001,41.5014,1.7292,2.7749,0.493,24,15.32,1,Autumn
2023-10-21,MTR-002,78.1374,3.2557,6.8616,0.2169,24,15.32,1,Autumn
2023-10-21,MTR-003,118.8387,4.9516,8.8505,1.4494,24,15.32,1,Autumn
2023-10-21,MTR-004,47.1001,1.9625,3.6059,0.5782,24,15.32,1,Autumn
2023-10-21,MTR-005,77.9682,3.2487,6.0229,1.0877,24,15.32,1,Autumn
2023-10-21,MTR-006,122.1741,5.0906,8.495,1.4374,24,15.32,1,Autumn
2023-10-21,MTR-007,39.4094,1.6421,2.9506,0.4635,24,15.32,1,Autumn
2023-10-21,MTR-008,81.3874,3.3911,6.0268,1.0192,24,15.32,1,Autumn
2023-10-21,MTR-009,146.5516,6.1063,10.6687,1.9002,24,15.32,1,Autumn
2023-10-21,MTR-010,39.1511,1.6313,3.2145,0.1317,24,15.32,1,Autumn
2023-10-21,MTR-011,73.4025,3.0584,5.3731,0.9088,24,15.32,1,Autumn
2023-10-21,MTR-012,118.3576,4.9316,8.6115,1.6204,24,15.32,1,Autumn
2023-10-22,MTR-001,40.6061,1.6919,2.9536,0.5523,24,14.41,1,Autumn
2023-10-22,MTR-002,80.9913,3.3746,5.9088,1.1512,24,14.41,1,Autumn
2023-10-22,MTR-003,120.9638,5.0402,8.9191,1.573,24,14.41,1,Autumn
2023-10-22,MTR-004,47.3727,1.9739,3.5508,0.6052,24,14.41,1,Autumn
2023-10-22,MTR-005,78.5079,3.2712,5.6498,1.0362,24,14.41,1,Autumn
2023-10-22,MTR-006,123.4029,5.1418,8.755,1.7375,24,14.41,1,Autumn
2023-10-22,MTR-007,40.3147,1.6798,2.9884,0.5611,24,14.41,1,Autumn
2023-10-22,MTR-008,81.965,3.4152,6.1893,1.0767,24,14.41,1,Autumn
2023-10-22,MTR-009,145.6005,6.0667,9.5754,1.7735,24,14.41,1,Autumn
2023-10-22,MTR-010,40.1581,1.6733,2.9602,0.5729,24,14.41,1,Autumn
2023-10-22,MTR-011,73.3675,3.057,5.0459,0.9922,24,14.41,1,Autumn
2023-10-22,MTR-012,118.5339,4.9389,8.1587,1.6072,24,14.41,1,Autumn
2023-10-23,MTR-001,37.9573,1.5816,2.7288,0.0991,24,14.31,0,Autumn
2023-10-23,MTR-002,109.9805,4.5825,8.2756,1.4291,24,14.31,0,Autumn
2023-10-23,MTR-003,184.1088,7.6712,19.3754,2.3841,24,14.31,0,Autumn
2023-10-23,MTR-004,41.6366,1.7349,3.123,0.2424,24,14.31,0,Autumn
2023-10-23,MTR-005,105.1585,4.3816,7.0585,1.4528,24,14.31,0,Autumn
2023-10-23,MTR-006,171.902,7.1626,12.7298,2.2614,24,14.31,0,Autumn
2023-10-23,MTR-007,36.9097,1.5379,2.7035,0.5256,24,14.31,0,Autumn
2023-10-23,MTR-008,113.2262,4.7178,8.604,1.4114,24,14.31,0,Autumn
2023-10-23,MTR-009,204.7426,8.5309,14.9561,2.9376,24,14.31,0,Autumn
2023-10-23,MTR-010,40.9019,1.7042,4.6649,0.4857,24,14.31,0,Autumn
2023-10-23,MTR-011,102.5119,4.2713,8.1026,1.3359,24,14.31,0,Autumn
2023-10-23,MTR-012,163.5711,6.8155,10.7068,2.2519,24,14.31,0,Autumn
2023-10-24,MTR-001,38.4663,1.6028,2.876,0.4921,24,14.01,0,Autumn
2023-10-24,MTR-002,112.9475,4.7061,7.938,1.3032,24,14.01,0,Autumn
2023-10-24,MTR-003,177.5901,7.3996,13.1036,2.1812,24,14.01,0,Autumn
2023-10-24,MTR-004,46.2021,1.9251,3.3607,0.7046,24,14.01,0,Autumn
2023-10-24,MTR-005,107.7103,4.4879,8.0304,1.6033,24,14.01,0,Autumn
2023-10-24,MTR-006,167.4465,6.9769,11.5841,2.1365,24,14.01,0,Autumn
2023-10-24,MTR-007,37.0811,1.545,3.1913,0.4892,24,14.01,0,Autumn
2023-10-24,MTR-008,112.4989,4.6875,7.7366,1.6045,24,14.01,0,Autumn
2023-10-24,MTR-009,210.0043,8.7502,16.4591,3.0328,24,14.01,0,Autumn
2023-10-24,MTR-010,42.7215,1.7801,7.522,0.5549,24,14.01,0,Autumn
2023-10-24,MTR-011,98.8798,4.12,7.6398,0.4752,24,14.01,0,Autumn
2023-10-24,MTR-012,159.228,6.6345,11.1433,2.0694,24,14.01,0,Autumn
2023-10-25,MTR-001,38.177,1.5907,2.7655,0.4483,24,14.45,0,Autumn
2023-10-25,MTR-002,108.5547,4.5231,7.5884,1.4571,24,14.45,0,Autumn
2023-10-25,MTR-003,167.7644,6.9902,11.5343,2.0498,24,14.45,0,Autumn
2023-10-25,MTR-004,43.8988,1.8291,3.2642,0.5728,24,14.45,0,Autumn
2023-10-25,MTR-005,107.2002,4.4667,7.2884,1.3157,24,14.45,0,Autumn
2023-10-25,MTR-006,167.7664,6.9903,13.3083,2.2771,24,14.45,0,Autumn
2023-10-25,MTR-007,36.5157,1.5215,2.8643,0.2926,24,14.45,0,Autumn
2023-10-25,MTR-008,114.6362,4.7765,9.217,1.4593,24,14.45,0,Autumn
2023-10-25,MTR-009,202.0879,8.4203,13.4756,2.582,24,14.45,0,Autumn
2023-10-25,MTR-010,37.301,1.5542,2.7562,0.4724,24,14.45,0,Autumn
2023-10-25,MTR-011,99.5181,4.1466,6.8796,1.401,24,14.45,0,Autumn
2023-10-25,MTR-012,159.2112,6.6338,10.9886,2.2119,24,14.45,0,Autumn
2023-10-26,MTR-001,37.5264,1.5636,2.7226,0.5143,24,13.69,0,Autumn
2023-10-26,MTR-002,108.8951,4.5373,7.7896,1.4871,24,13.69,0,Autumn
2023-10-26,MTR-003,169.2634,7.0526,12.3716,2.4834,24,13.69,0,Autumn
2023-10-26,MTR-004,44.8634,1.8693,3.4438,0.605,24,13.69,0,Autumn
2023-10-26,MTR-005,110.7779,4.6157,7.6268,1.497,24,13.69,0,Autumn
2023-10-26,MTR-006,169.7864,7.0744,11.9042,2.3604,24,13.69,0,Autumn
2023-10-26,MTR-007,37.1899,1.5496,2.3004,0.583,24,13.69,0,Autumn
2023-10-26,MTR-008,117.6562,4.9023,8.5091,1.5787,24,13.69,0,Autumn
2023-10-26,MTR-009,205.5688,8.5654,14.4338,2.7661,24,13.69,0,Autumn
2023-10-26,MTR-010,38.0634,1.586,2.6532,0.5241,24,13.69,0,Autumn
2023-10-26,MTR-011,100.7427,4.1976,6.7763,1.4773,24,13.69,0,Autumn
2023-10-26,MTR-012,166.0334,6.9181,12.1603,2.0106,24,13.69,0,Autumn
2023-10-27,MTR-001,39.3713,1.6405,2.9767,0.5245,24,13.16,0,Autumn
2023-10-27,MTR-002,111.3827,4.6409,7.3777,1.5437,24,13.16,0,Autumn
2023-10-27,MTR-003,165.8236,6.9093,11.8331,2.1733,24,13.16,0,Autumn
2023-10-27,MTR-004,44.8083,1.867,3.1015,0.6057,24,13.16,0,Autumn
2023-10-27,MTR-005,102.7238,4.2802,7.1976,0.5427,24,13.16,0,Autumn
2023-10-27,MTR-006,165.0537,6.8772,12.0144,2.2673,24,13.16,0,Autumn
2023-10-27,MTR-007,38.492,1.6038,2.7658,0.4419,24,13.16,0,Autumn
2023-10-27,MTR-008,115.2359,4.8015,8.5338,1.4534,24,13.16,0,Autumn
2023-10-27,MTR-009,204.8772,8.5366,15.6113,1.8921,24,13.16,0,Autumn
2023-10-27,MTR-010,35.8577,1.4941,2.7089,0.5122,24,13.16,0,Autumn
2023-10-27,MTR-011,103.3054,4.3044,7.1853,1.429,24,13.16,0,Autumn
2023-10-27,MTR-012,164.9573,6.8732,11.1848,2.3572,24,13.16,0,Autumn
2023-10-28,MTR-001,41.5128,1.7297,2.9627,0.5567,24,13.41,1,Autumn
2023-10-28,MTR-002,78.7789,3.2825,5.4469,1.0962,24,13.41,1,Autumn
2023-10-28,MTR-003,120.0943,5.0039,8.8197,1.5632,24,13.41,1,Autumn
2023-10-28,MTR-004,48.4668,2.0194,3.4526,0.661,24,13.41,1,Autumn
2023-10-28,MTR-005,78.1392,3.2558,5.5353,1.04,24,13.41,1,Autumn
2023-10-28,MTR-006,127.5428,5.3143,8.6567,1.904,24,13.41,1,Autumn
2023-10-28,MTR-007,38.8108,1.6171,2.9086,0.5677,24,13.41,1,Autumn
2023-10-28,MTR-008,82.9501,3.4563,5.3483,1.107,24,13.41,1,Autumn
2023-10-28,MTR-009,152.1275,6.3386,10.326,2.0587,24,13.41,1,Autumn
2023-10-28,MTR-010,42.3745,1.7656,3.5115,0.567,24,13.41,1,Autumn
2023-10-28,MTR-011,79.2096,3.3004,10.0996,0.9205,24,13.41,1,Autumn
2023-10-28,MTR-012,117.669,4.9029,8.5054,1.5153,24,13.41,1,Autumn
2023-10-29,MTR-001,41.613,1.7339,2.998,0.5994,24,12.95,1,Autumn
2023-10-29,MTR-002,82.5244,3.4385,6.1647,1.043,24,12.95,1,Autumn
2023-10-29,MTR-003,119.4126,4.9755,7.9483,1.6447,24,12.95,1,Autumn
2023-10-29,MTR-004,48.9872,2.0411,3.6926,0.6969,24,12.95,1,Autumn
2023-10-29,MTR-005,75.4475,3.1436,5.9286,0.2812,24,12.95,1,Autumn
2023-10-29,MTR-006,122.765,5.1152,9.6248,1.8425,24,12.95,1,Autumn
2023-10-29,MTR-007,41.8634,1.7443,3.0456,0.5967,24,12.95,1,Autumn
2023-10-29,MTR-008,92.2405,3.8434,11.7825,1.1382,24,12.95,1,Autumn
2023-10-29,MTR-009,155.2977,6.4707,11.2443,2.0542,24,12.95,1,Autumn
2023-10-29,MTR-010,42.884,1.7868,3.0015,0.6396,24,12.95,1,Autumn
2023-10-29,MTR-011,79.3125,3.3047,8.6174,1.0486,24,12.95,1,Autumn
2023-10-29,MTR-012,121.1517,5.048,9.0596,1.7034,24,12.95,1,Autumn
2023-10-30,MTR-001,38.897,1.6207,2.8573,0.4967,24,13.11,0,Autumn
2023-10-30,MTR-002,107.9878,4.4995,7.396,1.4159,24,13.11,0,Autumn
2023-10-30,MTR-003,158.4286,6.6012,12.9195,0.4551,24,13.11,0,Autumn
2023-10-30,MTR-004,43.9008,1.8292,3.1183,0.6148,24,13.11,0,Autumn
2023-10-30,MTR-005,109.3689,4.557,7.589,1.4732,24,13.11,0,Autumn
2023-10-30,MTR-006,170.1042,7.0877,12.4341,2.2866,24,13.11,0,Autumn
2023-10-30,MTR-007,36.7662,1.5319,2.5578,0.4903,24,13.11,0,Autumn
2023-10-30,MTR-008,114.4487,4.7687,9.4263,1.3998,24,13.11,0,Autumn
2023-10-30,MTR-009,208.7536,8.6981,14.5521,2.2403,24,13.11,0,Autumn
2023-10-30,MTR-010,39.2578,1.6357,2.9753,0.5694,24,13.11,0,Autumn
2023-10-30,MTR-011,115.5454,4.8144,20.6851,0.8483,24,13.11,0,Autumn
2023-10-30,MTR-012,161.5228,6.7301,12.2261,0.8754,24,13.11,0,Autumn
2023-10-31,MTR-001,38.1667,1.5903,2.825,0.5328,24,12.46,0,Autumn
2023-10-31,MTR-002,115.3481,4.8062,7.9689,1.3952,24,12.46,0,Autumn
2023-10-31,MTR-003,166.894,6.9539,13.0775,2.3146,24,12.46,0,Autumn
2023-10-31,MTR-004,44.9477,1.8728,3.2181,0.6761,24,12.46,0,Autumn
2023-10-31,MTR-005,111.0915,4.6288,7.426,1.4684,24,12.46,0,Autumn
2023-10-31,MTR-006,174.0516,7.2522,12.5225,2.247,24,12.46,0,Autumn
2023-10-31,MTR-007,38.7077,1.6128,2.6557,0.4915,24,12.46,0,Autumn
2023-10-31,MTR-008,110.6812,4.6117,7.9693,1.5921,24,12.46,0,Autumn
2023-10-31,MTR-009,210.8101,8.7838,15.9322,3.0307,24,12.46,0,Autumn
2023-10-31,MTR-010,39.3086,1.6379,3.3718,0.5395,24,12.46,0,Autumn
2023-10-31,MTR-011,100.0549,4.169,7.9504,0.5857,24,12.46,0,Autumn
2023-10-31,MTR-012,166.7647,6.9485,13.6513,2.1556,24,12.46,0,Autumn
2023-11-01,MTR-001,39.6836,1.6535,3.1373,0.5201,24,12.77,0,Autumn
2023-11-01,MTR-002,118.3201,4.93,7.996,1.5386,24,12.77,0,Autumn
2023-11-01,MTR-003,168.7355,7.0306,11.6548,2.4155,24,12.77,0,Autumn
2023-11-01,MTR-004,46.0748,1.9198,3.3115,0.6368,24,12.77,0,Autumn
2023-11-01,MTR-005,108.6746,4.5281,7.5971,1.4535,24,12.77,0,Autumn
2023-11-01,MTR-006,173.1339,7.2139,13.2983,2.5889,24,12.77,0,Autumn
2023-11-01,MTR-007,38.5361,1.6057,2.7686,0.604,24,12.77,0,Autumn
2023-11-01,MTR-008,133.7324,5.5722,22.0284,1.6169,24,12.77,0,Autumn
2023-11-01,MTR-009,207.8723,8.6613,13.3428,2.9383,24,12.77,0,Autumn
2023-11-01,MTR-010,39.004,1.6252,2.5094,0.5441,24,12.77,0,Autumn
2023-11-01,MTR-011,99.8176,4.1591,7.1123,0.2131,24,12.77,0,Autumn
2023-11-01,MTR-012,166.4902,6.9371,12.641,2.3371,24,12.77,0,Autumn
2023-11-02,MTR-001,38.5983,1.6083,2.6142,0.5506,24,11.95,0,Autumn
2023-11-02,MTR-002,113.2878,4.7203,8.4929,1.579,24,11.95,0,Autumn
2023-11-02,MTR-003,169.4108,7.0588,11.8264,2.7752,24,11.95,0,Autumn
2023-11-02,MTR-004,43.173,1.7989,3.0999,0.1665,24,11.95,0,Autumn
2023-11-02,MTR-005,108.833,4.5347,7.4485,1.5479,24,11.95,0,Autumn
2023-11-02,MTR-006,172.3129,7.1797,13.2966,2.6671,24,11.95,0,Autumn
2023-11-02,MTR-007,38.4224,1.6009,2.9563,0.5769,24,11.95,0,Autumn
2023-11-02,MTR-008,118.4295,4.9346,8.0073,1.4782,24,11.95,0,Autumn
2023-11-02,MTR-009,209.9791,8.7491,14.812,3.1895,24,11.95,0,Autumn
2023-11-02,MTR-010,37.9764,1.5824,2.7344,0.2293,24,11.95,0,Autumn
2023-11-02,MTR-011,103.9214,4.3301,7.992,1.5308,24,11.95,0,Autumn
2023-11-02,MTR-012,169.8004,7.075,12.3873,2.106,24,11.95,0,Autumn
2023-11-03,MTR-001,38.5746,1.6073,2.9355,0.5788,24,11.83,0,Autumn
2023-11-03,MTR-002,114.4371,4.7682,8.157,1.6988,24,11.83,0,Autumn
2023-11-03,MTR-003,168.1194,7.005,10.3079,2.1811,24,11.83,0,Autumn
2023-11-03,MTR-004,46.1918,1.9247,3.2719,0.6224,24,11.83,0,Autumn
2023-11-03,MTR-005,113.3019,4.7209,7.8291,1.5266,24,11.83,0,Autumn
2023-11-03,MTR-006,175.2726,7.303,12.4266,2.3022,24,11.83,0,Autumn
2023-11-03,MTR-007,38.5126,1.6047,2.4422,0.4444,24,11.83,0,Autumn
2023-11-03,MTR-008,111.0809,4.6284,7.839,1.7337,24,11.83,0,Autumn
2023-11-03,MTR-009,214.3787,8.9324,14.1308,3.0233,24,11.83,0,Autumn
2023-11-03,MTR-010,39.6078,1.6503,2.8699,0.587,24,11.83,0,Autumn
2023-11-03,MTR-011,103.0991,4.2958,7.3582,1.443,24,11.83,0,Autumn
2023-11-03,MTR-012,166.0505,6.9188,11.9541,2.4334,24,11.83,0,Autumn
2023-11-04,MTR-001,43.4329,1.8097,2.8728,0.6285,24,11.5,1,Autumn
2023-11-04,MTR-002,82.7084,3.4462,5.4312,1.0743,24,11.5,1,Autumn
2023-11-04,MTR-003,124.7242,5.1968,9.0938,1.7441,24,11.5,1,Autumn
2023-11-04,MTR-004,48.8479,2.0353,3.1084,0.6403,24,11.5,1,Autumn
2023-11-04,MTR-005,82.4254,3.4344,6.0994,1.2138,24,11.5,1,Autumn
2023-11-04,MTR-006,123.4083,5.142,8.4265,1.7752,24,11.5,1,Autumn
2023-11-04,MTR-007,42.6403,1.7767,2.9551,0.5482,24,11.5,1,Autumn
2023-11-04,MTR-008,83.3074,3.4711,5.4106,0.2739,24,11.5,1,Autumn
2023-11-04,MTR-009,158.2398,6.5933,11.8681,1.985,24,11.5,1,Autumn
2023-11-04,MTR-010,47.8757,1.9948,5.5285,0.6054,24,11.5,1,Autumn
2023-11-04,MTR-011,75.6757,3.1532,5.4438,0.9891,24,11.5,1,Autumn
2023-11-04,MTR-012,123.0937,5.1289,8.1088,1.4002,24,11.5,1,Autumn
2023-11-05,MTR-001,42.8773,1.7866,3.2266,0.556,24,11.59,1,Autumn
2023-11-05,MTR-002,83.7403,3.4892,5.6104,1.0175,24,11.59,1,Autumn
2023-11-05,MTR-003,123.2175,5.1341,8.3145,1.6409,24,11.59,1,Autumn
2023-11-05,MTR-004,49.4332,2.0597,3.7716,0.6784,24,11.59,1,Autumn
2023-11-05,MTR-005,91.2812,3.8034,15.5453,0.9614,24,11.59,1,Autumn
2023-11-05,MTR-006,126.7712,5.2821,8.7004,1.7054,24,11.59,1,Autumn
2023-11-05,MTR-007,42.8587,1.7858,3.0892,0.5341,24,11.59,1,Autumn
2023-11-05,MTR-008,84.481,3.52,5.6691,1.253,24,11.59,1,Autumn
2023-11-05,MTR-009,150.0557,6.2523,10.1771,2.1703,24,11.59,1,Autumn
2023-11-05,MTR-010,43.9961,1.8332,3.104,0.5887,24,11.59,1,Autumn
2023-11-05,MTR-011,74.5155,3.1048,4.911,1.0413,24,11.59,1,Autumn
2023-11-05,MTR-012,120.6896,5.0287,8.2953,1.7456,24,11.59,1,Autumn
2023-11-06,MTR-001,38.1377,1.5891,2.6215,0.3217,24,11.32,0,Autumn
2023-11-06,MTR-002,114.9427,4.7893,7.7351,1.6763,24,11.32,0,Autumn
2023-11-06,MTR-003,170.7868,7.1161,12.1863,2.1294,24,11.32,0,Autumn
2023-11-06,MTR-004,45.6869,1.9036,3.1577,0.6844,24,11.32,0,Autumn
2023-11-06,MTR-005,112.7421,4.6976,7.9538,1.6619,24,11.32,0,Autumn
2023-11-06,MTR-006,172.7953,7.1998,10.8581,2.4203,24,11.32,0,Autumn
2023-11-06,MTR-007,37.426,1.5594,2.6318,0.576,24,11.32,0,Autumn
2023-11-06,MTR-008,117.8798,4.9117,8.1644,1.8489,24,11.32,0,Autumn
2023-11-06,MTR-009,214.742,8.9476,15.7015,3.3701,24,11.32,0,Autumn
2023-11-06,MTR-010,39.9204,1.6633,2.8377,0.5433,24,11.32,0,Autumn
2023-11-06,MTR-011,116.482,4.8534,16.4922,1.5895,24,11.32,0,Autumn
2023-11-06,MTR-012,170.096,7.0873,11.8963,2.2388,24,11.32,0,Autumn
2023-11-07,MTR-001,36.8372,1.5349,2.3776,0.3031,24,11.34,0,Autumn
2023-11-07,MTR-002,133.4522,5.5605,25.3568,1.5353,24,11.34,0,Autumn
2023-11-07,MTR-003,173.9766,7.249,12.1174,2.1979,24,11.34,0,Autumn
2023-11-07,MTR-004,46.031,1.918,3.3278,0.6186,24,11.34,0,Autumn
2023-11-07,MTR-005,111.9258,4.6636,8.0628,1.636,24,11.34,0,Autumn
2023-11-07,MTR-006,171.2277,7.1345,11.5735,2.3585,24,11.34,0,Autumn
2023-11-07,MTR-007,38.4038,1.6002,2.6461,0.4996,24,11.34,0,Autumn
2023-11-07,MTR-008,117.4973,4.8957,8.3454,1.563,24,11.34,0,Autumn
2023-11-07,MTR-009,217.2653,9.0527,16.1997,2.9751,24,11.34,0,Autumn
2023-11-07,MTR-010,39.464,1.6443,3.0821,0.6033,24,11.34,0,Autumn
2023-11-07,MTR-011,106.3834,4.4326,7.9433,1.386,24,11.34,0,Autumn
2023-11-07,MTR-012,173.8457,7.2436,13.5384,2.3448,24,11.34,0,Autumn
2023-11-08,MTR-001,38.9215,1.6217,3.0863,0.1403,24,10.44,0,Autumn
2023-11-08,MTR-002,120.5787,5.0241,9.3077,1.7058,24,10.44,0,Autumn
2023-11-08,MTR-003,175.9571,7.3315,12.6094,2.5719,24,10.44,0,Autumn
2023-11-08,MTR-004,47.2616,1.9692,3.2773,0.6685,24,10.44,0,Autumn
2023-11-08,MTR-005,136.2926,5.6789,28.5999,1.6291,24,10.44,0,Autumn
2023-11-08,MTR-006,170.1427,7.0893,12.035,2.5664,24,10.44,0,Autumn
2023-11-08,MTR-007,38.8534,1.6189,3.1208,0.1433,24,10.44,0,Autumn
2023-11-08,MTR-008,121.5731,5.0655,8.4422,1.7038,24,10.44,0,Autumn
2023-11-08,MTR-009,220.6568,9.194,17.3887,3.1937,24,10.44,0,Autumn
2023-11-08,MTR-010,46.4,1.9333,5.6009,0.6082,24,10.44,0,Autumn
2023-11-08,MTR-011,103.3462,4.3061,7.5688,0.8281,24,10.44,0,Autumn
2023-11-08,MTR-012,172.251,7.1771,12.3434,2.5705,24,10.44,0,Autumn
2023-11-09,MTR-001,44.8549,1.869,8.1647,0.5817,24,10.87,0,Autumn
2023-11-09,MTR-002,118.3743,4.9323,7.9558,1.5594,24,10.87,0,Autumn
2023-11-09,MTR-003,228.786,9.5328,29.4495,2.5182,24,10.87,0,Autumn
2023-11-09,MTR-004,46.7818,1.9492,3.5774,0.7282,24,10.87,0,Autumn
2023-11-09,MTR-005,152.011,6.3338,30.4495,1.5625,24,10.87,0,Autumn
2023-11-09,MTR-006,172.1294,7.1721,11.7236,2.4996,24,10.87,0,Autumn
2023-11-09,MTR-007,39.5672,1.6486,2.7314,0.557,24,10.87,0,Autumn
2023-11-09,MTR-008,112.8377,4.7016,7.98,1.6977,24,10.87,0,Autumn
2023-11-09,MTR-009,223.2845,9.3035,17.1522,3.2352,24,10.87,0,Autumn
2023-11-09,MTR-010,38.9658,1.6236,2.8103,0.1483,24,10.87,0,Autumn
2023-11-09,MTR-011,108.0254,4.5011,7.4041,1.6396,24,10.87,0,Autumn
2023-11-09,MTR-012,172.642,7.1934,13.7126,2.5307,24,10.87,0,Autumn
2023-11-10,MTR-001,39.9748,1.6656,2.7101,0.6081,24,10.99,0,Autumn
2023-11-10,MTR-002,113.4107,4.7254,7.5236,0.1684,24,10.99,0,Autumn
2023-11-10,MTR-003,171.2078,7.1337,11.2962,2.4164,24,10.99,0,Autumn
2023-11-10,MTR-004,56.0419,2.3351,11.6878,0.6952,24,10.99,0,Autumn
2023-11-10,MTR-005,112.0687,4.6695,7.8453,1.6007,24,10.99,0,Autumn
2023-11-10,MTR-006,176.2225,7.3426,12.1557,2.4677,24,10.99,0,Autumn
2023-11-10,MTR-007,38.3338,1.5972,2.8062,0.5958,24,10.99,0,Autumn
2023-11-10,MTR-008,117.2249,4.8844,8.5113,1.5751,24,10.99,0,Autumn
2023-11-10,MTR-009,217.197,9.0499,15.6429,3.2605,24,10.99,0,Autumn
2023-11-10,MTR-010,39.3365,1.639,2.6269,0.6249,24,10.99,0,Autumn
2023-11-10,MTR-011,103.7207,4.3217,7.0814,1.4545,24,10.99,0,Autumn
2023-11-10,MTR-012,169.4746,7.0614,11.4529,2.2375,24,10.99,0,Autumn
2023-11-11,MTR-001,43.2499,1.8021,2.9642,0.6322,24,10.49,1,Autumn
2023-11-11,MTR-002,90.9961,3.7915,9.7506,1.1692,24,10.49,1,Autumn
2023-11-11,MTR-003,125.6355,5.2348,8.3848,1.4726,24,10.49,1,Autumn
2023-11-11,MTR-004,51.0376,2.1266,3.841,0.688,24,10.49,1,Autumn
2023-11-11,MTR-005,81.5898,3.3996,6.0706,1.0474,24,10.49,1,Autumn
2023-11-11,MTR-006,156.2355,6.5098,17.4052,1.8301,24,10.49,1,Autumn
2023-11-11,MTR-007,42.5951,1.7748,3.0107,0.5252,24,10.49,1,Autumn
2023-11-11,MTR-008,88.8234,3.701,6.337,1.1651,24,10.49,1,Autumn
2023-11-11,MTR-009,153.1987,6.3833,11.596,1.365,24,10.49,1,Autumn
2023-11-11,MTR-010,42.0481,1.752,2.9068,0.5785,24,10.49,1,Autumn
2023-11-11,MTR-011,78.3549,3.2648,6.0273,1.0914,24,10.49,1,Autumn
2023-11-11,MTR-012,118.6688,4.9445,8.8132,0.5443,24,10.49,1,Autumn
2023-11-12,MTR-001,47.6733,1.9864,4.3635,0.5758,24,10.47,1,Autumn
2023-11-12,MTR-002,85.9643,3.5818,6.0219,1.2198,24,10.47,1,Autumn
2023-11-12,MTR-003,125.5203,5.23,9.4831,1.7602,24,10.47,1,Autumn
2023-11-12,MTR-004,50.4524,2.1022,3.4643,0.6671,24,10.47,1,Autumn
2023-11-12,MTR-005,81.4505,3.3938,6.0739,1.1226,24,10.47,1,Autumn
2023-11-12,MTR-006,132.2565,5.5107,9.1796,1.9255,24,10.47,1,Autumn
2023-11-12,MTR-007,44.438,1.8516,3.1949,0.5484,24,10.47,1,Autumn
2023-11-12,MTR-008,85.4619,3.5609,5.8438,1.1209,24,10.47,1,Autumn
2023-11-12,MTR-009,150.6087,6.2754,12.7842,0.9922,24,10.47,1,Autumn
2023-11-12,MTR-010,43.6382,1.8183,3.3178,0.5956,24,10.47,1,Autumn
2023-11-12,MTR-011,76.9218,3.2051,5.3939,1.0799,24,10.47,1,Autumn
2023-11-12,MTR-012,127.5366,5.314,9.0394,1.684,24,10.47,1,Autumn
2023-11-13,MTR-001,43.8901,1.8288,5.5668,0.5506,24,10.46,0,Autumn
2023-11-13,MTR-002,117.3813,4.8909,8.2316,1.7256,24,10.46,0,Autumn
2023-11-13,MTR-003,195.8675,8.1611,39.6216,1.0992,24,10.46,0,Autumn
2023-11-13,MTR-004,47.6591,1.9858,3.2644,0.5875,24,10.46,0,Autumn
2023-11-13,MTR-005,131.5628,5.4818,25.7999,1.657,24,10.46,0,Autumn
2023-11-13,MTR-006,177.7062,7.4044,12.1271,2.4508,24,10.46,0,Autumn
2023-11-13,MTR-007,39.7556,1.6565,2.6359,0.5168,24,10.46,0,Autumn
2023-11-13,MTR-008,120.1173,5.0049,7.6644,1.6777,24,10.46,0,Autumn
2023-11-13,MTR-009,220.5434,9.1893,15.5814,3.152,24,10.46,0,Autumn
2023-11-13,MTR-010,40.5237,1.6885,2.7041,0.6078,24,10.46,0,Autumn
2023-11-13,MTR-011,103.4436,4.3101,6.5672,1.5802,24,10.46,0,Autumn
2023-11-13,MTR-012,191.5936,7.9831,26.6979,2.3806,24,10.46,0,Autumn
2023-11-14,MTR-001,40.0222,1.6676,3.154,0.5632,24,9.9,0,Autumn
2023-11-14,MTR-002,113.9151,4.7465,8.4086,1.7151,24,9.9,0,Autumn
2023-11-14,MTR-003,208.6962,8.6957,32.351,2.5323,24,9.9,0,Autumn
2023-11-14,MTR-004,46.7883,1.9495,3.2199,0.6561,24,9.9,0,Autumn
2023-11-14,MTR-005,114.4055,4.7669,8.4069,1.0411,24,9.9,0,Autumn
2023-11-14,MTR-006,191.0219,7.9592,26.9402,2.3257,24,9.9,0,Autumn
2023-11-14,MTR-007,43.5001,1.8125,5.8282,0.5159,24,9.9,0,Autumn
2023-11-14,MTR-008,134.3699,5.5987,21.6685,1.7565,24,9.9,0,Autumn
2023-11-14,MTR-009,217.1102,9.0463,15.5124,3.3474,24,9.9,0,Autumn
2023-11-14,MTR-010,40.394,1.6831,2.6726,0.5942,24,9.9,0,Autumn
2023-11-14,MTR-011,105.6644,4.4027,8.0317,0.1109,24,9.9,0,Autumn
2023-11-14,MTR-012,164.1769,6.8407,12.1768,1.5281,24,9.9,0,Autumn
2023-11-15,MTR-001,40.2074,1.6753,2.8085,0.6013,24,9.78,0,Autumn
2023-11-15,MTR-002,115.706,4.8211,7.7813,1.6469,24,9.78,0,Autumn
2023-11-15,MTR-003,166.8265,6.9511,12.3755,0.941,24,9.78,0,Autumn
2023-11-15,MTR-004,43.9062,1.8294,3.2358,0.5841,24,9.78,0,Autumn
2023-11-15,MTR-005,115.9482,4.8312,8.6658,1.5909,24,9.78,0,Autumn
2023-11-15,MTR-006,183.5701,7.6488,12.9113,2.5493,24,9.78,0,Autumn
2023-11-15,MTR-007,38.2394,1.5933,3.1505,0.4604,24,9.78,0,Autumn
2023-11-15,MTR-008,127.2253,5.3011,13.0306,1.5973,24,9.78,0,Autumn
2023-11-15,MTR-009,217.5657,9.0652,14.0072,3.0485,24,9.78,0,Autumn
2023-11-15,MTR-010,40.809,1.7004,2.8591,0.6965,24,9.78,0,Autumn
2023-11-15,MTR-011,106.4474,4.4353,7.2213,1.671,24,9.78,0,Autumn
2023-11-15,MTR-012,173.2275,7.2178,11.0726,2.4649,24,9.78,0,Autumn
2023-11-16,MTR-001,39.885,1.6619,2.8208,0.5348,24,9.43,0,Autumn
2023-11-16,MTR-002,118.427,4.9345,8.0252,1.547,24,9.43,0,Autumn
2023-11-16,MTR-003,175.1189,7.2966,13.2437,2.3728,24,9.43,0,Autumn
2023-11-16,MTR-004,47.0486,1.9604,3.5334,0.6226,24,9.43,0,Autumn
2023-11-16,MTR-005,113.7685,4.7404,8.5008,1.5962,24,9.43,0,Autumn
2023-11-16,MTR-006,180.6262,7.5261,13.5664,2.6136,24,9.43,0,Autumn
2023-11-16,MTR-007,40.0437,1.6685,2.8647,0.5633,24,9.43,0,Autumn
2023-11-16,MTR-008,121.7608,5.0734,8.1405,1.8626,24,9.43,0,Autumn
2023-11-16,MTR-009,217.6659,9.0694,15.3899,3.0193,24,9.43,0,Autumn
2023-11-16,MTR-010,39.9831,1.666,2.7405,0.5982,24,9.43,0,Autumn
2023-11-16,MTR-011,102.6493,4.2771,7.5189,0.8394,24,9.43,0,Autumn
2023-11-16,MTR-012,174.2269,7.2595,11.5951,2.6817,24,9.43,0,Autumn
2023-11-17,MTR-001,40.6625,1.6943,2.8114,0.55,24,9.26,0,Autumn
2023-11-17,MTR-002,121.3279,5.0553,8.5753,1.5618,24,9.26,0,Autumn
2023-11-17,MTR-003,177.518,7.3966,12.3166,2.5825,24,9.26,0,Autumn
2023-11-17,MTR-004,46.3768,1.9324,3.3865,0.6255,24,9.26,0,Autumn
2023-11-17,MTR-005,116.9649,4.8735,7.7392,1.4022,24,9.26,0,Autumn
2023-11-17,MTR-006,179.494,7.4789,12.7305,2.6524,24,9.26,0,Autumn
2023-11-17,MTR-007,40.5401,1.6892,2.9346,0.0818,24,9.26,0,Autumn
2023-11-17,MTR-008,119.8457,4.9936,8.0052,1.7506,24,9.26,0,Autumn
2023-11-17,MTR-009,222.373,9.2655,16.4445,3.2962,24,9.26,0,Autumn
2023-11-17,MTR-010,41.9425,1.7476,3.1545,0.5504,24,9.26,0,Autumn
2023-11-17,MTR-011,106.6061,4.4419,8.0784,1.6018,24,9.26,0,Autumn
2023-11-17,MTR-012,177.8101,7.4088,13.4784,2.2873,24,9.26,0,Autumn
2023-11-18,MTR-001,44.7402,1.8642,3.1985,0.6623,24,9.16,1,Autumn
2023-11-18,MTR-002,86.2939,3.5956,5.9832,1.2413,24,9.16,1,Autumn
2023-11-18,MTR-003,127.5258,5.3136,8.6595,1.7888,24,9.16,1,Autumn
2023-11-18,MTR-004,48.4317,2.018,3.988,0.2202,24,9.16,1,Autumn
2023-11-18,MTR-005,86.0225,3.5843,6.2106,1.2978,24,9.16,1,Autumn
2023-11-18,MTR-006,125.961,5.2484,8.36,1.7736,24,9.16,1,Autumn
2023-11-18,MTR-007,43.3061,1.8044,2.8708,0.0335,24,9.16,1,Autumn
2023-11-18,MTR-008,87.0987,3.6291,5.3506,1.2156,24,9.16,1,Autumn
2023-11-18,MTR-009,159.9875,6.6661,11.9584,2.2621,24,9.16,1,Autumn
2023-11-18,MTR-010,44.7747,1.8656,2.9136,0.6317,24,9.16,1,Autumn
2023-11-18,MTR-011,79.3773,3.3074,5.7277,1.1098,24,9.16,1,Autumn
2023-11-18,MTR-012,127.2621,5.3026,9.0467,0.227,24,9.16,1,Autumn
2023-11-19,MTR-001,44.6658,1.8611,3.2716,0.6313,24,8.93,1,Autumn
2023-11-19,MTR-002,87.0635,3.6276,5.7924,1.2058,24,8.93,1,Autumn
2023-11-19,MTR-003,127.1958,5.2998,8.6693,1.7237,24,8.93,1,Autumn
2023-11-19,MTR-004,52.7666,2.1986,3.2957,0.6708,24,8.93,1,Autumn
2023-11-19,MTR-005,84.2104,3.5088,5.6316,1.1902,24,8.93,1,Autumn
2023-11-19,MTR-006,129.2093,5.3837,8.6824,1.927,24,8.93,1,Autumn
2023-11-19,MTR-007,42.0363,1.7515,3.0996,0.2677,24,8.93,1,Autumn
2023-11-19,MTR-008,87.4832,3.6451,5.373,1.1381,24,8.93,1,Autumn
2023-11-19,MTR-009,157.0691,6.5445,10.7282,1.8966,24,8.93,1,Autumn
2023-11-19,MTR-010,46.7296,1.9471,4.4389,0.6064,24,8.93,1,Autumn
2023-11-19,MTR-011,79.5761,3.3157,5.3042,1.1068,24,8.93,1,Autumn
2023-11-19,MTR-012,130.2143,5.4256,9.3126,1.7492,24,8.93,1,Autumn
2023-11-20,MTR-001,40.3357,1.6807,2.7197,0.5551,24,9.13,0,Autumn
2023-11-20,MTR-002,120.8523,5.0355,8.428,1.7825,24,9.13,0,Autumn
2023-11-20,MTR-003,169.1684,7.0487,12.0539,1.4035,24,9.13,0,Autumn
2023-11-20,MTR-004,48.2724,2.0113,3.2306,0.6131,24,9.13,0,Autumn
2023-11-20,MTR-005,110.9676,4.6237,8.0797,1.4749,24,9.13,0,Autumn
2023-11-20,MTR-006,168.9265,7.0386,11.9891,1.31,24,9.13,0,Autumn
2023-11-20,MTR-007,40.0325,1.668,2.7527,0.5895,24,9.13,0,Autumn
2023-11-20,MTR-008,124.1579,5.1732,8.3362,1.8392,24,9.13,0,Autumn
2023-11-20,MTR-009,227.8945,9.4956,17.0691,2.9932,24,9.13,0,Autumn
2023-11-20,MTR-010,40.5501,1.6896,2.7124,0.5986,24,9.13,0,Autumn
2023-11-20,MTR-011,109.647,4.5686,8.0077,1.5467,24,9.13,0,Autumn
2023-11-20,MTR-012,179.5024,7.4793,13.6699,2.2091,24,9.13,0,Autumn
2023-11-21,MTR-001,42.4909,1.7705,2.7328,0.5957,24,8.57,0,Autumn
2023-11-21,MTR-002,117.4376,4.8932,7.6419,0.2871,24,8.57,0,Autumn
2023-11-21,MTR-003,180.5952,7.5248,12.5271,2.4028,24,8.57,0,Autumn
2023-11-21,MTR-004,48.42,2.0175,3.7553,0.6063,24,8.57,0,Autumn
2023-11-21,MTR-005,118.3757,4.9323,7.9812,1.8919,24,8.57,0,Autumn
2023-11-21,MTR-006,181.489,7.562,11.8398,2.4469,24,8.57,0,Autumn
2023-11-21,MTR-007,41.2403,1.7183,2.8814,0.5756,24,8.57,0,Autumn
2023-11-21,MTR-008,120.2673,5.0111,9.4478,0.6964,24,8.57,0,Autumn
2023-11-21,MTR-009,223.1241,9.2968,15.2467,2.9478,24,8.57,0,Autumn
2023-11-21,MTR-010,41.1195,1.7133,2.9506,0.6093,24,8.57,0,Autumn
2023-11-21,MTR-011,109.7527,4.573,7.7914,1.541,24,8.57,0,Autumn
2023-11-21,MTR-012,177.8016,7.4084,12.8194,2.5688,24,8.57,0,Autumn
2023-11-22,MTR-001,41.0505,1.7104,3.1516,0.5909,24,9.32,0,Autumn
2023-11-22,MTR-002,138.2207,5.7592,24.7413,1.8667,24,9.32,0,Autumn
2023-11-22,MTR-003,180.994,7.5414,12.6436,2.3939,24,9.32,0,Autumn
2023-11-22,MTR-004,47.0442,1.9602,3.5945,0.6698,24,9.32,0,Autumn
2023-11-22,MTR-005,114.6172,4.7757,8.989,1.5075,24,9.32,0,Autumn
2023-11-22,MTR-006,211.7888,8.8245,44.3971,2.3551,24,9.32,0,Autumn
2023-11-22,MTR-007,40.4308,1.6846,3.1522,0.5122,24,9.32,0,Autumn
2023-11-22,MTR-008,120.6241,5.026,9.3122,1.6692,24,9.32,0,Autumn
2023-11-22,MTR-009,229.4821,9.5618,17.0446,2.94,24,9.32,0,Autumn
2023-11-22,MTR-010,41.0946,1.7123,3.0395,0.5944,24,9.32,0,Autumn
2023-11-22,MTR-011,109.7796,4.5742,7.8428,1.4551,24,9.32,0,Autumn
2023-11-22,MTR-012,177.726,7.4053,13.6975,2.6069,24,9.32,0,Autumn
2023-11-23,MTR-001,41.893,1.7455,2.8123,0.5039,24,8.57,0,Autumn
2023-11-23,MTR-002,117.11,4.8796,8.6112,1.6013,24,8.57,0,Autumn
2023-11-23,MTR-003,182.8663,7.6194,13.3008,2.5149,24,8.57,0,Autumn
2023-11-23,MTR-004,47.9829,1.9993,3.3329,0.6419,24,8.57,0,Autumn
2023-11-23,MTR-005,117.683,4.9035,8.4548,1.777,24,8.57,0,Autumn
2023-11-23,MTR-006,181.4796,7.5617,12.6373,2.6066,24,8.57,0,Autumn
2023-11-23,MTR-007,40.3518,1.6813,2.8246,0.5724,24,8.57,0,Autumn
2023-11-23,MTR-008,119.2311,4.968,8.5548,1.6451,24,8.57,0,Autumn
2023-11-23,MTR-009,225.8121,9.4088,17.0086,3.1332,24,8.57,0,Autumn
2023-11-23,MTR-010,41.5316,1.7305,2.8394,0.5965,24,8.57,0,Autumn
2023-11-23,MTR-011,111.435,4.6431,8.125,1.5448,24,8.57,0,Autumn
2023-11-23,MTR-012,181.8377,7.5766,12.8852,2.5788,24,8.57,0,Autumn
2023-11-24,MTR-001,39.9312,1.6638,2.7481,0.6297,24,8.36,0,Autumn
2023-11-24,MTR-002,122.1397,5.0892,8.4647,1.6904,24,8.36,0,Autumn
2023-11-24,MTR-003,164.2367,6.8432,13.6524,0.6857,24,8.36,0,Autumn
2023-11-24,MTR-004,48.8316,2.0346,3.6098,0.7322,24,8.36,0,Autumn
2023-11-24,MTR-005,118.173,4.9239,8.1569,1.6209,24,8.36,0,Autumn
2023-11-24,MTR-006,185.1299,7.7137,12.2377,2.9078,24,8.36,0,Autumn
2023-11-24,MTR-007,40.1104,1.6713,2.6145,0.5687,24,8.36,0,Autumn
2023-11-24,MTR-008,123.8405,5.16,9.0816,1.7314,24,8.36,0,Autumn
2023-11-24,MTR-009,225.0129,9.3755,15.6726,3.1306,24,8.36,0,Autumn
2023-11-24,MTR-010,42.7605,1.7817,2.9665,0.6024,24,8.36,0,Autumn
2023-11-24,MTR-011,112.6667,4.6944,8.1853,1.5463,24,8.36,0,Autumn
2023-11-24,MTR-012,196.0722,8.1697,28.2365,2.3691,24,8.36,0,Autumn
2023-11-25,MTR-001,47.4719,1.978,3.5097,0.6231,24,8.09,1,Autumn
2023-11-25,MTR-002,87.3433,3.6393,6.9806,1.1574,24,8.09,1,Autumn
2023-11-25,MTR-003,132.3517,5.5147,10.2606,1.7849,24,8.09,1,Autumn
2023-11-25,MTR-004,53.1851,2.216,3.9499,0.7579,24,8.09,1,Autumn
2023-11-25,MTR-005,85.2945,3.5539,5.3582,1.3077,24,8.09,1,Autumn
2023-11-25,MTR-006,130.5317,5.4388,10.2847,1.812,24,8.09,1,Autumn
2023-11-25,MTR-007,45.0991,1.8791,3.3036,0.6123,24,8.09,1,Autumn
2023-11-25,MTR-008,89.7422,3.7393,6.5465,1.1048,24,8.09,1,Autumn
2023-11-25,MTR-009,163.5,6.8125,11.1539,2.469,24,8.09,1,Autumn
2023-11-25,MTR-010,45.2556,1.8856,3.1215,0.649,24,8.09,1,Autumn
2023-11-25,MTR-011,90.9214,3.7884,15.4683,1.0311,24,8.09,1,Autumn
2023-11-25,MTR-012,129.8527,5.4105,8.7354,1.9619,24,8.09,1,Autumn
2023-11-26,MTR-001,44.5285,1.8554,3.3347,0.4811,24,7.88,1,Autumn
2023-11-26,MTR-002,87.163,3.6318,6.1514,0.15,24,7.88,1,Autumn
2023-11-26,MTR-003,124.5846,5.191,9.3172,0.9805,24,7.88,1,Autumn
2023-11-26,MTR-004,52.7719,2.1988,3.7578,0.6345,24,7.88,1,Autumn
2023-11-26,MTR-005,85.4163,3.559,6.6102,1.2836,24,7.88,1,Autumn
2023-11-26,MTR-006,136.615,5.6923,10.8367,1.9118,24,7.88,1,Autumn
2023-11-26,MTR-007,44.6105,1.8588,3.256,0.6256,24,7.88,1,Autumn
2023-11-26,MTR-008,92.1108,3.8379,6.4099,1.3845,24,7.88,1,Autumn
2023-11-26,MTR-009,163.1136,6.7964,12.5843,2.3185,24,7.88,1,Autumn
2023-11-26,MTR-010,45.2205,1.8842,3.4212,0.6644,24,7.88,1,Autumn
2023-11-26,MTR-011,81.7254,3.4052,6.1371,1.2247,24,7.88,1,Autumn
2023-11-26,MTR-012,129.863,5.411,8.4705,1.6865,24,7.88,1,Autumn
2023-11-27,MTR-001,41.3673,1.7236,2.879,0.6125,24,7.98,0,Autumn
2023-11-27,MTR-002,120.1145,5.0048,8.7373,1.6966,24,7.98,0,Autumn
2023-11-27,MTR-003,182.5685,7.607,12.2765,2.45,24,7.98,0,Autumn
2023-11-27,MTR-004,51.3918,2.1413,3.71,0.707,24,7.98,0,Autumn
2023-11-27,MTR-005,117.3864,4.8911,8.5808,1.6923,24,7.98,0,Autumn
2023-11-27,MTR-006,185.0637,7.711,14.2001,2.4653,24,7.98,0,Autumn
2023-11-27,MTR-007,38.141,1.5892,2.7992,0.199,24,7.98,0,Autumn
2023-11-27,MTR-008,146.061,6.0859,27.7461,1.5912,24,7.98,0,Autumn
2023-11-27,MTR-009,225.5312,9.3971,16.8468,3.0753,24,7.98,0,Autumn
2023-11-27,MTR-010,41.5508,1.7313,3.0286,0.5438,24,7.98,0,Autumn
2023-11-27,MTR-011,109.666,4.5694,7.3772,1.4841,24,7.98,0,Autumn
2023-11-27,MTR-012,180.5345,7.5223,13.3765,2.6437,24,7.98,0,Autumn
2023-11-28,MTR-001,40.0605,1.6692,3.0518,0.1234,24,8.38,0,Autumn
2023-11-28,MTR-002,118.6872,4.9453,8.1344,1.642,24,8.38,0,Autumn
2023-11-28,MTR-003,181.3144,7.5548,13.9605,2.6181,24,8.38,0,Autumn
2023-11-28,MTR-004,50.5473,2.1061,5.2813,0.2641,24,8.38,0,Autumn
2023-11-28,MTR-005,120.1098,5.0046,9.4182,0.3595,24,8.38,0,Autumn
2023-11-28,MTR-006,184.986,7.7078,14.3788,2.3932,24,8.38,0,Autumn
2023-11-28,MTR-007,40.5974,1.6916,2.8389,0.5148,24,8.38,0,Autumn
2023-11-28,MTR-008,121.9519,5.0813,7.9924,1.8551,24,8.38,0,Autumn
2023-11-28,MTR-009,203.2111,8.4671,14.7369,0.7082,24,8.38,0,Autumn
2023-11-28,MTR-010,41.2576,1.7191,2.8885,0.5992,24,8.38,0,Autumn
2023-11-28,MTR-011,112.7675,4.6986,8.3658,1.6726,24,8.38,0,Autumn
2023-11-28,MTR-012,183.2434,7.6351,12.6163,2.63,24,8.38,0,Autumn
2023-11-29,MTR-001,42.6411,1.7767,3.11,0.5738,24,7.74,0,Autumn
2023-11-29,MTR-002,119.4194,4.9758,8.4117,0.4277,24,7.74,0,Autumn
2023-11-29,MTR-003,185.0349,7.7098,14.1202,2.3363,24,7.74,0,Autumn
2023-11-29,MTR-004,56.2398,2.3433,9.7498,0.6959,24,7.74,0,Autumn
2023-11-29,MTR-005,118.9956,4.9582,9.3245,1.5785,24,7.74,0,Autumn
2023-11-29,MTR-006,187.7638,7.8235,13.8926,2.5572,24,7.74,0,Autumn
2023-11-29,MTR-007,40.678,1.6949,2.9176,0.6088,24,7.74,0,Autumn
2023-11-29,MTR-008,124.9186,5.2049,8.5256,1.8131,24,7.74,0,Autumn
2023-11-29,MTR-009,228.4822,9.5201,16.9691,3.4487,24,7.74,0,Autumn
2023-11-29,MTR-010,42.887,1.787,3.1288,0.6134,24,7.74,0,Autumn
2023-11-29,MTR-011,115.1174,4.7966,8.3308,1.5917,24,7.74,0,Autumn
2023-11-29,MTR-012,181.1018,7.5459,13.3089,2.5718,24,7.74,0,Autumn
2023-11-30,MTR-001,43.0385,1.7933,3.1399,0.5145,24,7.98,0,Autumn
2023-11-30,MTR-002,119.9601,4.9983,8.7614,1.5953,24,7.98,0,Autumn
2023-11-30,MTR-003,200.3201,8.3467,29.1557,2.6689,24,7.98,0,Autumn
2023-11-30,MTR-004,48.3575,2.0149,3.4831,0.682,24,7.98,0,Autumn
2023-11-30,MTR-005,119.6105,4.9838,7.8892,1.7716,24,7.98,0,Autumn
2023-11-30,MTR-006,178.6136,7.4422,11.2886,2.7462,24,7.98,0,Autumn
2023-11-30,MTR-007,40.0148,1.6673,2.9481,0.165,24,7.98,0,Autumn
2023-11-30,MTR-008,122.4174,5.1007,9.0999,1.7976,24,7.98,0,Autumn
2023-11-30,MTR-009,223.4372,9.3099,15.3392,3.1289,24,7.98,0,Autumn
2023-11-30,MTR-010,41.5147,1.7298,3.1574,0.542,24,7.98,0,Autumn
2023-11-30,MTR-011,111.04,4.6267,7.5621,1.5701,24,7.98,0,Autumn
2023-11-30,MTR-012,198.125,8.2552,25.9401,2.6284,24,7.98,0,Autumn
2023-12-01,MTR-001,42.4604,1.7692,2.7227,0.6476,24,7.47,0,Winter
2023-12-01,MTR-002,138.7035,5.7793,20.3068,1.6585,24,7.47,0,Winter
2023-12-01,MTR-003,185.009,7.7087,12.663,2.5241,24,7.47,0,Winter
2023-12-01,MTR-004,49.0877,2.0453,3.5765,0.6114,24,7.47,0,Winter
2023-12-01,MTR-005,114.4352,4.7681,7.8649,0.3789,24,7.47,0,Winter
2023-12-01,MTR-006,217.9797,9.0825,44.7646,2.6365,24,7.47,0,Winter
2023-12-01,MTR-007,41.9638,1.7485,2.928,0.6015,24,7.47,0,Winter
2023-12-01,MTR-008,123.5643,5.1485,8.3089,1.5876,24,7.47,0,Winter
2023-12-01,MTR-009,230.937,9.6224,17.3237,3.3241,24,7.47,0,Winter
2023-12-01,MTR-010,41.8377,1.7432,2.8255,0.5939,24,7.47,0,Winter
2023-12-01,MTR-011,121.5048,5.0627,10.9094,1.4585,24,7.47,0,Winter
2023-12-01,MTR-012,184.3719,7.6822,11.6984,2.3406,24,7.47,0,Winter
2023-12-02,MTR-001,44.5108,1.8546,3.3421,0.5783,24,8.08,1,Winter
2023-12-02,MTR-002,94.3665,3.9319,11.3799,1.1423,24,8.08,1,Winter
2023-12-02,MTR-003,132.4301,5.5179,9.1047,1.8466,24,8.08,1,Winter
2023-12-02,MTR-004,52.4214,2.1842,3.7603,0.6742,24,8.08,1,Winter
2023-12-02,MTR-005,83.8479,3.4937,5.787,1.1678,24,8.08,1,Winter
2023-12-02,MTR-006,136.0471,5.6686,9.636,1.6847,24,8.08,1,Winter
2023-12-02,MTR-007,43.7528,1.823,3.2366,0.5838,24,8.08,1,Winter
2023-12-02,MTR-008,103.8692,4.3279,17.7446,1.2363,24,8.08,1,Winter
2023-12-02,MTR-009,164.0558,6.8357,11.4121,2.1818,24,8.08,1,Winter
2023-12-02,MTR-010,44.243,1.8435,3.0825,0.609,24,8.08,1,Winter
2023-12-02,MTR-011,79.6771,3.3199,5.8256,1.0641,24,8.08,1,Winter
2023-12-02,MTR-012,129.5771,5.399,8.5627,1.6168,24,8.08,1,Winter
2023-12-03,MTR-001,56.3555,2.3481,12.5696,0.6414,24,7.72,1,Winter
2023-12-03,MTR-002,88.7896,3.6996,5.8827,1.04,24,7.72,1,Winter
2023-12-03,MTR-003,130.7645,5.4485,8.8546,1.9128,24,7.72,1,Winter
2023-12-03,MTR-004,53.5231,2.2301,3.6628,0.7043,24,7.72,1,Winter
2023-12-03,MTR-005,80.0393,3.335,5.6846,0.77,24,7.72,1,Winter
2023-12-03,MTR-006,132.0917,5.5038,8.6451,1.624,24,7.72,1,Winter
2023-12-03,MTR-007,45.9717,1.9155,3.0784,0.5099,24,7.72,1,Winter
2023-12-03,MTR-008,99.0961,4.129,15.5558,1.2668,24,7.72,1,Winter
2023-12-03,MTR-009,169.2645,7.0527,11.9962,2.0536,24,7.72,1,Winter
2023-12-03,MTR-010,46.5726,1.9405,3.2685,0.5557,24,7.72,1,Winter
2023-12-03,MTR-011,83.1898,3.4662,5.7696,1.2211,24,7.72,1,Winter
2023-12-03,MTR-012,131.0406,5.46,9.0363,1.7398,24,7.72,1,Winter
2023-12-04,MTR-001,43.5461,1.8144,3.0416,0.5954,24,7.15,0,Winter
2023-12-04,MTR-002,120.8626,5.0359,8.483,1.7574,24,7.15,0,Winter
2023-12-04,MTR-003,182.583,7.6076,12.6251,2.4641,24,7.15,0,Winter
2023-12-04,MTR-004,49.5796,2.0658,3.5354,0.6295,24,7.15,0,Winter
2023-12-04,MTR-005,122.7937,5.1164,8.9619,1.4139,24,7.15,0,Winter
2023-12-04,MTR-006,193.6584,8.0691,14.1314,2.2112,24,7.15,0,Winter
2023-12-04,MTR-007,42.0128,1.7505,3.234,0.5384,24,7.15,0,Winter
2023-12-04,MTR-008,114.9353,4.789,8.3603,0.408,24,7.15,0,Winter
2023-12-04,MTR-009,230.5709,9.6071,15.988,3.059,24,7.15,0,Winter
2023-12-04,MTR-010,43.1743,1.7989,2.727,0.571,24,7.15,0,Winter
2023-12-04,MTR-011,110.0113,4.5838,8.6445,1.6223,24,7.15,0,Winter
2023-12-04,MTR-012,182.8629,7.6193,12.6638,2.7384,24,7.15,0,Winter
2023-12-05,MTR-001,41.2419,1.7184,2.798,0.596,24,7.26,0,Winter
2023-12-05,MTR-002,122.607,5.1086,8.9493,1.8568,24,7.26,0,Winter
2023-12-05,MTR-003,207.9333,8.6639,31.3428,2.5764,24,7.26,0,Winter
2023-12-05,MTR-004,49.0448,2.0435,3.65,0.7206,24,7.26,0,Winter
2023-12-05,MTR-005,122.781,5.1159,8.2291,1.73,24,7.26,0,Winter
2023-12-05,MTR-006,186.1186,7.7549,12.9924,2.904,24,7.26,0,Winter
2023-12-05,MTR-007,41.9416,1.7476,3.0567,0.6155,24,7.26,0,Winter
2023-12-05,MTR-008,126.7916,5.283,9.1655,1.7385,24,7.26,0,Winter
2023-12-05,MTR-009,237.3608,9.89,17.0641,3.1727,24,7.26,0,Winter
2023-12-05,MTR-010,41.6602,1.7358,2.8214,0.6344,24,7.26,0,Winter
2023-12-05,MTR-011,114.0262,4.7511,7.4695,1.597,24,7.26,0,Winter
2023-12-05,MTR-012,179.0943,7.4623,12.8524,2.543,24,7.26,0,Winter
2023-12-06,MTR-001,42.9478,1.7895,3.1296,0.5816,24,6.61,0,Winter
2023-12-06,MTR-002,128.3108,5.3463,8.9912,1.6804,24,6.61,0,Winter
2023-12-06,MTR-003,185.5858,7.7327,13.0928,2.3757,24,6.61,0,Winter
2023-12-06,MTR-004,50.9886,2.1245,3.5179,0.7346,24,6.61,0,Winter
2023-12-06,MTR-005,120.846,5.0352,8.7096,1.6918,24,6.61,0,Winter
2023-12-06,MTR-006,186.4897,7.7704,13.1747,2.7558,24,6.61,0,Winter
2023-12-06,MTR-007,42.4769,1.7699,2.9789,0.5371,24,6.61,0,Winter
2023-12-06,MTR-008,127.3215,5.3051,8.5324,1.8037,24,6.61,0,Winter
2023-12-06,MTR-009,236.2865,9.8453,15.8697,3.513,24,6.61,0,Winter
2023-12-06,MTR-010,44.0942,1.8373,3.0788,0.5908,24,6.61,0,Winter
2023-12-06,MTR-011,122.8399,5.1183,14.3862,1.5634,24,6.61,0,Winter
2023-12-06,MTR-012,185.5963,7.7332,12.9138,2.5287,24,6.61,0,Winter
2023-12-07,MTR-001,41.3247,1.7219,2.7844,0.5835,24,6.91,0,Winter
2023-12-07,MTR-002,121.5485,5.0645,7.9641,1.5259,24,6.91,0,Winter
2023-12-07,MTR-003,189.7276,7.9053,14.0478,2.3907,24,6.91,0,Winter
2023-12-07,MTR-004,51.1199,2.13,3.8701,0.6444,24,6.91,0,Winter
2023-12-07,MTR-005,120.8463,5.0353,8.7908,1.5593,24,6.91,0,Winter
2023-12-07,MTR-006,181.6191,7.5675,14.6191,0.629,24,6.91,0,Winter
2023-12-07,MTR-007,39.9212,1.6634,2.7533,0.566,24,6.91,0,Winter
2023-12-07,MTR-008,137.0881,5.712,18.2787,1.5691,24,6.91,0,Winter
2023-12-07,MTR-009,233.2344,9.7181,15.9653,3.1652,24,6.91,0,Winter
2023-12-07,MTR-010,42.3692,1.7654,3.0096,0.5897,24,6.91,0,Winter
2023-12-07,MTR-011,113.6477,4.7353,8.077,1.5363,24,6.91,0,Winter
2023-12-07,MTR-012,214.1055,8.9211,38.443,2.6317,24,6.91,0,Winter
2023-12-08,MTR-001,45.2863,1.8869,3.4779,0.5705,24,6.56,0,Winter
2023-12-08,MTR-002,119.7379,4.9891,7.9124,0.6015,24,6.56,0,Winter
2023-12-08,MTR-003,187.3432,7.806,13.5262,2.4454,24,6.56,0,Winter
2023-12-08,MTR-004,59.8327,2.493,11.994,0.7397,24,6.56,0,Winter
2023-12-08,MTR-005,127.5736,5.3156,9.1655,1.87,24,6.56,0,Winter
2023-12-08,MTR-006,185.0845,7.7119,13.1791,0.412,24,6.56,0,Winter
2023-12-08,MTR-007,44.2338,1.8431,2.9488,0.6088,24,6.56,0,Winter
2023-12-08,MTR-008,124.461,5.1859,8.5424,1.6194,24,6.56,0,Winter
2023-12-08,MTR-009,232.9936,9.7081,16.3371,3.231,24,6.56,0,Winter
2023-12-08,MTR-010,43.9485,1.8312,3.3784,0.6242,24,6.56,0,Winter
2023-12-08,MTR-011,116.1689,4.8404,7.9437,1.595,24,6.56,0,Winter
2023-12-08,MTR-012,179.5239,7.4802,12.841,0.5577,24,6.56,0,Winter
2023-12-09,MTR-001,46.0301,1.9179,3.2229,0.5854,24,6.6,1,Winter
2023-12-09,MTR-002,86.4779,3.6032,6.1478,1.3616,24,6.6,1,Winter
2023-12-09,MTR-003,161.2958,6.7207,34.4056,1.9177,24,6.6,1,Winter
2023-12-09,MTR-004,53.1146,2.2131,3.3767,0.7395,24,6.6,1,Winter
2023-12-09,MTR-005,86.4451,3.6019,6.4834,0.4373,24,6.6,1,Winter
2023-12-09,MTR-006,138.1542,5.7564,8.7388,2.0645,24,6.6,1,Winter
2023-12-09,MTR-007,46.1715,1.9238,3.1237,0.5994,24,6.6,1,Winter
2023-12-09,MTR-008,92.5395,3.8558,6.3802,1.3488,24,6.6,1,Winter
2023-12-09,MTR-009,170.6745,7.1114,11.5581,2.4897,24,6.6,1,Winter
2023-12-09,MTR-010,47.0217,1.9592,3.468,0.6667,24,6.6,1,Winter
2023-12-09,MTR-011,83.421,3.4759,5.461,1.1558,24,6.6,1,Winter
2023-12-09,MTR-012,132.5644,5.5235,9.8326,1.8391,24,6.6,1,Winter
2023-12-10,MTR-001,47.7148,1.9881,3.3147,0.6897,24,6.81,1,Winter
2023-12-10,MTR-002,86.8445,3.6185,6.1572,0.4245,24,6.81,1,Winter
2023-12-10,MTR-003,131.8348,5.4931,9.6849,1.7781,24,6.81,1,Winter
2023-12-10,MTR-004,60.3656,2.5152,8.323,0.8479,24,6.81,1,Winter
2023-12-10,MTR-005,106.8645,4.4527,24.7748,1.3285,24,6.81,1,Winter
2023-12-10,MTR-006,135.788,5.6578,9.1622,1.985,24,6.81,1,Winter
2023-12-10,MTR-007,46.2989,1.9291,3.224,0.618,24,6.81,1,Winter
2023-12-10,MTR-008,92.2455,3.8436,6.6891,0.5134,24,6.81,1,Winter
2023-12-10,MTR-009,169.1404,7.0475,12.9715,2.1858,24,6.81,1,Winter
2023-12-10,MTR-010,44.2647,1.8444,3.4991,0.119,24,6.81,1,Winter
2023-12-10,MTR-011,76.6574,3.1941,5.7941,0.5693,24,6.81,1,Winter
2023-12-10,MTR-012,136.3178,5.6799,9.8207,1.9503,24,6.81,1,Winter
2023-12-11,MTR-001,42.7181,1.7799,3.3426,0.5289,24,6.57,0,Winter
2023-12-11,MTR-002,127.8217,5.3259,8.9082,1.7581,24,6.57,0,Winter
2023-12-11,MTR-003,180.1547,7.5064,13.1814,2.392,24,6.57,0,Winter
2023-12-11,MTR-004,57.6482,2.402,9.2965,0.7008,24,6.57,0,Winter
2023-12-11,MTR-005,120.4151,5.0173,8.4865,0.1728,24,6.57,0,Winter
2023-12-11,MTR-006,191.1644,7.9652,14.7913,2.8194,24,6.57,0,Winter
2023-12-11,MTR-007,41.634,1.7347,2.7763,0.5836,24,6.57,0,Winter
2023-12-11,MTR-008,122.1335,5.0889,8.9757,0.5151,24,6.57,0,Winter
2023-12-11,MTR-009,263.9939,10.9997,41.1946,3.0538,24,6.57,0,Winter
2023-12-11,MTR-010,48.3187,2.0133,7.2429,0.5828,24,6.57,0,Winter
2023-12-11,MTR-011,109.9324,4.5805,7.9354,0.9202,24,6.57,0,Winter
2023-12-11,MTR-012,186.9872,7.7911,12.8089,2.6944,24,6.57,0,Winter
2023-12-12,MTR-001,43.5521,1.8147,2.9298,0.6352,24,6.22,0,Winter
2023-12-12,MTR-002,126.7731,5.2822,8.7293,1.6635,24,6.23,0,Winter
2023-12-12,MTR-003,186.4368,7.7682,13.072,2.7936,24,6.23,0,Winter
2023-12-12,MTR-004,51.3873,2.1411,3.5373,0.6729,24,6.23,0,Winter
2023-12-12,MTR-005,125.6623,5.2359,8.7731,1.6476,24,6.23,0,Winter
2023-12-12,MTR-006,193.5023,8.0626,14.7238,2.6448,24,6.23,0,Winter
2023-12-12,MTR-007,48.8285,2.0345,8.4474,0.6431,24,6.22,0,Winter
2023-12-12,MTR-008,125.6995,5.2375,9.0289,1.7564,24,6.23,0,Winter
2023-12-12,MTR-009,234.4462,9.7686,16.4359,3.3661,24,6.22,0,Winter
2023-12-12,MTR-010,43.4769,1.8115,2.9067,0.6416,24,6.22,0,Winter
2023-12-12,MTR-011,123.2901,5.1371,10.2555,1.6205,24,6.23,0,Winter
2023-12-12,MTR-012,189.9681,7.9153,13.8784,2.523,24,6.23,0,Winter
2023-12-13,MTR-001,42.4551,1.769,3.0424,0.5553,24,6.55,0,Winter
2023-12-13,MTR-002,122.6,5.1083,8.5557,1.5651,24,6.55,0,Winter
2023-12-13,MTR-003,186.3986,7.7666,12.5301,2.9108,24,6.55,0,Winter
2023-12-13,MTR-004,49.5734,2.0656,3.4622,0.6638,24,6.55,0,Winter
2023-12-13,MTR-005,130.0583,5.4191,8.9721,1.688,24,6.55,0,Winter
2023-12-13,MTR-006,189.2456,7.8852,12.3018,2.6447,24,6.55,0,Winter
2023-12-13,MTR-007,42.0709,1.753,2.9302,0.5769,24,6.55,0,Winter
2023-12-13,MTR-008,131.0458,5.4602,8.7545,1.9746,24,6.55,0,Winter
2023-12-13,MTR-009,232.6616,9.6942,15.931,3.2806,24,6.55,0,Winter
2023-12-13,MTR-010,42.4204,1.7675,2.859,0.6116,24,6.55,0,Winter
2023-12-13,MTR-011,113.3992,4.725,7.4806,1.665,24,6.55,0,Winter
2023-12-13,MTR-012,177.8149,7.409,12.7278,2.0316,24,6.55,0,Winter
2023-12-14,MTR-001,44.373,1.8489,2.9362,0.5741,24,5.64,0,Winter
2023-12-14,MTR-002,116.1669,4.8403,8.6764,0.4577,24,5.64,0,Winter
2023-12-14,MTR-003,188.011,7.8338,13.5788,2.7208,24,5.64,0,Winter
2023-12-14,MTR-004,56.8446,2.3685,8.5618,0.6603,24,5.64,0,Winter
2023-12-14,MTR-005,124.4568,5.1857,8.3137,1.7077,24,5.64,0,Winter
2023-12-14,MTR-006,188.9327,7.8722,12.4329,2.4341,24,5.64,0,Winter
2023-12-14,MTR-007,43.1829,1.7993,2.7945,0.6258,24,5.64,0,Winter
2023-12-14,MTR-008,134.068,5.5862,9.2163,1.7313,24,5.64,0,Winter
2023-12-14,MTR-009,272.3267,11.3469,47.7201,3.3455,24,5.64,0,Winter
2023-12-14,MTR-010,44.591,1.858,3.2008,0.6475,24,5.64,0,Winter
2023-12-14,MTR-011,119.5084,4.9795,8.9335,1.7659,24,5.64,0,Winter
2023-12-14,MTR-012,200.2525,8.3439,17.431,2.5606,24,5.64,0,Winter
2023-12-15,MTR-001,43.0998,1.7958,2.8133,0.6235,24,6.19,0,Winter
2023-12-15,MTR-002,124.0129,5.1672,8.8936,1.7504,24,6.19,0,Winter
2023-12-15,MTR-003,189.2401,7.885,12.8408,2.3482,24,6.19,0,Winter
2023-12-15,MTR-004,51.462,2.1443,3.5614,0.7482,24,6.19,0,Winter
2023-12-15,MTR-005,123.1473,5.1311,8.6618,1.68,24,6.19,0,Winter
2023-12-15,MTR-006,191.7292,7.9887,12.8193,2.6769,24,6.19,0,Winter
2023-12-15,MTR-007,42.6551,1.7773,2.9293,0.6341,24,6.19,0,Winter
2023-12-15,MTR-008,125.6847,5.2369,9.3501,1.7075,24,6.19,0,Winter
2023-12-15,MTR-009,247.8847,10.3285,24.3416,3.232,24,6.19,0,Winter
2023-12-15,MTR-010,43.0155,1.7923,2.8274,0.6419,24,6.19,0,Winter
2023-12-15,MTR-011,123.1651,5.1319,17.6242,1.5579,24,6.19,0,Winter
2023-12-15,MTR-012,186.1299,7.7554,12.399,2.4446,24,6.19,0,Winter
2023-12-16,MTR-001,47.8499,1.9937,3.4594,0.6175,24,6.1,1,Winter
2023-12-16,MTR-002,91.5103,3.8129,6.4469,1.274,24,6.1,1,Winter
2023-12-16,MTR-003,148.8698,6.2029,17.706,2.0195,24,6.1,1,Winter
2023-12-16,MTR-004,53.9435,2.2476,3.5735,0.7057,24,6.1,1,Winter
2023-12-16,MTR-005,87.9462,3.6644,6.4964,1.2722,24,6.1,1,Winter
2023-12-16,MTR-006,136.7503,5.6979,9.319,2.1274,24,6.1,1,Winter
2023-12-16,MTR-007,45.4486,1.8937,3.1342,0.6872,24,6.1,1,Winter
2023-12-16,MTR-008,109.8648,4.5777,23.9339,1.2875,24,6.1,1,Winter
2023-12-16,MTR-009,168.4395,7.0183,12.6618,2.4235,24,6.1,1,Winter
2023-12-16,MTR-010,46.9427,1.9559,3.5138,0.5897,24,6.1,1,Winter
2023-12-16,MTR-011,88.8536,3.7022,10.5037,1.0693,24,6.1,1,Winter
2023-12-16,MTR-012,134.9454,5.6227,9.0566,1.9579,24,6.1,1,Winter
2023-12-17,MTR-001,46.5477,1.9395,3.3652,0.6233,24,6.43,1,Winter
2023-12-17,MTR-002,88.512,3.688,6.2279,1.2821,24,6.43,1,Winter
2023-12-17,MTR-003,136.8654,5.7027,10.4196,2.0331,24,6.43,1,Winter
2023-12-17,MTR-004,63.9444,2.6644,12.1036,0.7955,24,6.43,1,Winter
2023-12-17,MTR-005,87.8476,3.6603,6.0281,0.9169,24,6.43,1,Winter
2023-12-17,MTR-006,136.9926,5.708,9.4079,1.8446,24,6.43,1,Winter
2023-12-17,MTR-007,44.2877,1.8453,2.993,0.1191,24,6.43,1,Winter
2023-12-17,MTR-008,93.9064,3.9128,6.4797,1.0745,24,6.43,1,Winter
2023-12-17,MTR-009,170.4016,7.1001,12.4579,2.3479,24,6.43,1,Winter
2023-12-17,MTR-010,44.8451,1.8685,3.2431,0.3461,24,6.43,1,Winter
2023-12-17,MTR-011,81.1498,3.3812,5.4904,1.0756,24,6.43,1,Winter
2023-12-17,MTR-012,134.1887,5.5912,9.0319,1.9183,24,6.43,1,Winter
2023-12-18,MTR-001,43.0917,1.7955,2.8357,0.5568,24,6.16,0,Winter
2023-12-18,MTR-002,128.5766,5.3574,8.5217,1.8273,24,6.16,0,Winter
2023-12-18,MTR-003,201.3838,8.391,25.4604,2.5379,24,6.16,0,Winter
2023-12-18,MTR-004,51.6017,2.1501,3.5943,0.6773,24,6.16,0,Winter
2023-12-18,MTR-005,122.6633,5.111,8.2157,1.7233,24,6.16,0,Winter
2023-12-18,MTR-006,187.9182,7.8299,13.2783,2.5817,24,6.16,0,Winter
2023-12-18,MTR-007,42.2705,1.7613,3.059,0.5587,24,6.16,0,Winter
2023-12-18,MTR-008,125.2873,5.2203,8.5324,1.6954,24,6.16,0,Winter
2023-12-18,MTR-009,236.5258,9.8552,16.678,2.7137,24,6.16,0,Winter
2023-12-18,MTR-010,43.7173,1.8216,2.9317,0.6105,24,6.16,0,Winter
2023-12-18,MTR-011,121.6188,5.0675,8.7111,1.6396,24,6.16,0,Winter
2023-12-18,MTR-012,185.8238,7.7427,13.4879,2.5391,24,6.16,0,Winter
2023-12-19,MTR-001,43.0914,1.7955,2.9812,0.5648,24,5.72,0,Winter
2023-12-19,MTR-002,126.3105,5.2629,8.3978,1.9517,24,5.72,0,Winter
2023-12-19,MTR-003,183.5041,7.646,13.2175,2.2453,24,5.72,0,Winter
2023-12-19,MTR-004,50.2952,2.0956,3.8105,0.6919,24,5.72,0,Winter
2023-12-19,MTR-005,140.0381,5.8349,18.4269,1.7419,24,5.72,0,Winter
2023-12-19,MTR-006,190.0451,7.9185,12.7395,2.5314,24,5.72,0,Winter
2023-12-19,MTR-007,44.6097,1.8587,3.037,0.6787,24,5.72,0,Winter
2023-12-19,MTR-008,128.6452,5.3602,8.7858,1.8789,24,5.72,0,Winter
2023-12-19,MTR-009,238.8536,9.9522,17.6401,3.281,24,5.72,0,Winter
2023-12-19,MTR-010,42.9605,1.79,3.0454,0.6057,24,5.72,0,Winter
2023-12-19,MTR-011,122.6427,5.1101,9.599,1.5206,24,5.72,0,Winter
2023-12-19,MTR-012,188.8697,7.8696,13.7971,2.402,24,5.72,0,Winter
2023-12-20,MTR-001,43.2183,1.8008,3.1375,0.5563,24,5.72,0,Winter
2023-12-20,MTR-002,128.3655,5.3486,9.4784,1.6742,24,5.72,0,Winter
2023-12-20,MTR-003,192.5082,8.0212,12.4407,2.8072,24,5.72,0,Winter
2023-12-20,MTR-004,50.3104,2.0963,3.8536,0.6677,24,5.72,0,Winter
2023-12-20,MTR-005,129.5093,5.3962,9.6376,1.7061,24,5.72,0,Winter
2023-12-20,MTR-006,197.6958,8.2373,13.5348,2.528,24,5.72,0,Winter
2023-12-20,MTR-007,42.0233,1.751,3.1454,0.5773,24,5.72,0,Winter
2023-12-20,MTR-008,127.1731,5.2989,8.7108,1.6666,24,5.72,0,Winter
2023-12-20,MTR-009,260.4087,10.8504,29.3136,3.3136,24,5.72,0,Winter
2023-12-20,MTR-010,47.8925,1.9955,6.3361,0.6028,24,5.72,0,Winter
2023-12-20,MTR-011,116.1215,4.8384,8.5447,1.3946,24,5.72,0,Winter
2023-12-20,MTR-012,188.3563,7.8482,13.2398,0.4162,24,5.72,0,Winter
2023-12-21,MTR-001,53.1302,2.2138,11.988,0.5482,24,5.85,0,Winter
2023-12-21,MTR-002,140.834,5.8681,19.702,1.7462,24,5.85,0,Winter
2023-12-21,MTR-003,191.8333,7.9931,14.2722,2.553,24,5.85,0,Winter
2023-12-21,MTR-004,51.4508,2.1438,3.7198,0.7285,24,5.85,0,Winter
2023-12-21,MTR-005,123.7768,5.1574,9.1673,1.825,24,5.84,0,Winter
2023-12-21,MTR-006,192.0998,8.0042,13.7878,2.8309,24,5.85,0,Winter
2023-12-21,MTR-007,42.5642,1.7735,3.1081,0.5645,24,5.85,0,Winter
2023-12-21,MTR-008,129.0992,5.3791,9.0797,1.8126,24,5.85,0,Winter
2023-12-21,MTR-009,237.4208,9.8925,15.7058,3.4293,24,5.85,0,Winter
2023-12-21,MTR-010,42.8846,1.7869,2.8309,0.6112,24,5.84,0,Winter
2023-12-21,MTR-011,116.2938,4.8456,8.8143,1.5829,24,5.84,0,Winter
2023-12-21,MTR-012,213.6853,8.9036,37.813,2.2049,24,5.84,0,Winter
2023-12-22,MTR-001,42.6941,1.7789,2.7932,0.5599,24,6.22,0,Winter
2023-12-22,MTR-002,147.9391,6.1641,34.5239,1.736,24,6.22,0,Winter
2023-12-22,MTR-003,189.9295,7.9137,13.9688,2.6567,24,6.22,0,Winter
2023-12-22,MTR-004,51.7448,2.156,3.7132,0.7227,24,6.22,0,Winter
2023-12-22,MTR-005,121.258,5.0524,7.8779,1.6842,24,6.22,0,Winter
2023-12-22,MTR-006,194.1699,8.0904,14.6554,2.5148,24,6.22,0,Winter
2023-12-22,MTR-007,42.6658,1.7777,3.2862,0.6355,24,6.22,0,Winter
2023-12-22,MTR-008,126.4147,5.2673,9.2821,1.2679,24,6.22,0,Winter
2023-12-22,MTR-009,235.8476,9.827,15.963,3.2841,24,6.22,0,Winter
2023-12-22,MTR-010,57.5481,2.3978,10.524,0.5648,24,6.22,0,Winter
2023-12-22,MTR-011,118.0365,4.9182,8.6513,1.5546,24,6.22,0,Winter
2023-12-22,MTR-012,183.4865,7.6453,13.321,2.4589,24,6.22,0,Winter
2023-12-23,MTR-001,47.973,1.9989,3.1823,0.7,24,4.83,1,Winter
2023-12-23,MTR-002,93.3246,3.8885,6.8895,1.2586,24,4.83,1,Winter
2023-12-23,MTR-003,137.7056,5.7377,9.2115,2.0227,24,4.83,1,Winter
2023-12-23,MTR-004,55.7339,2.3222,3.7596,0.8015,24,4.83,1,Winter
2023-12-23,MTR-005,91.5387,3.8141,6.2309,1.1479,24,4.83,1,Winter
2023-12-23,MTR-006,141.8894,5.9121,9.5498,1.8331,24,4.83,1,Winter
2023-12-23,MTR-007,48.3268,2.0136,3.4011,0.5903,24,4.83,1,Winter
2023-12-23,MTR-008,98.1758,4.0907,6.3437,1.295,24,4.83,1,Winter
2023-12-23,MTR-009,181.7149,7.5715,17.497,2.4065,24,4.83,1,Winter
2023-12-23,MTR-010,47.2136,1.9672,3.3549,0.667,24,4.83,1,Winter
2023-12-23,MTR-011,84.5765,3.524,6.272,1.1283,24,4.83,1,Winter
2023-12-23,MTR-012,149.857,6.244,21.3133,1.8392,24,4.83,1,Winter
2023-12-24,MTR-001,48.0054,2.0002,3.5289,0.7014,24,5.21,1,Winter
2023-12-24,MTR-002,88.9587,3.7066,6.5807,1.1727,24,5.21,1,Winter
2023-12-24,MTR-003,130.892,5.4538,10.0543,0.7652,24,5.21,1,Winter
2023-12-24,MTR-004,56.4249,2.351,4.0791,0.7884,24,5.21,1,Winter
2023-12-24,MTR-005,85.4662,3.5611,6.3941,0.3292,24,5.21,1,Winter
2023-12-24,MTR-006,137.4715,5.728,9.1434,1.6921,24,5.21,1,Winter
2023-12-24,MTR-007,46.4279,1.9345,3.2587,0.7017,24,5.21,1,Winter
2023-12-24,MTR-008,96.9429,4.0393,7.021,1.262,24,5.21,1,Winter
2023-12-24,MTR-009,196.3455,8.1811,28.8768,2.1333,24,5.21,1,Winter
2023-12-24,MTR-010,55.8477,2.327,12.5119,0.38,24,5.21,1,Winter
2023-12-24,MTR-011,85.0423,3.5434,6.286,1.1748,24,5.21,1,Winter
2023-12-24,MTR-012,139.0263,5.7928,10.3899,1.9713,24,5.21,1,Winter
2023-12-25,MTR-001,44.1004,1.8375,3.5092,0.6044,24,5.46,0,Winter
2023-12-25,MTR-002,129.141,5.3809,9.461,1.73,24,5.46,0,Winter
2023-12-25,MTR-003,212.2643,8.8443,31.7824,2.6389,24,5.46,0,Winter
2023-12-25,MTR-004,51.8249,2.1594,3.7204,0.7174,24,5.46,0,Winter
2023-12-25,MTR-005,125.043,5.2101,8.7015,1.6425,24,5.46,0,Winter
2023-12-25,MTR-006,195.3241,8.1385,13.9767,2.6125,24,5.46,0,Winter
2023-12-25,MTR-007,44.1326,1.8389,3.0838,0.5652,24,5.46,0,Winter
2023-12-25,MTR-008,131.1851,5.466,9.7045,1.7808,24,5.46,0,Winter
2023-12-25,MTR-009,242.3683,10.0987,17.0808,3.2399,24,5.46,0,Winter
2023-12-25,MTR-010,43.0936,1.7956,3.3518,0.5829,24,5.46,0,Winter
2023-12-25,MTR-011,115.1858,4.7994,8.0099,1.4544,24,5.46,0,Winter
2023-12-25,MTR-012,228.3445,9.5144,44.2428,2.6925,24,5.46,0,Winter
2023-12-26,MTR-001,44.3026,1.8459,3.4147,0.1673,24,5.1,0,Winter
2023-12-26,MTR-002,135.2233,5.6343,16.7856,1.7146,24,5.1,0,Winter
2023-12-26,MTR-003,190.2292,7.9262,12.1194,2.8442,24,5.1,0,Winter
2023-12-26,MTR-004,51.1169,2.1299,3.3907,0.7099,24,5.1,0,Winter
2023-12-26,MTR-005,135.4222,5.6426,18.6174,1.6862,24,5.1,0,Winter
2023-12-26,MTR-006,200.1229,8.3385,13.2827,2.432,24,5.1,0,Winter
2023-12-26,MTR-007,43.7348,1.8223,3.1391,0.5737,24,5.1,0,Winter
2023-12-26,MTR-008,128.334,5.3473,9.808,1.7694,24,5.1,0,Winter
2023-12-26,MTR-009,243.7114,10.1546,16.2818,3.3729,24,5.1,0,Winter
2023-12-26,MTR-010,42.7296,1.7804,3.1205,0.515,24,5.1,0,Winter
2023-12-26,MTR-011,118.6489,4.9437,8.2743,1.6571,24,5.1,0,Winter
2023-12-26,MTR-012,190.3747,7.9323,14.3169,2.5921,24,5.1,0,Winter
2023-12-27,MTR-001,44.4985,1.8541,3.1662,0.5527,24,5.26,0,Winter
2023-12-27,MTR-002,131.8191,5.4925,10.1128,1.873,24,5.26,0,Winter
2023-12-27,MTR-003,189.9143,7.9131,14.0059,2.5539,24,5.26,0,Winter
2023-12-27,MTR-004,53.6684,2.2362,4.0614,0.6559,24,5.26,0,Winter
2023-12-27,MTR-005,125.2524,5.2188,8.966,1.5597,24,5.26,0,Winter
2023-12-27,MTR-006,199.5896,8.3162,14.9621,2.3529,24,5.26,0,Winter
2023-12-27,MTR-007,47.5252,1.9802,5.3678,0.6374,24,5.26,0,Winter
2023-12-27,MTR-008,142.5211,5.9384,14.3716,1.6071,24,5.26,0,Winter
2023-12-27,MTR-009,239.2655,9.9694,17.8097,3.1516,24,5.26,0,Winter
2023-12-27,MTR-010,44.6787,1.8616,2.989,0.6008,24,5.26,0,Winter
2023-12-27,MTR-011,118.1494,4.9229,10.2362,1.6046,24,5.26,0,Winter
2023-12-27,MTR-012,185.6053,7.7336,14.0101,1.418,24,5.26,0,Winter
2023-12-28,MTR-001,50.1798,2.0908,7.4887,0.5891,24,5.25,0,Winter
2023-12-28,MTR-002,128.4148,5.3506,9.1102,1.578,24,5.25,0,Winter
2023-12-28,MTR-003,187.7097,7.8212,13.6744,2.5375,24,5.25,0,Winter
2023-12-28,MTR-004,50.9918,2.1247,3.598,0.6651,24,5.25,0,Winter
2023-12-28,MTR-005,126.6242,5.276,9.7673,1.7851,24,5.25,0,Winter
2023-12-28,MTR-006,196.8773,8.2032,23.1414,1.4493,24,5.25,0,Winter
2023-12-28,MTR-007,44.4246,1.851,3.1056,0.5588,24,5.25,0,Winter
2023-12-28,MTR-008,128.5841,5.3577,8.6164,1.8886,24,5.25,0,Winter
2023-12-28,MTR-009,242.6037,10.1085,18.8367,3.3563,24,5.25,0,Winter
2023-12-28,MTR-010,43.4546,1.8106,3.0814,0.6149,24,5.25,0,Winter
2023-12-28,MTR-011,115.3525,4.8064,8.3457,0.2708,24,5.25,0,Winter
2023-12-28,MTR-012,194.0363,8.0848,14.2872,2.4421,24,5.25,0,Winter
2023-12-29,MTR-001,44.668,1.8612,3.2955,0.6352,24,5.46,0,Winter
2023-12-29,MTR-002,126.5445,5.2727,9.3959,1.9549,24,5.46,0,Winter
2023-12-29,MTR-003,222.9362,9.289,46.0708,2.5896,24,5.46,0,Winter
2023-12-29,MTR-004,49.252,2.0522,3.7165,0.4365,24,5.46,0,Winter
2023-12-29,MTR-005,122.5316,5.1055,8.4177,1.5426,24,5.46,0,Winter
2023-12-29,MTR-006,195.5794,8.1491,13.9707,2.5715,24,5.46,0,Winter
2023-12-29,MTR-007,42.8518,1.7855,3.2129,0.5786,24,5.46,0,Winter
2023-12-29,MTR-008,128.5574,5.3566,8.5349,1.9394,24,5.46,0,Winter
2023-12-29,MTR-009,237.3345,9.8889,15.4933,2.9404,24,5.46,0,Winter
2023-12-29,MTR-010,42.4725,1.7697,3.1428,0.5897,24,5.46,0,Winter
2023-12-29,MTR-011,117.0959,4.879,7.6227,1.5031,24,5.46,0,Winter
2023-12-29,MTR-012,194.303,8.096,12.5505,2.9158,24,5.46,0,Winter
2023-12-30,MTR-001,47.4173,1.9757,3.1709,0.6328,24,4.88,1,Winter
2023-12-30,MTR-002,93.4755,3.8948,6.36,1.2727,24,4.88,1,Winter
2023-12-30,MTR-003,138.0438,5.7518,10.494,1.7965,24,4.88,1,Winter
2023-12-30,MTR-004,56.1579,2.3399,3.7311,0.691,24,4.88,1,Winter
2023-12-30,MTR-005,92.6841,3.8618,6.3421,1.3301,24,4.88,1,Winter
2023-12-30,MTR-006,145.7147,6.0714,9.7326,2.1787,24,4.88,1,Winter
2023-12-30,MTR-007,48.1072,2.0045,3.4571,0.6261,24,4.88,1,Winter
2023-12-30,MTR-008,92.2353,3.8431,6.4721,1.1109,24,4.88,1,Winter
2023-12-30,MTR-009,174.36,7.265,12.2626,2.4879,24,4.88,1,Winter
2023-12-30,MTR-010,45.3462,1.8894,3.2809,0.4261,24,4.88,1,Winter
2023-12-30,MTR-011,87.7066,3.6544,6.1316,1.0742,24,4.88,1,Winter
2023-12-30,MTR-012,132.7566,5.5315,8.9652,0.7083,24,4.88,1,Winter
