date,weather_condition,temperature_band,avg_temperature,avg_humidity,total_consumption,avg_consumption,reading_count
2023-01-01,Clear,Very Cold,3.23,87.02,145.6197,4.045,36
2023-01-01,Clear,Cold,7.36,75.04,235.7945,4.9124,48
2023-01-01,Cloudy,Very Cold,0.67,87.46,149.4525,3.1136,48
2023-01-01,Cloudy,Cold,9.04,76.51,162.7845,4.5218,36
2023-01-01,Fog,Cold,9.86,76.38,116.2055,4.8419,24
2023-01-01,Fog,Very Cold,3.48,75.91,20.1819,1.6818,12
2023-01-01,Rain,Cold,7.77,85.35,161.7032,4.4918,36
2023-01-01,Snow,Very Cold,0.34,84.06,37.0355,1.5431,24
2023-01-01,Snow,Cold,5.08,71.46,67.8378,5.6532,12
2023-01-01,Storm,Cold,8.3,80.61,44.2532,3.6878,12
2023-01-02,Clear,Very Cold,4.04,74.19,83.9074,6.9923,12
2023-01-02,Clear,Cold,7.52,80.21,192.3151,5.3421,36
2023-01-02,Cloudy,Very Cold,1.7,85.27,156.6175,2.6103,60
2023-01-02,Cloudy,Cold,6.09,90.85,82.8274,6.9023,12
2023-01-02,Fog,Very Cold,1.93,82.79,174.2274,4.8397,36
2023-01-02,Fog,Cold,9.13,82.51,422.2978,7.0383,60
2023-01-02,Rain,Very Cold,2.69,86.0,82.836,6.903,12
2023-01-02,Rain,Cold,7.16,88.07,169.0312,7.043,24
2023-01-02,Snow,Very Cold,3.29,85.75,80.9502,3.3729,24
2023-01-02,Storm,Cold,7.86,69.91,82.2195,6.8516,12
2023-01-03,Clear,Cold,7.99,82.19,463.8458,6.4423,72
2023-01-03,Clear,Very Cold,3.99,79.27,84.8973,7.0748,12
2023-01-03,Cloudy,Cold,7.04,75.91,140.3688,5.8487,24
2023-01-03,Cloudy,Very Cold,0.55,87.43,111.6465,3.1013,36
2023-01-03,Fog,Very Cold,0.97,83.68,21.8149,1.8179,12
2023-01-03,Rain,Very Cold,3.27,76.17,24.8836,2.0736,12
2023-01-03,Rain,Cold,8.21,80.54,242.2774,6.7299,36
2023-01-03,Snow,Cold,5.6,79.46,78.0,6.5,12
2023-01-03,Snow,Very Cold,-1.05,87.74,137.7259,3.8257,36
2023-01-03,Storm,Very Cold,3.94,86.19,120.7268,5.0303,24
2023-01-03,Storm,Cold,9.31,77.12,132.7576,11.0631,12
2023-01-04,Clear,Cold,6.89,71.09,143.9847,5.9994,24
2023-01-04,Clear,Very Cold,4.39,75.15,84.196,7.0163,12
2023-01-04,Cloudy,Cold,9.07,78.26,198.1898,5.5053,36
2023-01-04,Cloudy,Very Cold,1.03,82.58,201.3944,4.1957,48
2023-01-04,Fog,Cold,7.06,74.38,156.7436,6.531,24
2023-01-04,Fog,Very Cold,1.91,86.45,180.0375,5.001,36
2023-01-04,Rain,Cold,8.42,76.76,162.6223,6.7759,24
2023-01-04,Snow,Very Cold,0.06,85.39,236.1641,3.9361,60
2023-01-04,Storm,Cold,9.82,78.53,171.3314,7.1388,24
2023-01-05,Clear,Very Cold,3.64,88.74,93.3302,3.8888,24
2023-01-05,Clear,Cold,8.22,81.66,291.7768,6.0787,48
2023-01-05,Cloudy,Cold,8.11,77.34,370.312,7.7148,48
2023-01-05,Cloudy,Very Cold,1.3,86.92,105.2969,4.3874,24
2023-01-05,Fog,Very Cold,1.29,87.34,146.3372,4.0649,36
2023-01-05,Fog,Cold,8.47,86.35,128.6798,5.3617,24
2023-01-05,Rain,Cold,9.58,74.81,96.2901,8.0242,12
2023-01-05,Rain,Very Cold,2.81,89.01,84.5005,7.0417,12
2023-01-05,Snow,Very Cold,1.68,79.38,140.8939,2.9353,48
2023-01-05,Storm,Very Cold,4.08,79.75,85.7404,7.145,12
2023-01-06,Clear,Cold,7.63,75.95,157.1019,4.3639,36
2023-01-06,Clear,Very Cold,4.67,81.13,20.5111,1.7093,12
2023-01-06,Cloudy,Cold,7.76,78.66,337.672,7.0348,48
2023-01-06,Cloudy,Very Cold,2.38,87.62,186.7924,5.1887,36
2023-01-06,Fog,Cold,9.66,85.3,180.1033,7.5043,24
2023-01-06,Fog,Very Cold,-1.06,82.65,102.8048,4.2835,24
2023-01-06,Rain,Cold,8.51,83.01,217.9432,6.054,36
2023-01-06,Snow,Very Cold,0.62,85.32,176.7094,3.6814,48
2023-01-06,Storm,Very Cold,2.93,84.02,150.6311,6.2763,24
2023-01-07,Clear,Very Cold,3.33,85.1,145.2499,4.0347,36
2023-01-07,Clear,Cold,10.21,78.66,151.6982,6.3208,24
2023-01-07,Cloudy,Cold,8.29,76.71,401.7676,4.7829,84
2023-01-07,Cloudy,Very Cold,1.42,83.67,103.4481,2.8736,36
2023-01-07,Fog,Very Cold,0.94,87.02,122.8586,2.5596,48
2023-01-07,Fog,Cold,5.72,69.05,54.8796,4.5733,12
2023-01-07,Rain,Very Cold,4.96,85.31,21.2694,1.7725,12
2023-01-07,Rain,Cold,7.25,77.84,160.0317,4.4453,36
2023-01-08,Clear,Very Cold,2.99,87.98,84.241,3.51,24
2023-01-08,Clear,Cold,9.53,80.75,281.6696,4.6945,60
2023-01-08,Cloudy,Very Cold,2.4,86.8,238.9142,3.9819,60
2023-01-08,Cloudy,Cold,8.42,81.93,106.3533,4.4314,24
2023-01-08,Fog,Very Cold,3.57,74.24,62.6344,5.2195,12
2023-01-08,Rain,Cold,7.65,70.11,218.2435,6.0623,36
2023-01-08,Rain,Very Cold,2.64,87.63,30.3557,2.5296,12
2023-01-08,Snow,Very Cold,-0.29,85.17,95.3913,1.9873,48
2023-01-08,Storm,Very Cold,4.84,77.59,58.6363,4.8864,12
2023-01-09,Clear,Very Cold,2.86,76.88,224.5269,4.6776,48
2023-01-09,Clear,Cold,8.23,73.17,337.1369,7.0237,48
2023-01-09,Cloudy,Cold,9.59,78.48,132.4452,5.5186,24
2023-01-09,Cloudy,Very Cold,1.17,91.29,164.186,4.5607,36
2023-01-09,Fog,Cold,13.86,74.02,93.2759,7.773,12
2023-01-09,Fog,Very Cold,1.84,84.41,109.2326,4.5514,24
2023-01-09,Rain,Cold,8.57,83.78,176.4324,7.3514,24
2023-01-09,Snow,Cold,7.89,85.52,60.3084,5.0257,12
2023-01-09,Snow,Very Cold,-1.45,84.55,23.0883,1.924,12
2023-01-09,Storm,Very Cold,4.16,80.17,216.7845,4.5163,48
2023-01-10,Clear,Cold,11.31,81.51,136.7954,5.6998,24
2023-01-10,Cloudy,Very Cold,1.01,84.36,172.1165,4.781,36
2023-01-10,Fog,Cold,9.24,74.27,82.5577,6.8798,12
2023-01-10,Fog,Very Cold,2.4,81.61,155.4704,4.3186,36
2023-01-10,Rain,Very Cold,2.35,84.96,83.9797,6.9983,12
2023-01-10,Rain,Cold,7.91,75.45,533.2323,6.348,84
2023-01-10,Snow,Very Cold,-1.12,84.04,184.9832,3.0831,60
2023-01-10,Snow,Cold,6.78,67.25,62.5049,5.2087,12
2023-01-10,Storm,Cold,11.3,70.58,98.0372,8.1698,12
2023-01-11,Clear,Very Cold,4.31,77.59,119.262,4.9693,24
2023-01-11,Clear,Cold,8.25,83.22,322.4638,6.718,48
2023-01-11,Cloudy,Cold,7.62,76.83,383.5738,6.3929,60
2023-01-11,Cloudy,Very Cold,3.1,83.73,141.8388,5.9099,24
2023-01-11,Fog,Very Cold,0.17,90.08,103.2695,4.3029,24
2023-01-11,Fog,Cold,12.36,85.04,72.619,6.0516,12
2023-01-11,Rain,Cold,6.39,87.61,74.3362,6.1947,12
2023-01-11,Snow,Very Cold,-0.23,83.06,148.6565,2.4776,60
2023-01-11,Storm,Cold,9.47,69.54,148.5209,6.1884,24
2023-01-12,Clear,Cold,8.33,84.24,383.1098,6.3852,60
2023-01-12,Clear,Very Cold,3.95,82.81,130.3359,5.4307,24
2023-01-12,Cloudy,Cold,7.69,73.5,79.0102,6.5842,12
2023-01-12,Cloudy,Very Cold,1.59,84.81,112.3286,4.6804,24
2023-01-12,Fog,Cold,7.39,83.3,264.6124,7.3503,36
2023-01-12,Fog,Very Cold,-1.59,89.34,28.3776,2.3648,12
2023-01-12,Rain,Very Cold,3.63,86.07,36.8687,3.0724,12
2023-01-12,Rain,Cold,10.48,80.13,212.6121,8.8588,24
2023-01-12,Snow,Very Cold,0.62,89.11,219.6483,3.6608,60
2023-01-12,Storm,Very Cold,3.15,82.78,104.578,4.3574,24
2023-01-13,Clear,Very Cold,3.65,84.58,191.516,5.3199,36
2023-01-13,Clear,Cold,8.11,80.35,273.1331,7.587,36
2023-01-13,Cloudy,Cold,11.61,78.63,170.1259,7.0886,24
2023-01-13,Cloudy,Very Cold,3.48,87.61,175.5769,4.8771,36
2023-01-13,Fog,Very Cold,2.78,80.3,20.1245,1.677,12
2023-01-13,Rain,Very Cold,3.01,80.42,116.0367,4.8349,24
2023-01-13,Rain,Cold,8.55,79.52,402.035,5.5838,72
2023-01-13,Snow,Very Cold,1.34,85.83,143.8598,2.9971,48
2023-01-14,Clear,Very Cold,2.95,81.31,94.5078,3.9378,24
2023-01-14,Clear,Cold,7.36,76.94,110.4456,4.6019,24
2023-01-14,Cloudy,Cold,7.55,79.31,342.4005,5.7067,60
2023-01-14,Cloudy,Very Cold,1.62,86.17,130.1629,3.6156,36
2023-01-14,Fog,Very Cold,-0.9,76.31,20.3829,1.6986,12
2023-01-14,Rain,Cold,9.62,75.95,285.9682,4.7661,60
2023-01-14,Rain,Very Cold,3.89,80.49,35.7615,1.4901,24
2023-01-14,Snow,Very Cold,-0.84,80.8,106.6445,2.9623,36
2023-01-14,Storm,Cold,5.6,77.66,73.8993,6.1583,12
2023-01-15,Clear,Cold,7.86,81.77,257.1463,5.3572,48
2023-01-15,Clear,Very Cold,3.31,79.19,78.3585,3.2649,24
2023-01-15,Cloudy,Cold,9.09,81.29,272.6076,4.5435,60
2023-01-15,Fog,Very Cold,2.28,85.76,45.5764,1.899,24
2023-01-15,Fog,Cold,7.42,75.11,46.9758,3.9147,12
2023-01-15,Rain,Very Cold,3.18,89.51,65.4601,5.455,12
2023-01-15,Rain,Cold,10.22,72.46,51.4138,4.2845,12
2023-01-15,Snow,Very Cold,0.19,82.26,194.7617,2.705,72
2023-01-15,Storm,Cold,10.23,72.97,146.5958,6.1082,24
2023-01-16,Clear,Very Cold,4.01,79.3,126.266,5.2611,24
2023-01-16,Clear,Cold,9.37,77.92,506.3666,7.0329,72
2023-01-16,Cloudy,Cold,8.32,80.17,243.718,6.7699,36
2023-01-16,Cloudy,Very Cold,0.6,76.74,100.233,4.1764,24
2023-01-16,Fog,Very Cold,1.19,84.48,117.9492,2.4573,48
2023-01-16,Rain,Very Cold,4.45,79.84,132.8755,5.5365,24
2023-01-16,Rain,Cold,6.08,78.88,137.7042,5.7377,24
2023-01-16,Snow,Very Cold,0.17,77.23,173.8568,4.8294,36
2023-01-17,Clear,Cold,8.2,80.25,380.8587,6.3476,60
2023-01-17,Cloudy,Cold,11.66,73.63,170.6677,7.1112,24
2023-01-17,Cloudy,Very Cold,1.69,84.7,416.1445,4.9541,84
2023-01-17,Fog,Very Cold,0.62,81.29,74.4727,3.103,24
2023-01-17,Fog,Cold,12.25,78.34,71.0182,5.9182,12
2023-01-17,Rain,Cold,8.03,83.68,159.9601,6.665,24
2023-01-17,Rain,Very Cold,2.05,90.62,27.9772,2.3314,12
2023-01-17,Snow,Very Cold,0.01,83.23,171.0865,4.7524,36
2023-01-17,Storm,Cold,5.46,77.48,81.2576,6.7715,12
2023-01-18,Clear,Cold,9.26,81.67,556.866,5.8007,96
2023-01-18,Clear,Very Cold,2.9,90.68,21.7126,1.8094,12
2023-01-18,Cloudy,Very Cold,1.63,85.09,245.2221,3.4059,72
2023-01-18,Cloudy,Cold,5.62,78.38,221.0933,6.1415,36
2023-01-18,Rain,Very Cold,4.18,81.42,83.4755,6.9563,12
2023-01-18,Rain,Cold,6.72,73.87,196.7118,8.1963,24
2023-01-18,Snow,Very Cold,0.64,90.14,187.9732,5.2215,36
2023-01-19,Clear,Very Cold,4.15,80.31,168.0387,4.6677,36
2023-01-19,Clear,Cold,8.35,76.98,318.4737,6.6349,48
2023-01-19,Cloudy,Very Cold,1.8,83.58,99.0572,2.7516,36
2023-01-19,Cloudy,Cold,5.75,85.03,141.5432,5.8976,24
2023-01-19,Fog,Cold,6.47,80.75,220.8724,6.1353,36
2023-01-19,Fog,Very Cold,2.41,81.48,82.7748,3.449,24
2023-01-19,Rain,Cold,10.03,77.47,267.5905,7.4331,36
2023-01-19,Snow,Very Cold,1.22,78.76,142.3218,5.9301,24
2023-01-19,Storm,Very Cold,3.21,71.91,66.8578,2.7857,24
2023-01-20,Clear,Cold,8.69,75.51,316.9357,6.6028,48
2023-01-20,Clear,Very Cold,2.32,80.96,76.169,2.1158,36
2023-01-20,Cloudy,Cold,8.11,77.57,414.0943,6.9016,60
2023-01-20,Cloudy,Very Cold,2.05,75.42,59.3943,4.9495,12
2023-01-20,Fog,Very Cold,1.16,91.33,143.6072,3.9891,36
2023-01-20,Rain,Cold,8.22,76.8,305.5233,6.3651,48
2023-01-20,Snow,Very Cold,0.38,79.07,66.7623,2.7818,24
2023-01-20,Storm,Cold,5.54,88.75,126.4824,5.2701,24
2023-01-21,Clear,Very Cold,2.52,85.84,49.2477,2.052,24
2023-01-21,Clear,Cold,8.51,75.87,44.632,3.7193,12
2023-01-21,Cloudy,Very Cold,-0.16,86.84,83.7861,2.3274,36
2023-01-21,Cloudy,Cold,8.84,84.58,406.2067,5.6418,72
2023-01-21,Fog,Very Cold,-0.83,86.46,73.6545,3.0689,24
2023-01-21,Fog,Cold,7.71,78.26,97.249,4.052,24
2023-01-21,Rain,Cold,8.18,76.14,221.9728,4.6244,48
2023-01-21,Snow,Very Cold,-0.34,88.39,124.9245,3.4701,36
2023-01-21,Storm,Cold,8.0,73.65,55.944,4.662,12
2023-01-22,Clear,Cold,6.05,75.61,181.2109,5.0336,36
2023-01-22,Clear,Very Cold,3.53,80.49,141.6475,2.951,48
2023-01-22,Cloudy,Very Cold,2.4,74.1,126.9601,3.5267,36
2023-01-22,Cloudy,Cold,6.48,77.72,156.4541,4.3459,36
2023-01-22,Fog,Cold,8.45,80.02,205.0206,5.695,36
2023-01-22,Rain,Cold,7.72,76.36,134.6595,5.6108,24
2023-01-22,Snow,Very Cold,1.0,84.58,64.6721,1.7964,36
2023-01-22,Storm,Cold,9.58,74.18,114.5783,4.7741,24
2023-01-22,Storm,Very Cold,2.19,97.96,47.4515,3.9543,12
2023-01-23,Clear,Very Cold,2.15,87.05,21.3227,1.7769,12
2023-01-23,Clear,Cold,8.37,81.68,170.2368,7.0932,24
2023-01-23,Cloudy,Very Cold,2.92,84.8,138.9677,3.8602,36
2023-01-23,Cloudy,Cold,7.73,78.04,388.0424,6.4674,60
2023-01-23,Fog,Cold,10.08,77.52,67.635,5.6362,12
2023-01-23,Rain,Cold,9.17,73.96,237.2441,6.5901,36
2023-01-23,Rain,Very Cold,4.71,80.84,186.628,5.1841,36
2023-01-23,Snow,Very Cold,0.98,80.78,153.8226,3.2046,48
2023-01-23,Storm,Very Cold,2.3,88.35,59.5037,4.9586,12
2023-01-23,Storm,Cold,5.45,71.15,78.1644,6.5137,12
2023-01-24,Clear,Cold,7.11,79.44,168.4825,7.0201,24
2023-01-24,Clear,Very Cold,3.52,81.14,232.6322,6.462,36
2023-01-24,Cloudy,Cold,8.81,71.63,167.733,4.6593,36
2023-01-24,Cloudy,Very Cold,1.0,82.32,25.2681,2.1057,12
2023-01-24,Fog,Very Cold,0.87,83.38,192.5922,4.0123,48
2023-01-24,Fog,Cold,8.48,82.63,64.0024,5.3335,12
2023-01-24,Rain,Very Cold,4.75,86.04,79.231,6.6026,12
2023-01-24,Rain,Cold,8.97,78.59,475.6153,6.6058,72
2023-01-24,Snow,Very Cold,0.28,82.61,95.5283,2.6536,36
2023-01-25,Clear,Very Cold,4.46,83.86,80.8335,6.7361,12
2023-01-25,Clear,Cold,8.69,76.4,429.4821,5.965,72
2023-01-25,Cloudy,Very Cold,-0.45,79.36,99.3573,2.7599,36
2023-01-25,Cloudy,Cold,8.22,75.54,225.6132,6.267,36
2023-01-25,Fog,Very Cold,1.75,83.58,178.9935,4.972,36
2023-01-25,Fog,Cold,7.85,83.46,138.306,5.7627,24
2023-01-25,Rain,Cold,6.47,78.36,205.9643,8.5818,24
2023-01-25,Rain,Very Cold,2.76,83.85,59.1388,4.9282,12
2023-01-25,Snow,Very Cold,1.39,85.68,78.5519,3.273,24
2023-01-25,Storm,Very Cold,3.35,83.79,34.2918,2.8576,12
2023-01-26,Clear,Cold,9.88,77.14,327.4197,6.8212,48
2023-01-26,Clear,Very Cold,3.83,80.71,45.9159,1.9132,24
2023-01-26,Cloudy,Cold,7.71,75.46,80.5333,6.7111,12
2023-01-26,Cloudy,Very Cold,1.49,83.54,84.4108,3.5171,24
2023-01-26,Fog,Very Cold,0.58,77.66,35.4896,2.9575,12
2023-01-26,Rain,Cold,7.84,83.73,270.2651,7.5074,36
2023-01-26,Rain,Very Cold,3.16,83.6,289.6364,6.0341,48
2023-01-26,Snow,Very Cold,0.4,81.57,103.9599,2.8878,36
2023-01-26,Storm,Cold,8.3,79.77,275.9376,5.7487,48
2023-01-27,Clear,Very Cold,4.16,77.19,38.0604,3.1717,12
2023-01-27,Clear,Cold,5.94,81.31,249.4851,5.1976,48
2023-01-27,Cloudy,Very Cold,0.75,88.35,81.8759,2.2743,36
2023-01-27,Cloudy,Cold,9.28,74.67,296.5575,6.1783,48
2023-01-27,Fog,Cold,5.44,76.91,80.2419,6.6868,12
2023-01-27,Rain,Very Cold,2.39,88.54,149.2588,6.2191,24
2023-01-27,Rain,Cold,9.01,85.79,376.9788,6.283,60
2023-01-27,Snow,Very Cold,0.15,87.98,125.5024,3.4862,36
2023-01-27,Storm,Cold,9.55,80.27,73.4076,6.1173,12
2023-01-28,Clear,Very Cold,2.28,89.15,54.9238,2.2885,24
2023-01-28,Clear,Cold,9.18,77.45,547.6888,4.5641,120
2023-01-28,Cloudy,Cold,9.96,77.27,136.8845,5.7035,24
2023-01-28,Cloudy,Very Cold,3.62,75.69,28.6292,2.3858,12
2023-01-28,Fog,Cold,8.49,73.85,77.7283,6.4774,12
2023-01-28,Rain,Cold,8.05,83.65,58.4196,4.8683,12
2023-01-28,Snow,Very Cold,0.28,81.44,233.8494,2.7839,84
2023-01-29,Clear,Very Cold,2.77,78.43,29.0128,2.4177,12
2023-01-29,Clear,Cold,8.6,75.77,348.1626,4.8356,72
2023-01-29,Cloudy,Very Cold,0.92,83.13,155.4066,3.2376,48
2023-01-29,Cloudy,Cold,8.46,78.56,316.3163,5.2719,60
2023-01-29,Fog,Very Cold,0.41,78.4,109.5155,3.0421,36
2023-01-29,Rain,Very Cold,2.69,78.89,16.216,1.3513,12
2023-01-29,Snow,Very Cold,-1.53,84.34,49.3692,4.1141,12
2023-01-29,Storm,Cold,9.56,74.3,106.3865,4.4328,24
2023-01-29,Storm,Very Cold,3.2,77.72,21.7159,1.8097,12
2023-01-30,Clear,Very Cold,4.59,88.74,28.244,2.3537,12
2023-01-30,Clear,Cold,9.52,77.8,487.7526,6.7743,72
2023-01-30,Cloudy,Very Cold,-0.33,89.05,189.807,3.9543,48
2023-01-30,Cloudy,Cold,9.0,89.43,71.4692,5.9558,12
2023-01-30,Fog,Cold,10.22,68.99,127.4701,10.6225,12
2023-01-30,Fog,Very Cold,0.4,93.13,42.7995,3.5666,12
2023-01-30,Rain,Cold,8.04,76.63,287.5873,5.9914,48
2023-01-30,Rain,Very Cold,2.1,81.38,61.1592,5.0966,12
2023-01-30,Snow,Very Cold,2.4,90.36,138.4965,3.8471,36
2023-01-30,Storm,Cold,5.42,83.57,116.8873,4.8703,24
2023-01-31,Clear,Very Cold,4.01,84.1,139.7588,3.8822,36
2023-01-31,Clear,Cold,7.98,75.04,223.5227,6.209,36
2023-01-31,Cloudy,Cold,8.84,77.65,354.2825,5.9047,60
2023-01-31,Cloudy,Very Cold,-0.34,86.36,138.9062,3.8585,36
2023-01-31,Fog,Very Cold,-0.26,81.77,22.8948,1.9079,12
2023-01-31,Fog,Cold,10.49,73.38,215.67,5.9908,36
2023-01-31,Rain,Cold,8.76,78.56,300.4423,6.2592,48
2023-01-31,Snow,Very Cold,-0.59,100.0,57.8106,4.8176,12
2023-01-31,Storm,Very Cold,2.64,75.67,25.3043,2.1087,12
2023-02-01,Clear,Cold,8.94,80.09,433.0251,6.0142,72
2023-02-01,Cloudy,Cold,9.52,76.68,362.7329,6.0455,60
2023-02-01,Cloudy,Very Cold,1.16,85.66,129.1818,3.5884,36
2023-02-01,Fog,Very Cold,1.02,78.7,88.1214,3.6717,24
2023-02-01,Rain,Cold,8.49,81.89,238.5412,6.6261,36
2023-02-01,Rain,Very Cold,3.25,78.72,47.6015,1.9834,24
2023-02-01,Snow,Very Cold,1.25,77.27,45.5025,3.7919,12
2023-02-01,Storm,Very Cold,3.6,89.15,19.7663,1.6472,12
2023-02-01,Storm,Cold,8.19,62.07,100.1024,8.3419,12
2023-02-02,Clear,Cold,10.15,81.04,322.6217,6.7213,48
2023-02-02,Clear,Very Cold,4.23,78.87,46.9883,3.9157,12
2023-02-02,Cloudy,Cold,9.2,72.46,258.9542,5.3949,48
2023-02-02,Cloudy,Very Cold,0.01,85.12,45.4573,3.7881,12
2023-02-02,Fog,Cold,11.03,79.32,152.7079,6.3628,24
2023-02-02,Fog,Very Cold,2.94,85.24,80.3622,3.3484,24
2023-02-02,Rain,Very Cold,4.02,81.27,108.7748,4.5323,24
2023-02-02,Rain,Cold,10.29,73.6,87.2971,7.2748,12
2023-02-02,Snow,Very Cold,0.64,86.39,224.556,3.7426,60
2023-02-02,Storm,Very Cold,4.04,78.57,66.1598,5.5133,12
2023-02-02,Storm,Cold,7.11,79.91,99.4464,8.2872,12
2023-02-03,Clear,Cold,8.16,73.22,303.4574,6.322,48
2023-02-03,Clear,Very Cold,3.2,87.78,181.743,5.0484,36
2023-02-03,Cloudy,Cold,9.81,72.82,305.3273,6.361,48
2023-02-03,Cloudy,Very Cold,1.66,82.14,62.3959,2.5998,24
2023-02-03,Fog,Cold,7.76,78.17,185.5732,7.7322,24
2023-02-03,Fog,Very Cold,2.64,87.29,299.3411,6.2363,48
2023-02-03,Rain,Cold,9.45,78.0,125.3578,5.2232,24
2023-02-03,Rain,Very Cold,2.26,89.95,20.9925,1.7494,12
2023-02-03,Snow,Very Cold,1.28,77.19,47.6799,1.9867,24
2023-02-04,Clear,Cold,8.48,78.75,298.4749,4.1455,72
2023-02-04,Clear,Very Cold,3.85,86.56,118.7098,3.2975,36
2023-02-04,Cloudy,Very Cold,2.86,85.24,63.948,2.6645,24
2023-02-04,Cloudy,Cold,8.38,77.8,312.7871,4.3443,72
2023-02-04,Fog,Very Cold,0.65,78.45,36.3554,1.5148,24
2023-02-04,Fog,Cold,9.25,79.55,161.6349,6.7348,24
2023-02-04,Rain,Cold,13.01,77.62,110.251,4.5938,24
2023-02-04,Snow,Very Cold,1.46,89.96,15.9815,1.3318,12
2023-02-05,Clear,Very Cold,2.48,81.0,103.8208,4.3259,24
2023-02-05,Clear,Cold,7.14,84.57,318.6264,4.4254,72
2023-02-05,Cloudy,Cold,6.71,76.94,83.1254,3.4636,24
2023-02-05,Cloudy,Very Cold,1.45,83.38,80.2344,2.2287,36
2023-02-05,Fog,Cold,6.31,84.52,144.9444,6.0394,24
2023-02-05,Rain,Cold,10.05,83.25,154.2905,6.4288,24
2023-02-05,Snow,Cold,8.99,88.58,162.8158,4.5227,36
2023-02-05,Snow,Very Cold,0.09,86.89,80.8686,2.2464,36
2023-02-05,Storm,Cold,11.4,75.46,54.1167,4.5097,12
2023-02-06,Clear,Very Cold,3.82,82.74,77.9038,3.246,24
2023-02-06,Clear,Cold,8.19,78.4,245.3136,6.8143,36
2023-02-06,Cloudy,Very Cold,1.16,90.28,85.5642,7.1304,12
2023-02-06,Cloudy,Cold,10.47,84.43,138.8947,5.7873,24
2023-02-06,Fog,Very Cold,1.08,76.43,22.049,1.8374,12
2023-02-06,Fog,Cold,9.2,78.74,181.5114,7.563,24
2023-02-06,Rain,Cold,9.33,78.83,383.7479,5.3298,72
2023-02-06,Snow,Very Cold,0.41,85.68,203.5574,3.3926,60
2023-02-06,Storm,Cold,7.03,87.19,79.1556,6.5963,12
2023-02-06,Storm,Very Cold,3.76,66.25,84.7087,7.0591,12
2023-02-07,Clear,Very Cold,4.82,78.46,36.7513,3.0626,12
2023-02-07,Clear,Cold,10.42,78.66,265.9506,5.5406,48
2023-02-07,Cloudy,Cold,9.87,80.89,396.3337,6.6056,60
2023-02-07,Cloudy,Very Cold,1.71,84.09,264.5972,3.675,72
2023-02-07,Fog,Cold,6.78,89.88,78.856,6.5713,12
2023-02-07,Rain,Very Cold,3.84,74.28,60.1188,5.0099,12
2023-02-07,Rain,Cold,8.64,77.18,238.0056,6.6113,36
2023-02-07,Snow,Very Cold,1.77,88.87,26.3136,2.1928,12
2023-02-07,Storm,Very Cold,2.59,80.13,20.9507,1.7459,12
2023-02-07,Storm,Cold,10.08,81.96,72.3882,6.0324,12
2023-02-08,Clear,Very Cold,2.99,82.38,197.154,4.1074,48
2023-02-08,Clear,Cold,8.28,76.82,283.8965,5.9145,48
2023-02-08,Cloudy,Very Cold,2.21,78.72,130.2794,5.4283,24
2023-02-08,Cloudy,Cold,8.1,78.73,154.6384,6.4433,24
2023-02-08,Fog,Very Cold,3.3,87.78,45.956,1.9148,24
2023-02-08,Fog,Cold,11.24,78.87,127.9726,5.3322,24
2023-02-08,Rain,Cold,9.18,75.71,292.0236,6.0838,48
2023-02-08,Rain,Very Cold,3.95,99.83,81.178,6.7648,12
2023-02-08,Storm,Cold,9.54,85.51,171.9099,7.1629,24
2023-02-08,Storm,Very Cold,3.06,78.5,21.2927,1.7744,12
2023-02-09,Clear,Cold,7.73,75.13,327.0072,6.8127,48
2023-02-09,Clear,Very Cold,4.17,85.83,124.5706,3.4603,36
2023-02-09,Cloudy,Cold,9.26,83.79,394.758,5.4827,72
2023-02-09,Cloudy,Very Cold,2.48,85.92,189.491,3.9477,48
2023-02-09,Rain,Cold,8.62,78.94,444.315,6.171,72
2023-02-09,Snow,Very Cold,1.86,80.58,42.5198,3.5433,12
2023-02-10,Clear,Cold,10.77,73.64,430.9204,5.985,72
2023-02-10,Clear,Very Cold,3.26,70.7,86.8241,7.2353,12
2023-02-10,Cloudy,Cold,9.66,84.94,279.4962,5.8228,48
2023-02-10,Cloudy,Very Cold,3.41,85.54,74.9404,3.1225,24
2023-02-10,Fog,Very Cold,0.18,87.13,56.4171,2.3507,24
2023-02-10,Rain,Very Cold,3.24,81.16,123.5071,3.4308,36
2023-02-10,Rain,Cold,8.91,78.2,162.3118,6.763,24
2023-02-10,Snow,Cold,11.56,69.03,93.2432,7.7703,12
2023-02-10,Snow,Very Cold,2.34,86.49,42.4242,3.5353,12
2023-02-10,Storm,Cold,7.93,76.41,137.3392,5.7225,24
2023-02-11,Clear,Cold,8.29,83.21,192.2449,5.3401,36
2023-02-11,Clear,Very Cold,3.4,76.38,109.0028,2.2709,48
2023-02-11,Cloudy,Cold,9.4,83.46,145.842,4.0512,36
2023-02-11,Cloudy,Very Cold,2.92,89.27,45.0161,1.8757,24
2023-02-11,Fog,Very Cold,2.96,81.19,113.0571,3.1405,36
2023-02-11,Fog,Cold,8.78,77.01,46.7655,3.8971,12
2023-02-11,Rain,Cold,10.31,77.72,307.4981,5.125,60
2023-02-11,Snow,Very Cold,1.98,85.3,39.251,3.2709,12
2023-02-11,Snow,Cold,7.9,82.36,47.8662,3.9889,12
2023-02-11,Storm,Cold,9.92,88.09,68.6871,5.7239,12
2023-02-12,Clear,Cold,9.52,78.18,301.2152,5.0203,60
2023-02-12,Clear,Very Cold,3.02,67.97,41.1283,3.4274,12
2023-02-12,Cloudy,Very Cold,2.96,89.72,109.5438,2.2822,48
2023-02-12,Cloudy,Cold,9.62,74.31,200.9388,5.5816,36
2023-02-12,Fog,Very Cold,4.89,88.47,61.2464,5.1039,12
2023-02-12,Fog,Cold,7.57,78.61,76.4281,3.1845,24
2023-02-12,Rain,Cold,10.0,73.72,263.6408,4.394,60
2023-02-12,Rain,Very Cold,4.1,80.56,32.5389,2.7116,12
2023-02-12,Snow,Very Cold,0.0,84.43,17.0364,1.4197,12
2023-02-12,Storm,Very Cold,3.7,75.32,25.8687,2.1557,12
2023-02-13,Clear,Cold,8.12,78.18,620.5837,5.7461,108
2023-02-13,Clear,Very Cold,2.97,72.82,88.5693,3.6904,24
2023-02-13,Cloudy,Cold,8.67,76.63,348.7924,5.8132,60
2023-02-13,Cloudy,Very Cold,2.2,86.71,67.2575,1.8683,36
2023-02-13,Rain,Cold,9.66,73.91,139.7965,5.8249,24
2023-02-13,Snow,Very Cold,0.11,88.16,46.209,3.8508,12
2023-02-13,Storm,Cold,12.48,76.73,151.0637,6.2943,24
2023-02-14,Clear,Cold,9.36,74.93,301.3191,6.2775,48
2023-02-14,Cloudy,Cold,11.08,75.35,195.45,5.4292,36
2023-02-14,Cloudy,Very Cold,3.55,80.39,180.4364,3.7591,48
2023-02-14,Fog,Cold,8.31,75.45,189.8642,5.274,36
2023-02-14,Rain,Very Cold,4.54,71.8,25.0449,2.0871,12
2023-02-14,Rain,Cold,8.44,80.83,399.1959,5.5444,72
2023-02-14,Snow,Cold,9.11,70.39,57.4714,4.7893,12
2023-02-14,Snow,Very Cold,1.49,87.77,43.5635,3.6303,12
2023-02-14,Storm,Cold,6.76,80.9,30.6124,2.551,12
2023-02-15,Clear,Very Cold,3.91,83.53,162.2307,3.3798,48
2023-02-15,Clear,Cold,9.43,75.68,245.2511,4.0875,60
2023-02-15,Cloudy,Cold,7.1,79.37,242.7117,5.0565,48
2023-02-15,Rain,Very Cold,4.14,75.17,108.9758,4.5407,24
2023-02-15,Rain,Cold,10.69,75.73,326.6798,6.8058,48
2023-02-15,Snow,Cold,9.24,81.19,75.8847,6.3237,12
2023-02-15,Storm,Cold,10.69,76.75,232.744,6.4651,36
2023-02-15,Storm,Very Cold,2.09,82.52,61.6853,5.1404,12
2023-02-16,Clear,Very Cold,2.83,79.59,89.9984,3.7499,24
2023-02-16,Clear,Cold,8.49,79.92,524.4408,6.2433,84
2023-02-16,Cloudy,Cold,10.97,73.5,327.2252,5.4538,60
2023-02-16,Cloudy,Very Cold,3.24,79.89,187.426,3.9047,48
2023-02-16,Fog,Very Cold,1.65,84.98,82.254,6.8545,12
2023-02-16,Rain,Cold,10.17,78.01,178.3998,4.9556,36
2023-02-16,Rain,Very Cold,2.8,84.65,21.1727,1.7644,12
2023-02-16,Storm,Cold,6.11,82.12,25.5506,2.1292,12
2023-02-17,Clear,Cold,9.66,83.52,346.629,5.7772,60
2023-02-17,Cloudy,Very Cold,4.24,78.69,196.1072,3.2685,60
2023-02-17,Cloudy,Cold,9.3,75.19,356.1057,7.4189,48
2023-02-17,Fog,Cold,8.37,77.88,154.7991,6.45,24
2023-02-17,Fog,Very Cold,4.54,75.7,56.1543,4.6795,12
2023-02-17,Rain,Cold,12.46,78.74,143.9292,5.997,24
2023-02-17,Rain,Very Cold,4.57,81.56,86.0234,3.5843,24
2023-02-17,Snow,Very Cold,2.69,82.12,20.3138,1.6928,12
2023-02-17,Snow,Cold,12.49,76.07,55.3306,4.6109,12
2023-02-17,Storm,Cold,5.68,80.47,35.6574,2.9714,12
2023-02-18,Clear,Very Cold,2.88,80.34,65.8122,2.7422,24
2023-02-18,Clear,Cold,10.22,82.06,369.9135,4.4037,84
2023-02-18,Cloudy,Very Cold,1.22,85.58,76.3386,2.1205,36
2023-02-18,Cloudy,Cold,9.39,79.18,263.5048,4.3917,60
2023-02-18,Rain,Cold,10.45,76.82,240.5271,5.011,48
2023-02-18,Snow,Very Cold,1.17,83.2,27.2777,2.2731,12
2023-02-18,Storm,Very Cold,2.8,81.03,32.9352,2.7446,12
2023-02-18,Storm,Cold,6.06,80.75,27.5844,2.2987,12
2023-02-19,Clear,Cold,9.52,74.41,455.9574,4.2218,108
2023-02-19,Clear,Mild,16.38,74.2,47.3052,3.9421,12
2023-02-19,Clear,Very Cold,4.62,86.62,62.6359,5.2197,12
2023-02-19,Cloudy,Very Cold,2.62,84.7,110.9566,3.0821,36
2023-02-19,Cloudy,Cold,6.71,84.1,14.7106,1.2259,12
2023-02-19,Rain,Very Cold,2.98,85.47,73.4053,3.0586,24
2023-02-19,Rain,Cold,8.27,77.04,128.7425,5.3643,24
2023-02-19,Snow,Very Cold,1.65,86.21,67.7608,2.8234,24
2023-02-19,Snow,Cold,10.3,69.42,45.5852,3.7988,12
2023-02-19,Storm,Cold,9.54,80.81,103.493,4.3122,24
2023-02-20,Clear,Very Cold,3.22,72.35,63.9793,2.6658,24
2023-02-20,Clear,Cold,10.9,79.93,247.9601,6.8878,36
2023-02-20,Cloudy,Cold,12.18,78.62,138.5393,5.7725,24
2023-02-20,Fog,Cold,9.44,75.5,222.2044,6.1723,36
2023-02-20,Rain,Very Cold,3.98,77.56,138.8285,3.8563,36
2023-02-20,Rain,Cold,9.02,79.36,342.3053,4.7542,72
2023-02-20,Snow,Cold,10.32,76.46,72.6508,6.0542,12
2023-02-20,Storm,Very Cold,3.14,86.91,25.1501,2.0958,12
2023-02-20,Storm,Cold,8.92,85.04,194.4589,5.4016,36
2023-02-21,Clear,Very Cold,2.69,77.63,44.021,3.6684,12
2023-02-21,Clear,Cold,10.78,78.64,403.6479,5.6062,72
2023-02-21,Cloudy,Cold,7.81,81.11,234.4533,3.9076,60
2023-02-21,Cloudy,Very Cold,3.09,82.76,107.3995,4.475,24
2023-02-21,Fog,Mild,15.79,69.21,70.804,5.9003,12
2023-02-21,Rain,Very Cold,3.82,89.08,94.0251,3.9177,24
2023-02-21,Rain,Cold,11.53,75.85,285.1833,5.9413,48
2023-02-21,Snow,Very Cold,0.95,84.84,55.5638,4.6303,12
2023-02-21,Storm,Cold,8.31,83.51,151.0235,6.2926,24
2023-02-22,Clear,Mild,15.06,74.69,105.1691,8.7641,12
2023-02-22,Clear,Cold,7.49,79.56,77.6706,6.4725,12
2023-02-22,Clear,Very Cold,3.44,74.01,21.7354,1.8113,12
2023-02-22,Cloudy,Cold,9.52,79.08,531.0435,5.5317,96
2023-02-22,Fog,Cold,9.23,78.38,134.1346,5.5889,24
2023-02-22,Fog,Very Cold,4.53,86.95,25.5834,2.132,12
2023-02-22,Rain,Cold,8.9,75.31,396.5784,5.508,72
2023-02-22,Rain,Very Cold,4.23,77.35,98.2215,4.0926,24
2023-02-22,Snow,Cold,5.95,89.65,40.3132,3.3594,12
2023-02-22,Storm,Cold,13.41,79.34,53.3301,4.4442,12
2023-02-23,Clear,Very Cold,3.0,78.92,24.9056,2.0755,12
2023-02-23,Clear,Cold,8.64,82.0,484.6495,5.0484,96
2023-02-23,Cloudy,Very Cold,4.9,94.2,79.0097,6.5841,12
2023-02-23,Cloudy,Cold,9.29,72.6,286.8922,5.9769,48
2023-02-23,Fog,Very Cold,1.22,87.82,92.3139,3.8464,24
2023-02-23,Fog,Cold,9.91,70.38,204.3734,5.677,36
2023-02-23,Rain,Very Cold,4.04,84.29,42.1905,3.5159,12
2023-02-23,Rain,Cold,9.49,79.37,187.9774,5.2216,36
2023-02-23,Storm,Very Cold,3.43,73.31,20.524,1.7103,12
2023-02-24,Clear,Cold,9.96,78.84,418.2807,5.8095,72
2023-02-24,Cloudy,Very Cold,3.45,75.75,24.86,2.0717,12
2023-02-24,Cloudy,Cold,9.59,74.59,366.8385,5.095,72
2023-02-24,Fog,Very Cold,2.8,86.34,74.3763,3.099,24
2023-02-24,Rain,Cold,9.44,77.02,403.5493,4.8042,84
2023-02-24,Rain,Very Cold,3.85,77.54,58.9624,4.9135,12
2023-02-24,Storm,Cold,12.65,70.67,54.462,4.5385,12
2023-02-25,Clear,Very Cold,3.44,81.56,77.2587,2.1461,36
2023-02-25,Clear,Cold,10.2,76.64,466.1689,4.3164,108
2023-02-25,Clear,Mild,16.65,64.62,53.8184,4.4849,12
2023-02-25,Cloudy,Very Cold,4.01,82.32,69.5173,2.8966,24
2023-02-25,Cloudy,Cold,10.8,73.36,171.5097,3.5731,48
2023-02-25,Fog,Cold,11.49,75.28,86.3682,3.5987,24
2023-02-25,Fog,Very Cold,4.63,84.25,32.5825,2.7152,12
2023-02-25,Rain,Cold,9.84,83.73,130.928,5.4553,24
2023-02-26,Clear,Mild,15.59,68.83,68.7394,5.7283,12
2023-02-26,Clear,Cold,11.12,76.96,404.8403,4.2171,96
2023-02-26,Cloudy,Cold,9.47,77.66,248.8706,4.1478,60
2023-02-26,Cloudy,Very Cold,3.53,84.41,71.232,1.9787,36
2023-02-26,Fog,Cold,7.6,79.67,66.2123,2.7588,24
2023-02-26,Rain,Very Cold,3.54,79.1,62.406,2.6002,24
2023-02-26,Rain,Cold,5.19,82.42,62.3072,5.1923,12
2023-02-26,Storm,Cold,10.88,67.95,122.8385,5.1183,24
2023-02-27,Clear,Cold,10.57,78.79,436.7713,6.0663,72
2023-02-27,Clear,Very Cold,3.51,79.99,159.9977,4.4444,36
2023-02-27,Cloudy,Cold,11.76,74.3,268.2024,5.5876,48
2023-02-27,Cloudy,Mild,15.78,66.94,65.6659,5.4722,12
2023-02-27,Fog,Very Cold,2.99,88.01,20.7618,1.7302,12
2023-02-27,Fog,Cold,7.75,80.04,34.7985,2.8999,12
2023-02-27,Rain,Very Cold,4.66,89.27,58.8309,4.9026,12
2023-02-27,Rain,Cold,10.86,78.64,277.3438,5.778,48
2023-02-27,Snow,Very Cold,4.77,71.95,24.4944,2.0412,12
2023-02-27,Storm,Cold,9.78,75.12,91.9177,3.8299,24
2023-02-28,Clear,Cold,8.48,85.7,158.7089,4.4086,36
2023-02-28,Cloudy,Cold,11.33,74.72,262.4171,7.2894,36
2023-02-28,Cloudy,Mild,15.37,72.99,88.3423,7.3619,12
2023-02-28,Fog,Cold,8.2,79.3,75.787,3.1578,24
2023-02-28,Rain,Cold,10.53,78.03,470.2466,5.5982,84
2023-02-28,Rain,Mild,15.79,78.34,57.0895,4.7575,12
2023-02-28,Rain,Very Cold,3.52,88.9,51.7043,4.3087,12
2023-02-28,Snow,Cold,6.23,83.31,32.1899,2.6825,12
2023-02-28,Snow,Very Cold,1.88,85.19,30.282,2.5235,12
2023-02-28,Storm,Very Cold,4.1,80.26,26.5724,2.2144,12
2023-02-28,Storm,Mild,15.02,63.14,91.726,7.6438,12
2023-02-28,Storm,Cold,9.96,77.41,91.7821,3.8243,24
2023-03-01,Clear,Cold,9.58,74.41,278.0459,4.6341,60
2023-03-01,Clear,Very Cold,4.85,80.93,77.5305,3.2304,24
2023-03-01,Clear,Mild,16.13,74.69,56.9731,4.7478,12
2023-03-01,Cloudy,Cold,11.68,67.53,69.2424,5.7702,12
2023-03-01,Fog,Cold,12.2,77.81,325.9061,6.7897,48
2023-03-01,Rain,Mild,16.63,78.72,53.7787,4.4816,12
2023-03-01,Rain,Cold,9.78,77.85,292.4645,4.8744,60
2023-03-01,Rain,Very Cold,3.84,79.84,25.2773,2.1064,12
2023-03-01,Snow,Very Cold,1.1,85.65,79.2662,3.3028,24
2023-03-01,Storm,Cold,11.93,73.09,159.7374,6.6557,24
2023-03-02,Clear,Cold,11.0,73.04,456.6589,5.4364,84
2023-03-02,Cloudy,Mild,16.05,77.19,143.1245,5.9635,24
2023-03-02,Cloudy,Cold,7.99,79.86,339.4947,4.0416,84
2023-03-02,Fog,Very Cold,3.38,79.37,33.7869,2.8156,12
2023-03-02,Fog,Cold,9.21,73.42,58.8066,4.9006,12
2023-03-02,Rain,Very Cold,3.34,82.6,43.3166,3.6097,12
2023-03-02,Rain,Cold,9.7,71.78,238.4047,4.9668,48
2023-03-02,Storm,Cold,7.1,86.14,77.6088,6.4674,12
2023-03-03,Clear,Cold,11.56,77.19,285.1102,5.9398,48
2023-03-03,Clear,Mild,15.67,74.67,70.2523,5.8544,12
2023-03-03,Cloudy,Cold,9.45,79.61,238.5639,4.9701,48
2023-03-03,Cloudy,Very Cold,3.17,82.76,52.9355,4.4113,12
2023-03-03,Cloudy,Mild,15.04,78.44,53.2735,4.4395,12
2023-03-03,Fog,Very Cold,3.4,82.92,32.3402,2.695,12
2023-03-03,Rain,Cold,8.63,76.57,231.0241,4.813,48
2023-03-03,Storm,Cold,8.84,80.52,410.524,4.2763,96
2023-03-04,Clear,Cold,10.96,75.18,469.7312,4.3494,108
2023-03-04,Cloudy,Cold,8.79,78.5,197.2295,3.2872,60
2023-03-04,Fog,Cold,7.83,78.11,72.1653,3.0069,24
2023-03-04,Fog,Very Cold,3.57,84.41,82.6366,3.4432,24
2023-03-04,Rain,Cold,10.16,80.68,193.3887,4.0289,48
2023-03-04,Storm,Cold,9.02,80.2,90.6493,3.7771,24
2023-03-05,Clear,Mild,17.04,69.91,47.7126,3.976,12
2023-03-05,Clear,Cold,10.15,80.73,292.6523,3.484,84
2023-03-05,Clear,Very Cold,4.5,84.1,102.1204,4.255,24
2023-03-05,Cloudy,Cold,10.06,79.39,164.7216,4.5756,36
2023-03-05,Fog,Cold,11.03,77.59,225.0578,3.751,60
2023-03-05,Rain,Cold,9.82,70.22,111.0309,3.0842,36
2023-03-05,Snow,Very Cold,3.17,86.86,23.2352,1.9363,12
2023-03-05,Storm,Cold,11.53,72.28,81.0048,3.3752,24
2023-03-06,Clear,Cold,9.28,78.02,356.7654,4.2472,84
2023-03-06,Clear,Mild,16.2,70.5,60.8946,5.0745,12
2023-03-06,Cloudy,Cold,8.48,75.74,227.3166,6.3144,36
2023-03-06,Cloudy,Very Cold,4.33,86.81,44.5166,1.8549,24
2023-03-06,Fog,Cold,12.67,79.3,148.0468,6.1686,24
2023-03-06,Rain,Cold,10.07,77.24,219.6941,6.1026,36
2023-03-06,Rain,Mild,15.07,70.38,69.6496,5.8041,12
2023-03-06,Rain,Very Cold,4.86,86.63,20.4157,1.7013,12
2023-03-06,Snow,Cold,11.87,67.96,55.7349,4.6446,12
2023-03-06,Storm,Cold,9.54,76.64,169.1648,4.699,36
2023-03-07,Clear,Mild,15.62,77.22,163.3174,6.8049,24
2023-03-07,Clear,Cold,9.45,78.11,399.2472,4.1588,96
2023-03-07,Cloudy,Cold,9.62,75.73,241.3519,5.0282,48
2023-03-07,Fog,Cold,8.37,82.05,127.3123,5.3047,24
2023-03-07,Fog,Very Cold,4.11,80.51,73.39,3.0579,24
2023-03-07,Rain,Cold,12.78,76.93,175.5265,4.8757,36
2023-03-07,Snow,Cold,11.88,83.07,76.5028,6.3752,12
2023-03-07,Storm,Cold,9.19,80.99,115.3978,4.8082,24
2023-03-08,Clear,Cold,10.03,77.33,392.3939,4.6714,84
2023-03-08,Cloudy,Cold,9.48,78.68,105.3737,4.3906,24
2023-03-08,Cloudy,Very Cold,3.94,74.2,19.7316,1.6443,12
2023-03-08,Cloudy,Mild,20.04,59.24,62.5699,5.2142,12
2023-03-08,Fog,Cold,8.38,77.21,50.5726,2.1072,24
2023-03-08,Fog,Mild,15.89,69.08,69.399,5.7833,12
2023-03-08,Rain,Cold,10.84,76.32,374.5457,5.202,72
2023-03-08,Rain,Mild,15.0,59.96,88.7865,7.3989,12
2023-03-08,Storm,Cold,10.16,76.26,150.0605,6.2525,24
2023-03-08,Storm,Mild,15.73,62.05,56.6991,4.7249,12
2023-03-09,Clear,Cold,11.69,76.51,603.4239,5.0285,120
2023-03-09,Clear,Mild,16.09,64.58,88.199,7.3499,12
2023-03-09,Cloudy,Very Cold,3.94,82.71,43.1429,3.5952,12
2023-03-09,Cloudy,Cold,8.38,80.36,279.6472,3.884,72
2023-03-09,Fog,Cold,7.44,89.74,31.3407,2.6117,12
2023-03-09,Fog,Mild,16.52,66.52,68.7089,5.7257,12
2023-03-09,Rain,Cold,11.59,75.85,156.9871,6.5411,24
2023-03-09,Rain,Very Cold,3.43,77.73,21.3142,1.7762,12
2023-03-09,Storm,Cold,11.69,81.72,73.6334,6.1361,12
2023-03-10,Clear,Cold,11.29,78.03,405.56,4.8281,84
2023-03-10,Clear,Mild,16.76,68.46,278.804,5.8084,48
2023-03-10,Cloudy,Cold,10.44,74.49,252.747,5.2656,48
2023-03-10,Fog,Cold,6.92,81.03,23.7349,1.9779,12
2023-03-10,Rain,Cold,11.64,78.56,54.0537,4.5045,12
2023-03-10,Rain,Very Cold,4.06,81.17,49.5467,4.1289,12
2023-03-10,Rain,Mild,16.01,75.55,65.6268,5.4689,12
2023-03-10,Snow,Cold,6.12,78.52,59.6709,2.4863,24
2023-03-10,Storm,Cold,8.02,82.95,162.4193,4.5116,36
2023-03-11,Clear,Cold,9.56,80.39,339.348,3.5349,96
2023-03-11,Clear,Mild,15.68,66.38,47.3332,3.9444,12
2023-03-11,Cloudy,Cold,8.76,77.82,279.7841,3.8859,72
2023-03-11,Cloudy,Mild,16.63,72.32,93.9084,3.9128,24
2023-03-11,Fog,Cold,12.89,75.97,72.8696,6.0725,12
2023-03-11,Fog,Mild,15.05,68.97,55.327,4.6106,12
2023-03-11,Snow,Cold,14.17,69.03,79.6579,3.3191,24
2023-03-11,Snow,Very Cold,4.16,83.07,15.2555,1.2713,12
2023-03-11,Storm,Cold,9.02,73.45,80.6398,3.36,24
2023-03-12,Clear,Mild,17.11,76.21,46.9361,3.9113,12
2023-03-12,Clear,Cold,11.03,73.6,258.9838,3.597,72
2023-03-12,Clear,Very Cold,4.94,70.72,15.3005,1.275,12
2023-03-12,Cloudy,Cold,9.67,76.79,100.6957,4.1957,24
2023-03-12,Fog,Mild,15.79,68.07,69.3568,5.7797,12
2023-03-12,Fog,Cold,11.94,71.7,47.0494,3.9208,12
2023-03-12,Fog,Very Cold,4.62,77.07,19.1484,1.5957,12
2023-03-12,Rain,Mild,16.07,78.48,51.8097,4.3175,12
2023-03-12,Rain,Very Cold,3.2,80.27,45.4999,3.7917,12
2023-03-12,Rain,Cold,12.23,78.61,265.5144,3.6877,72
2023-03-12,Storm,Cold,8.29,74.99,125.4248,3.484,36
2023-03-13,Clear,Cold,8.59,83.5,352.4728,4.1961,84
2023-03-13,Clear,Mild,16.77,78.73,134.9785,5.6241,24
2023-03-13,Cloudy,Cold,11.72,77.09,409.9841,4.2707,96
2023-03-13,Fog,Cold,8.85,81.53,124.0888,5.1704,24
2023-03-13,Fog,Mild,16.13,74.55,65.1409,5.4284,12
2023-03-13,Rain,Cold,11.18,77.3,184.5717,5.127,36
2023-03-13,Rain,Mild,15.95,70.88,93.3582,7.7799,12
2023-03-14,Clear,Cold,10.76,77.63,593.0851,4.9424,120
2023-03-14,Clear,Mild,16.91,70.02,109.4192,4.5591,24
2023-03-14,Cloudy,Cold,8.7,77.33,144.909,3.0189,48
2023-03-14,Cloudy,Mild,15.38,72.26,67.406,5.6172,12
2023-03-14,Fog,Cold,9.72,77.41,125.2791,5.22,24
2023-03-14,Fog,Mild,15.65,66.14,64.1901,5.3492,12
2023-03-14,Rain,Cold,11.71,79.53,173.6381,4.8233,36
2023-03-14,Rain,Mild,15.44,85.91,71.3353,5.9446,12
2023-03-15,Clear,Cold,12.92,70.62,316.5729,5.2762,60
2023-03-15,Clear,Mild,17.74,72.32,63.9506,5.3292,12
2023-03-15,Clear,Very Cold,4.9,89.29,23.464,1.9553,12
2023-03-15,Cloudy,Cold,8.58,80.66,149.884,3.1226,48
2023-03-15,Cloudy,Mild,15.82,75.69,89.721,7.4768,12
2023-03-15,Fog,Cold,7.95,82.21,47.6711,3.9726,12
2023-03-15,Rain,Mild,17.7,76.22,221.4453,6.1513,36
2023-03-15,Rain,Cold,10.5,76.15,372.9194,5.1794,72
2023-03-15,Storm,Cold,10.31,70.02,78.6077,3.2753,24
2023-03-16,Clear,Mild,16.38,69.76,198.3482,5.5097,36
2023-03-16,Clear,Cold,9.33,78.06,400.8681,4.1757,96
2023-03-16,Cloudy,Cold,9.47,82.13,90.6375,3.7766,24
2023-03-16,Cloudy,Mild,17.43,70.21,123.9172,5.1632,24
2023-03-16,Fog,Cold,10.47,77.68,179.2785,4.98,36
2023-03-16,Rain,Cold,12.09,76.69,245.6467,5.1176,48
2023-03-16,Storm,Cold,9.91,71.12,110.5474,4.6061,24
2023-03-17,Clear,Cold,10.98,75.28,356.8462,4.2482,84
2023-03-17,Clear,Mild,16.41,71.5,222.4022,6.1778,36
2023-03-17,Cloudy,Mild,16.22,73.41,121.9661,5.0819,24
2023-03-17,Cloudy,Cold,7.34,75.25,76.0829,3.1701,24
2023-03-17,Fog,Cold,11.34,75.3,109.2885,4.5537,24
2023-03-17,Rain,Cold,11.49,73.73,126.6637,3.5184,36
2023-03-17,Rain,Mild,17.14,71.45,205.6677,5.713,36
2023-03-17,Rain,Very Cold,3.98,87.93,25.3462,2.1122,12
2023-03-17,Storm,Cold,10.76,83.05,72.1768,6.0147,12
2023-03-18,Clear,Cold,13.59,72.68,230.6289,4.8048,48
2023-03-18,Clear,Mild,16.49,71.26,297.2155,4.128,72
2023-03-18,Cloudy,Very Cold,4.11,86.95,24.0487,2.0041,12
2023-03-18,Cloudy,Mild,16.93,79.78,48.6206,4.0517,12
2023-03-18,Cloudy,Cold,7.88,79.34,156.8691,3.2681,48
2023-03-18,Fog,Cold,10.93,80.92,55.9871,4.6656,12
2023-03-18,Rain,Cold,9.75,76.25,120.9349,2.5195,48
2023-03-18,Rain,Mild,19.04,73.83,50.5673,4.2139,12
2023-03-18,Storm,Cold,8.9,86.37,63.5014,2.6459,24
2023-03-19,Clear,Cold,9.63,76.62,171.4253,2.3809,72
2023-03-19,Clear,Mild,18.29,69.06,182.982,5.0828,36
2023-03-19,Cloudy,Cold,9.53,79.7,178.746,3.7239,48
2023-03-19,Fog,Cold,7.33,88.12,37.7151,3.1429,12
2023-03-19,Fog,Mild,15.03,81.62,49.7462,4.1455,12
2023-03-19,Rain,Cold,10.73,79.83,212.122,3.5354,60
2023-03-19,Rain,Mild,16.9,72.43,158.7704,4.4103,36
2023-03-19,Storm,Mild,18.38,73.93,41.5809,3.4651,12
2023-03-20,Clear,Cold,10.95,77.36,307.4233,4.2698,72
2023-03-20,Clear,Mild,16.36,73.9,231.9946,6.4443,36
2023-03-20,Cloudy,Mild,16.46,81.9,131.5256,5.4802,24
2023-03-20,Cloudy,Cold,9.92,79.29,75.0951,3.129,24
2023-03-20,Cloudy,Very Cold,4.31,88.48,33.0137,2.7511,12
2023-03-20,Fog,Cold,10.15,74.07,119.4681,4.9778,24
2023-03-20,Fog,Mild,17.73,76.39,117.6421,4.9018,24
2023-03-20,Rain,Cold,8.22,78.29,149.7702,4.1603,36
2023-03-20,Rain,Mild,17.26,76.88,53.9704,4.4975,12
2023-03-20,Storm,Mild,17.32,72.72,89.6183,7.4682,12
2023-03-20,Storm,Cold,5.59,71.07,26.0218,2.1685,12
2023-03-21,Clear,Cold,12.84,75.9,155.1895,4.3108,36
2023-03-21,Cloudy,Mild,17.39,64.43,123.683,5.1535,24
2023-03-21,Cloudy,Cold,10.76,79.3,177.369,4.9269,36
2023-03-21,Fog,Very Cold,3.74,87.59,17.9235,1.4936,12
2023-03-21,Fog,Mild,17.36,72.82,115.4959,4.8123,24
2023-03-21,Fog,Cold,7.66,82.68,55.2402,4.6034,12
2023-03-21,Rain,Mild,16.42,77.45,255.9553,7.1099,36
2023-03-21,Rain,Cold,9.2,75.26,165.6622,3.4513,48
2023-03-21,Snow,Cold,13.54,67.05,55.4611,4.6218,12
2023-03-21,Storm,Cold,8.1,83.73,60.892,2.5372,24
2023-03-21,Storm,Mild,15.27,69.61,142.8532,5.9522,24
2023-03-22,Clear,Cold,9.68,76.68,280.6511,3.8979,72
2023-03-22,Clear,Mild,17.87,68.53,57.6296,4.8025,12
2023-03-22,Cloudy,Mild,17.53,72.66,298.595,6.2207,48
2023-03-22,Cloudy,Cold,7.76,91.31,75.4325,6.286,12
2023-03-22,Fog,Cold,10.2,80.77,220.8742,4.6015,48
2023-03-22,Fog,Mild,15.13,66.24,60.6343,5.0529,12
2023-03-22,Rain,Mild,18.13,75.4,86.5752,7.2146,12
2023-03-22,Rain,Cold,9.1,80.79,143.9736,2.9995,48
2023-03-22,Storm,Mild,16.77,63.45,56.2481,4.6873,12
2023-03-22,Storm,Cold,13.04,71.93,67.9434,5.662,12
2023-03-23,Clear,Mild,18.56,70.36,50.1897,4.1825,12
2023-03-23,Clear,Cold,10.99,75.38,534.5826,4.0499,132
2023-03-23,Cloudy,Cold,12.23,80.0,205.098,4.2729,48
2023-03-23,Cloudy,Mild,18.69,72.71,68.2213,5.6851,12
2023-03-23,Rain,Mild,18.91,71.65,216.5553,6.0154,36
2023-03-23,Rain,Cold,10.74,80.5,84.144,3.506,24
2023-03-23,Storm,Mild,16.8,75.68,177.2968,7.3874,24
2023-03-24,Clear,Cold,12.0,71.12,331.6236,4.6059,72
2023-03-24,Clear,Mild,17.06,72.7,250.8809,5.2267,48
2023-03-24,Cloudy,Cold,11.12,70.17,148.1737,4.1159,36
2023-03-24,Fog,Cold,10.34,75.2,71.2183,2.9674,24
2023-03-24,Fog,Mild,17.86,65.62,240.485,6.6801,36
2023-03-24,Rain,Cold,10.68,77.73,61.9419,2.5809,24
2023-03-24,Snow,Cold,6.36,77.9,31.2211,2.6018,12
2023-03-24,Storm,Cold,14.68,75.37,67.8112,5.6509,12
2023-03-24,Storm,Mild,18.65,74.71,107.1715,4.4655,24
2023-03-25,Clear,Mild,18.54,73.52,122.7445,5.1144,24
2023-03-25,Clear,Cold,12.61,75.55,289.7154,4.0238,72
2023-03-25,Cloudy,Mild,16.83,71.74,129.7477,3.6041,36
2023-03-25,Cloudy,Cold,10.95,67.19,46.6141,1.9423,24
2023-03-25,Fog,Cold,9.66,80.87,44.0186,1.8341,24
2023-03-25,Rain,Cold,10.5,75.33,85.8371,2.3844,36
2023-03-25,Rain,Mild,16.32,72.5,161.497,4.486,36
2023-03-25,Snow,Mild,16.43,75.77,47.9826,3.9986,12
2023-03-25,Snow,Cold,12.98,72.47,85.8811,3.5784,24
2023-03-26,Clear,Mild,17.99,76.38,225.915,4.7066,48
2023-03-26,Clear,Cold,13.07,72.49,135.4308,3.762,36
2023-03-26,Cloudy,Cold,9.58,84.49,29.7097,1.2379,24
2023-03-26,Fog,Mild,17.8,72.48,135.9455,3.7763,36
2023-03-26,Fog,Cold,10.96,79.84,60.2703,2.5113,24
2023-03-26,Rain,Mild,18.82,64.01,188.0497,5.2236,36
2023-03-26,Rain,Cold,9.69,75.89,101.7671,2.8269,36
2023-03-26,Snow,Cold,10.53,76.97,25.737,2.1448,12
2023-03-26,Storm,Cold,12.72,72.86,109.5574,3.0433,36
2023-03-27,Clear,Mild,16.56,77.15,163.1987,6.7999,24
2023-03-27,Clear,Cold,10.51,80.32,145.9332,3.0403,48
2023-03-27,Cloudy,Mild,17.48,69.18,247.3444,5.153,48
2023-03-27,Cloudy,Cold,11.75,71.3,189.9019,3.9563,48
2023-03-27,Rain,Cold,10.37,73.43,131.7807,3.6606,36
2023-03-27,Rain,Mild,16.81,70.3,259.2501,5.401,48
2023-03-27,Storm,Cold,12.3,75.77,150.8436,4.1901,36
2023-03-28,Clear,Cold,9.62,78.49,106.0942,2.9471,36
2023-03-28,Clear,Mild,18.52,64.28,214.5633,5.9601,36
2023-03-28,Cloudy,Cold,12.16,77.32,206.1226,5.7256,36
2023-03-28,Cloudy,Mild,18.05,67.34,345.847,5.7641,60
2023-03-28,Fog,Cold,12.6,72.77,33.437,2.7864,12
2023-03-28,Rain,Cold,11.99,80.18,180.6443,3.7634,48
2023-03-28,Rain,Mild,15.71,74.94,119.3872,4.9745,24
2023-03-28,Snow,Cold,10.58,89.12,29.6536,2.4711,12
2023-03-28,Storm,Cold,11.02,75.38,23.8564,1.988,12
2023-03-28,Storm,Mild,19.92,63.13,52.5357,4.378,12
2023-03-29,Clear,Cold,11.82,79.02,316.3093,3.7656,84
2023-03-29,Clear,Mild,17.9,69.92,292.3246,6.0901,48
2023-03-29,Cloudy,Cold,12.79,81.3,136.9865,3.8052,36
2023-03-29,Cloudy,Mild,19.99,72.54,182.8504,5.0792,36
2023-03-29,Fog,Mild,18.7,69.21,152.8444,6.3685,24
2023-03-29,Rain,Cold,13.1,72.39,70.4387,2.9349,24
2023-03-29,Rain,Mild,17.17,67.74,116.6066,4.8586,24
2023-03-29,Storm,Cold,8.43,74.54,22.3196,1.86,12
2023-03-30,Clear,Cold,11.24,76.0,165.039,2.7507,60
2023-03-30,Clear,Mild,18.51,72.29,294.0491,6.126,48
2023-03-30,Cloudy,Cold,12.09,71.86,36.2462,3.0205,12
2023-03-30,Cloudy,Mild,16.81,69.74,150.8481,6.2853,24
2023-03-30,Fog,Mild,16.3,75.77,145.0453,6.0436,24
2023-03-30,Rain,Cold,10.06,68.01,76.5073,3.1878,24
2023-03-30,Rain,Mild,18.65,67.65,193.9502,5.3875,36
2023-03-30,Snow,Mild,19.7,62.77,58.1326,4.8444,12
2023-03-30,Storm,Mild,18.42,68.04,60.8311,5.0693,12
2023-03-30,Storm,Cold,12.31,73.05,160.9915,4.472,36
2023-03-31,Clear,Mild,16.26,69.36,365.5168,6.0919,60
2023-03-31,Clear,Cold,11.09,78.91,165.2607,2.7543,60
2023-03-31,Cloudy,Mild,18.48,67.85,150.6252,6.2761,24
2023-03-31,Cloudy,Cold,12.54,81.24,53.6687,2.2362,24
2023-03-31,Fog,Mild,18.41,77.44,70.2353,5.8529,12
2023-03-31,Rain,Mild,18.29,70.83,290.6421,4.844,60
2023-03-31,Rain,Cold,10.93,75.3,74.7621,6.2302,12
2023-03-31,Snow,Mild,18.59,74.98,75.4688,6.2891,12
2023-03-31,Snow,Cold,10.5,80.17,65.7789,2.7408,24
2023-04-01,Clear,Mild,20.21,70.42,45.8337,3.8195,12
2023-04-01,Clear,Cold,10.79,77.1,190.6546,2.2697,84
2023-04-01,Cloudy,Mild,18.19,70.4,279.6479,4.6608,60
2023-04-01,Cloudy,Cold,12.02,73.78,99.6404,2.7678,36
2023-04-01,Fog,Cold,13.54,72.63,102.6354,4.2765,24
2023-04-01,Fog,Mild,20.25,71.8,55.393,4.6161,12
2023-04-01,Rain,Mild,18.03,73.4,201.0555,4.1887,48
2023-04-01,Storm,Cold,13.71,73.87,19.9933,1.6661,12
2023-04-02,Clear,Cold,11.85,78.28,76.3928,1.5915,48
2023-04-02,Clear,Mild,18.27,71.84,410.9931,4.8928,84
2023-04-02,Cloudy,Cold,13.02,76.87,55.6969,2.3207,24
2023-04-02,Cloudy,Mild,17.07,73.71,142.4716,3.9575,36
2023-04-02,Fog,Cold,10.98,79.11,81.9799,3.4158,24
2023-04-02,Rain,Mild,19.42,67.43,97.717,4.0715,24
2023-04-02,Rain,Cold,12.26,72.6,72.4237,3.0177,24
2023-04-02,Storm,Mild,20.2,76.48,47.3996,3.95,12
2023-04-02,Storm,Cold,12.25,64.13,16.7739,1.3978,12
2023-04-03,Clear,Mild,19.19,68.23,211.8936,5.8859,36
2023-04-03,Clear,Cold,12.1,78.71,73.1586,3.0483,24
2023-04-03,Cloudy,Cold,12.82,68.74,306.3223,4.2545,72
2023-04-03,Cloudy,Mild,19.88,73.42,88.3455,7.3621,12
2023-04-03,Fog,Mild,15.59,84.78,66.1669,5.5139,12
2023-04-03,Rain,Mild,18.46,75.97,121.0983,5.0458,24
2023-04-03,Rain,Cold,12.95,77.47,140.3404,2.9238,48
2023-04-03,Storm,Cold,12.15,85.63,17.4503,1.4542,12
2023-04-03,Storm,Mild,18.88,75.9,284.9422,5.9363,48
2023-04-04,Clear,Cold,10.94,82.47,34.0408,1.4184,24
2023-04-04,Clear,Mild,18.73,70.02,265.852,5.5386,48
2023-04-04,Cloudy,Cold,12.27,75.33,196.2285,3.2705,60
2023-04-04,Cloudy,Mild,16.2,75.87,69.7131,5.8094,12
2023-04-04,Fog,Mild,19.32,73.08,228.0468,6.3346,36
2023-04-04,Fog,Cold,9.54,88.53,46.1703,3.8475,12
2023-04-04,Rain,Cold,12.87,76.82,154.2293,4.2841,36
2023-04-04,Rain,Mild,19.1,68.72,158.0884,4.3913,36
2023-04-04,Storm,Mild,17.27,75.25,132.487,5.5203,24
2023-04-05,Clear,Cold,13.07,75.88,86.5783,3.6074,24
2023-04-05,Clear,Mild,19.32,75.14,225.9767,4.7078,48
2023-04-05,Cloudy,Cold,12.89,77.31,114.8687,3.1908,36
2023-04-05,Cloudy,Mild,19.28,71.97,162.4357,6.7682,24
2023-04-05,Fog,Mild,20.42,68.52,187.569,5.2102,36
2023-04-05,Fog,Cold,12.27,91.47,22.5072,1.8756,12
2023-04-05,Rain,Mild,18.49,75.17,322.9257,5.3821,60
2023-04-05,Rain,Cold,8.1,79.04,87.0487,2.418,36
2023-04-05,Storm,Mild,23.94,78.0,61.9322,5.161,12
2023-04-06,Clear,Cold,13.23,68.66,49.4586,4.1216,12
2023-04-06,Clear,Mild,22.01,70.0,205.1366,5.6982,36
2023-04-06,Cloudy,Mild,18.26,73.71,170.6255,4.7396,36
2023-04-06,Cloudy,Cold,11.35,85.11,17.3276,1.444,12
2023-04-06,Fog,Mild,19.53,66.72,66.3377,5.5281,12
2023-04-06,Fog,Cold,11.15,76.7,47.257,3.9381,12
2023-04-06,Rain,Mild,19.26,74.13,315.1325,5.2522,60
2023-04-06,Rain,Cold,11.49,73.06,117.0109,3.2503,36
2023-04-06,Snow,Mild,15.69,77.63,21.4084,1.784,12
2023-04-06,Snow,Cold,10.56,77.26,22.0951,1.8413,12
2023-04-06,Storm,Mild,18.79,69.62,202.8923,5.6359,36
2023-04-06,Storm,Cold,6.92,79.34,38.93,3.2442,12
2023-04-07,Clear,Cold,12.11,80.16,231.9092,3.8652,60
2023-04-07,Clear,Warm,25.64,63.22,64.627,5.3856,12
2023-04-07,Clear,Mild,20.25,70.93,358.4229,5.9737,60
2023-04-07,Cloudy,Cold,12.99,73.62,114.6893,4.7787,24
2023-04-07,Cloudy,Mild,18.85,73.72,215.8875,5.9969,36
2023-04-07,Fog,Mild,18.47,72.91,105.3521,4.3897,24
2023-04-07,Rain,Cold,13.76,72.91,91.7819,3.8242,24
2023-04-07,Rain,Mild,19.34,78.79,118.7608,4.9484,24
2023-04-07,Storm,Cold,11.21,69.05,51.5487,2.1479,24
2023-04-08,Clear,Mild,20.16,71.85,419.4429,3.8837,108
2023-04-08,Clear,Cold,13.24,74.54,141.0529,2.9386,48
2023-04-08,Cloudy,Mild,21.46,67.54,62.7622,5.2302,12
2023-04-08,Fog,Cold,12.79,83.96,21.4605,1.7884,12
2023-04-08,Rain,Cold,13.56,73.98,174.9089,2.9151,60
2023-04-08,Rain,Mild,20.87,65.42,89.4831,3.7285,24
2023-04-08,Storm,Mild,21.69,77.33,87.0871,7.2573,12
2023-04-08,Storm,Cold,11.15,69.3,16.4348,1.3696,12
2023-04-09,Clear,Cold,14.31,69.22,123.1012,3.4195,36
2023-04-09,Clear,Mild,17.62,71.62,250.8555,4.1809,60
2023-04-09,Cloudy,Cold,14.21,75.52,57.3826,2.3909,24
2023-04-09,Cloudy,Mild,19.13,70.55,113.0787,4.7116,24
2023-04-09,Fog,Cold,12.84,78.13,27.1554,2.263,12
2023-04-09,Fog,Mild,21.82,62.07,162.0575,4.5016,36
2023-04-09,Rain,Mild,21.47,69.88,120.3434,5.0143,24
2023-04-09,Rain,Cold,10.81,78.22,66.5175,1.8477,36
2023-04-09,Snow,Mild,17.88,68.27,38.6375,3.2198,12
2023-04-09,Storm,Cold,11.45,80.95,41.7504,1.7396,24
2023-04-10,Clear,Mild,18.48,69.41,362.797,6.0466,60
2023-04-10,Clear,Cold,12.11,70.31,58.3648,1.6212,36
2023-04-10,Cloudy,Cold,12.82,74.47,123.7385,2.5779,48
2023-04-10,Cloudy,Mild,17.66,78.56,193.9354,5.3871,36
2023-04-10,Fog,Cold,11.95,70.87,86.7244,3.6135,24
2023-04-10,Fog,Mild,18.03,67.99,62.1478,5.179,12
2023-04-10,Rain,Mild,20.89,67.15,235.5186,6.5422,36
2023-04-10,Storm,Mild,18.4,68.12,195.9512,5.4431,36
2023-04-11,Clear,Cold,12.87,73.11,94.6636,2.6295,36
2023-04-11,Clear,Mild,18.9,70.1,430.6357,5.1266,84
2023-04-11,Cloudy,Cold,12.7,77.2,106.0128,2.9448,36
2023-04-11,Cloudy,Mild,19.59,69.21,179.8883,7.4953,24
2023-04-11,Fog,Mild,19.17,69.2,135.9781,3.7772,36
2023-04-11,Rain,Cold,9.15,79.07,17.8074,1.484,12
2023-04-11,Rain,Mild,17.42,77.23,117.2427,4.8851,24
2023-04-11,Snow,Mild,23.18,68.6,57.1101,4.7592,12
2023-04-11,Storm,Mild,20.06,68.23,135.2861,5.6369,24
2023-04-12,Clear,Cold,12.85,76.93,81.932,2.2759,36
2023-04-12,Clear,Mild,18.3,67.98,419.4882,4.9939,84
2023-04-12,Cloudy,Mild,18.5,72.79,237.9062,4.9564,48
2023-04-12,Fog,Mild,19.25,67.74,150.5619,6.2734,24
2023-04-12,Fog,Cold,11.98,77.99,37.0906,3.0909,12
2023-04-12,Rain,Cold,14.33,71.58,54.1006,2.2542,24
2023-04-12,Rain,Mild,19.13,62.17,249.4299,6.9286,36
2023-04-12,Storm,Cold,14.27,72.89,16.6747,1.3896,12
2023-04-12,Storm,Mild,16.22,72.06,67.6317,5.636,12
2023-04-13,Clear,Warm,25.36,75.85,70.7752,5.8979,12
2023-04-13,Clear,Mild,19.34,69.98,381.5219,5.2989,72
2023-04-13,Clear,Cold,12.99,74.46,62.2341,2.5931,24
2023-04-13,Cloudy,Cold,14.44,76.29,151.4801,4.2078,36
2023-04-13,Cloudy,Mild,18.97,71.16,197.5,8.2292,24
2023-04-13,Fog,Mild,19.57,72.02,143.2352,3.9788,36
2023-04-13,Fog,Cold,12.35,72.35,66.1226,2.7551,24
2023-04-13,Rain,Mild,20.2,72.21,131.0422,5.4601,24
2023-04-13,Snow,Mild,21.5,59.19,63.5825,5.2985,12
2023-04-13,Storm,Mild,16.55,70.82,84.2117,3.5088,24
2023-04-14,Clear,Cold,14.74,68.76,34.8247,2.9021,12
2023-04-14,Clear,Mild,19.0,66.58,274.2572,4.571,60
2023-04-14,Cloudy,Mild,19.95,66.88,89.0545,3.7106,24
2023-04-14,Cloudy,Cold,12.85,63.97,74.1929,3.0914,24
2023-04-14,Fog,Mild,21.83,65.59,112.6178,4.6924,24
2023-04-14,Fog,Cold,11.82,74.33,73.0658,6.0888,12
2023-04-14,Rain,Mild,19.85,67.3,315.6794,5.2613,60
2023-04-14,Rain,Warm,25.09,65.9,77.922,6.4935,12
2023-04-14,Rain,Cold,13.3,75.75,37.2727,1.553,24
2023-04-14,Storm,Mild,21.12,64.21,209.0221,5.8062,36
2023-04-15,Clear,Mild,20.6,65.63,270.0292,4.5005,60
2023-04-15,Clear,Cold,14.69,71.51,12.7346,1.0612,12
2023-04-15,Cloudy,Cold,12.66,75.8,79.6473,2.2124,36
2023-04-15,Cloudy,Mild,20.37,72.97,292.2481,4.059,72
2023-04-15,Fog,Cold,12.76,82.3,13.3082,1.109,12
2023-04-15,Fog,Mild,18.84,72.4,70.2549,2.9273,24
2023-04-15,Rain,Mild,20.0,69.44,89.1932,3.7164,24
2023-04-15,Rain,Cold,13.22,78.21,20.888,1.7407,12
2023-04-15,Storm,Cold,14.15,63.59,36.8303,3.0692,12
2023-04-15,Storm,Mild,20.51,64.37,117.5156,4.8965,24
2023-04-16,Clear,Mild,18.63,67.6,226.1467,3.7691,60
2023-04-16,Cloudy,Cold,14.96,71.29,50.4565,4.2047,12
2023-04-16,Cloudy,Mild,21.47,62.55,51.645,4.3038,12
2023-04-16,Fog,Cold,14.18,84.42,15.1682,1.264,12
2023-04-16,Fog,Mild,20.98,67.3,203.8461,4.2468,48
2023-04-16,Rain,Cold,14.08,77.8,106.1525,2.2115,48
2023-04-16,Rain,Mild,19.53,71.09,245.4443,3.4089,72
2023-04-16,Storm,Mild,18.5,78.73,84.1897,3.5079,24
2023-04-17,Clear,Mild,19.49,70.86,251.8873,4.1981,60
2023-04-17,Clear,Warm,25.3,57.33,87.9953,7.3329,12
2023-04-17,Clear,Cold,12.94,80.5,62.5991,2.6083,24
2023-04-17,Cloudy,Cold,14.82,57.89,42.2263,3.5189,12
2023-04-17,Cloudy,Mild,20.19,68.58,276.9426,3.8464,72
2023-04-17,Fog,Mild,19.53,65.11,316.244,5.2707,60
2023-04-17,Rain,Mild,19.65,68.58,95.8686,3.9945,24
2023-04-17,Storm,Cold,12.01,68.52,48.0607,4.0051,12
2023-04-17,Storm,Mild,24.97,64.85,109.1934,9.0995,12
2023-04-18,Clear,Mild,19.6,66.51,459.2719,4.7841,96
2023-04-18,Clear,Cold,13.63,75.86,104.5579,4.3566,24
2023-04-18,Cloudy,Mild,18.27,67.96,141.067,3.9185,36
2023-04-18,Fog,Mild,21.33,69.9,183.621,5.1006,36
2023-04-18,Fog,Warm,25.91,72.07,76.5103,6.3759,12
2023-04-18,Rain,Mild,22.62,71.01,156.7675,6.532,24
2023-04-18,Rain,Cold,14.33,76.59,72.2438,2.0068,36
2023-04-18,Storm,Mild,17.49,71.21,104.6659,4.3611,24
2023-04-19,Clear,Cold,13.44,86.27,43.6648,3.6387,12
2023-04-19,Clear,Mild,20.22,65.44,281.6506,4.6942,60
2023-04-19,Cloudy,Cold,12.06,76.71,57.519,2.3966,24
2023-04-19,Cloudy,Mild,19.94,68.14,561.125,5.1956,108
2023-04-19,Fog,Warm,25.85,58.46,69.1252,5.7604,12
2023-04-19,Rain,Mild,18.88,65.56,96.5132,4.0214,24
2023-04-19,Rain,Warm,25.53,65.76,101.5678,8.464,12
2023-04-19,Snow,Mild,16.36,65.37,21.3272,1.7773,12
2023-04-19,Snow,Cold,13.22,73.75,27.017,2.2514,12
2023-04-19,Storm,Cold,12.65,70.06,17.8781,1.4898,12
2023-04-20,Clear,Warm,27.88,57.64,78.2015,6.5168,12
2023-04-20,Clear,Mild,16.95,70.21,215.3856,3.5898,60
2023-04-20,Cloudy,Mild,19.54,68.73,275.5655,4.5928,60
2023-04-20,Cloudy,Warm,25.22,71.65,59.3818,4.9485,12
2023-04-20,Cloudy,Cold,13.71,73.95,48.656,2.0273,24
2023-04-20,Fog,Mild,20.23,66.83,81.5891,6.7991,12
2023-04-20,Rain,Cold,13.79,61.36,41.653,3.4711,12
2023-04-20,Rain,Mild,18.08,71.52,248.1965,5.1708,48
2023-04-20,Snow,Mild,22.61,66.29,128.075,5.3365,24
2023-04-20,Storm,Mild,22.83,64.73,116.1421,4.8393,24
2023-04-21,Clear,Cold,13.34,73.52,56.0791,2.3366,24
2023-04-21,Clear,Mild,19.26,68.43,369.2409,4.3957,84
2023-04-21,Clear,Warm,25.04,66.08,73.7179,6.1432,12
2023-04-21,Cloudy,Cold,12.64,76.58,44.0391,3.6699,12
2023-04-21,Cloudy,Mild,19.2,69.38,398.3472,4.7422,84
2023-04-21,Cloudy,Warm,25.6,60.26,159.903,6.6626,24
2023-04-21,Fog,Mild,19.94,57.86,30.5765,2.548,12
2023-04-21,Rain,Mild,20.52,71.96,65.6208,5.4684,12
2023-04-21,Rain,Cold,13.14,72.15,27.5787,2.2982,12
2023-04-21,Snow,Mild,22.57,62.29,79.4363,6.6197,12
2023-04-22,Clear,Mild,22.1,70.97,298.7415,4.979,60
2023-04-22,Clear,Cold,11.82,85.32,28.2195,2.3516,12
2023-04-22,Clear,Warm,25.08,63.06,52.6214,4.3851,12
2023-04-22,Cloudy,Cold,14.03,83.85,12.6848,1.0571,12
2023-04-22,Cloudy,Mild,19.67,71.26,223.8056,3.7301,60
2023-04-22,Fog,Mild,21.22,71.34,147.6393,4.1011,36
2023-04-22,Fog,Cold,14.72,67.22,53.2259,2.2177,24
2023-04-22,Fog,Warm,25.32,67.36,48.8713,4.0726,12
2023-04-22,Rain,Warm,25.24,54.37,43.4142,3.6179,12
2023-04-22,Rain,Cold,13.08,78.26,68.5829,2.8576,24
2023-04-22,Rain,Mild,17.1,65.41,29.4331,1.2264,24
2023-04-23,Clear,Mild,20.96,70.17,267.41,3.714,72
2023-04-23,Clear,Cold,14.62,78.68,47.9167,1.9965,24
2023-04-23,Clear,Warm,26.73,72.7,58.1788,4.8482,12
2023-04-23,Cloudy,Mild,19.69,62.96,183.6783,3.8266,48
2023-04-23,Fog,Mild,18.07,66.56,120.3512,3.3431,36
2023-04-23,Rain,Mild,19.17,64.28,193.4968,3.2249,60
2023-04-23,Rain,Cold,10.75,85.3,20.3531,1.6961,12
2023-04-23,Snow,Mild,21.57,75.29,60.3435,5.0286,12
2023-04-23,Storm,Mild,22.26,60.45,65.0522,5.421,12
2023-04-24,Clear,Mild,21.22,69.54,225.8817,4.7059,48
2023-04-24,Clear,Warm,26.52,63.87,163.0649,6.7944,24
2023-04-24,Clear,Cold,14.56,69.81,61.0766,2.5449,24
2023-04-24,Cloudy,Warm,26.37,66.73,71.0553,5.9213,12
2023-04-24,Cloudy,Mild,19.99,69.12,176.269,3.6723,48
2023-04-24,Cloudy,Cold,14.89,83.85,40.9422,3.4119,12
2023-04-24,Fog,Cold,14.82,72.14,47.8075,3.984,12
2023-04-24,Fog,Mild,21.18,71.02,142.2168,5.9257,24
2023-04-24,Rain,Mild,19.38,76.1,193.6798,5.38,36
2023-04-24,Rain,Cold,13.45,62.56,17.2531,1.4378,12
2023-04-24,Snow,Mild,21.78,61.53,66.7259,5.5605,12
2023-04-24,Storm,Cold,14.46,66.6,16.4938,1.3745,12
2023-04-24,Storm,Mild,23.56,58.5,84.425,7.0354,12
2023-04-25,Clear,Cold,13.82,76.79,16.1481,1.3457,12
2023-04-25,Clear,Mild,20.26,69.79,175.8342,3.6632,48
2023-04-25,Clear,Warm,25.95,67.1,244.0648,6.7796,36
2023-04-25,Cloudy,Mild,19.57,73.68,298.7947,4.9799,60
2023-04-25,Fog,Warm,26.44,75.5,79.3712,6.6143,12
2023-04-25,Fog,Mild,18.05,71.9,114.9792,4.7908,24
2023-04-25,Rain,Mild,20.01,72.24,199.0801,4.1475,48
2023-04-25,Rain,Warm,27.2,58.92,66.8301,5.5692,12
2023-04-25,Rain,Cold,14.98,72.92,67.3247,5.6104,12
2023-04-25,Snow,Mild,16.26,73.63,18.8665,1.5722,12
2023-04-25,Storm,Mild,16.82,73.27,33.1983,2.7665,12
2023-04-26,Clear,Mild,21.83,74.91,115.1556,4.7982,24
2023-04-26,Cloudy,Mild,20.02,71.59,210.8174,4.392,48
2023-04-26,Cloudy,Cold,14.27,76.1,42.8191,1.7841,24
2023-04-26,Cloudy,Warm,25.67,61.7,98.2108,8.1842,12
2023-04-26,Fog,Mild,18.83,69.8,215.7208,4.4942,48
2023-04-26,Rain,Warm,26.17,72.21,59.7807,4.9817,12
2023-04-26,Rain,Mild,20.56,69.29,428.2536,4.461,96
2023-04-26,Storm,Mild,22.04,74.46,52.2092,4.3508,12
2023-04-26,Storm,Warm,26.85,66.4,78.4055,6.5338,12
2023-04-27,Clear,Mild,20.38,70.3,145.5317,4.0425,36
2023-04-27,Clear,Cold,13.96,83.49,78.853,2.1904,36
2023-04-27,Clear,Warm,26.5,60.51,80.1543,6.6795,12
2023-04-27,Cloudy,Mild,19.4,73.85,372.724,4.4372,84
2023-04-27,Rain,Mild,21.03,73.2,278.4529,5.8011,48
2023-04-27,Rain,Warm,26.14,56.79,102.5609,8.5467,12
2023-04-27,Snow,Mild,19.06,68.91,101.199,2.8111,36
2023-04-27,Storm,Warm,26.71,67.09,75.6275,6.3023,12
2023-04-27,Storm,Mild,22.95,65.36,64.1692,5.3474,12
2023-04-28,Clear,Mild,20.72,65.54,330.661,3.9364,84
2023-04-28,Clear,Warm,25.9,65.3,247.6448,6.879,36
2023-04-28,Clear,Cold,13.77,74.12,56.0212,2.3342,24
2023-04-28,Cloudy,Warm,27.41,61.21,81.6521,6.8043,12
2023-04-28,Cloudy,Mild,20.15,69.23,80.5057,6.7088,12
2023-04-28,Fog,Warm,25.22,68.82,65.8964,5.4914,12
2023-04-28,Fog,Mild,20.58,75.71,130.6712,5.4446,24
2023-04-28,Rain,Mild,19.59,76.98,167.4691,4.6519,36
2023-04-28,Rain,Warm,26.11,63.01,57.9707,4.8309,12
2023-04-28,Snow,Mild,19.95,72.96,118.0928,3.2804,36
2023-04-29,Clear,Mild,19.01,70.45,150.0297,2.5005,60
2023-04-29,Clear,Cold,14.71,81.0,27.0666,2.2556,12
2023-04-29,Cloudy,Warm,28.86,60.33,129.6259,5.4011,24
2023-04-29,Cloudy,Mild,21.27,67.39,227.58,3.793,60
2023-04-29,Fog,Mild,18.61,67.97,123.2867,3.4246,36
2023-04-29,Rain,Mild,22.96,66.04,209.9879,4.3747,48
2023-04-29,Snow,Warm,26.5,57.64,59.6759,4.973,12
2023-04-29,Storm,Mild,16.84,78.0,68.901,1.9139,36
2023-04-30,Clear,Warm,25.24,71.8,59.496,4.958,12
2023-04-30,Clear,Cold,14.89,76.25,22.2444,1.8537,12
2023-04-30,Clear,Mild,21.73,64.92,336.369,4.0044,84
2023-04-30,Cloudy,Mild,19.16,69.3,80.0837,3.3368,24
2023-04-30,Cloudy,Cold,13.13,73.31,13.0055,1.0838,12
2023-04-30,Fog,Mild,19.11,68.17,39.8541,3.3212,12
2023-04-30,Fog,Cold,14.11,85.45,15.607,1.3006,12
2023-04-30,Fog,Warm,25.73,60.38,124.6967,5.1957,24
2023-04-30,Rain,Mild,19.35,67.54,183.1929,3.0532,60
2023-04-30,Rain,Warm,25.61,72.57,47.295,3.9413,12
2023-04-30,Snow,Mild,24.04,65.82,41.5872,3.4656,12
2023-04-30,Snow,Warm,25.52,58.92,57.1253,4.7604,12
2023-05-01,Clear,Warm,28.0,63.54,214.4036,8.9335,24
2023-05-01,Clear,Mild,21.44,71.77,188.9316,5.2481,36
2023-05-01,Cloudy,Warm,26.99,57.24,320.9624,6.6867,48
2023-05-01,Cloudy,Mild,18.28,72.08,159.8503,3.3302,48
2023-05-01,Fog,Cold,13.99,63.36,26.9001,2.2417,12
2023-05-01,Fog,Mild,19.36,69.49,119.2775,4.9699,24
2023-05-01,Rain,Mild,20.3,66.98,328.1179,3.9062,84
2023-05-01,Snow,Mild,18.21,76.09,14.3969,1.1997,12
2023-05-02,Clear,Warm,26.97,65.96,329.5325,6.8653,48
2023-05-02,Clear,Mild,20.67,69.31,280.3264,3.8934,72
2023-05-02,Cloudy,Mild,19.9,65.68,216.8641,4.518,48
2023-05-02,Fog,Mild,15.97,73.15,33.2275,1.3845,24
2023-05-02,Rain,Mild,20.08,72.74,327.3644,4.5467,72
2023-05-02,Rain,Warm,25.62,64.28,79.0716,6.5893,12
2023-05-02,Storm,Mild,21.38,73.38,59.3858,4.9488,12
2023-05-03,Clear,Cold,14.93,70.28,34.3001,2.8583,12
2023-05-03,Clear,Mild,19.88,71.04,626.495,4.016,156
2023-05-03,Clear,Warm,29.08,57.55,70.3845,5.8654,12
2023-05-03,Cloudy,Warm,25.34,61.35,156.3736,6.5156,24
2023-05-03,Cloudy,Mild,23.77,73.33,68.5457,5.7121,12
2023-05-03,Fog,Warm,26.58,64.31,76.5823,6.3819,12
2023-05-03,Fog,Mild,24.43,70.07,66.2458,5.5205,12
2023-05-03,Rain,Mild,23.58,69.88,31.9165,2.6597,12
2023-05-03,Rain,Warm,26.06,62.12,158.5141,6.6048,24
2023-05-03,Snow,Mild,15.1,76.95,65.6126,5.4677,12
2023-05-04,Clear,Warm,26.45,60.1,335.6376,6.9925,48
2023-05-04,Clear,Mild,18.22,69.3,149.2654,3.1097,48
2023-05-04,Cloudy,Warm,27.4,59.52,187.7949,7.8248,24
2023-05-04,Cloudy,Mild,20.18,67.74,278.5357,3.8686,72
2023-05-04,Rain,Warm,25.78,63.89,208.6446,5.7957,36
2023-05-04,Rain,Mild,19.51,73.43,50.4736,2.1031,24
2023-05-04,Storm,Mild,22.56,66.88,195.4897,5.4303,36
2023-05-05,Clear,Mild,22.13,70.17,288.1969,4.8033,60
2023-05-05,Clear,Warm,29.32,58.57,153.9353,6.414,24
2023-05-05,Cloudy,Mild,20.08,74.12,433.1691,5.1568,84
2023-05-05,Cloudy,Warm,25.77,55.23,105.9455,8.8288,12
2023-05-05,Fog,Mild,21.15,66.38,74.2471,3.0936,24
2023-05-05,Rain,Warm,26.4,53.55,68.1067,5.6756,12
2023-05-05,Rain,Mild,20.69,68.4,118.0493,3.2791,36
2023-05-05,Storm,Warm,28.19,64.8,78.7507,6.5626,12
2023-05-05,Storm,Mild,20.09,72.32,76.4709,3.1863,24
2023-05-06,Clear,Mild,20.33,70.11,187.2573,3.121,60
2023-05-06,Clear,Warm,26.41,61.85,115.5593,4.815,24
2023-05-06,Cloudy,Warm,25.35,60.71,99.7488,4.1562,24
2023-05-06,Cloudy,Mild,19.12,69.98,110.2006,2.2958,48
2023-05-06,Fog,Mild,21.47,63.12,180.0146,3.7503,48
2023-05-06,Fog,Warm,26.63,65.63,187.5827,7.8159,24
2023-05-06,Rain,Mild,20.02,63.65,51.8373,4.3198,12
2023-05-06,Rain,Warm,27.44,67.45,49.2097,4.1008,12
2023-05-06,Rain,Cold,14.59,73.39,12.4121,1.0343,12
2023-05-06,Storm,Mild,18.39,76.71,37.9145,3.1595,12
2023-05-06,Storm,Warm,28.77,61.26,64.3136,5.3595,12
2023-05-07,Clear,Mild,20.67,66.41,152.2264,3.1714,48
2023-05-07,Clear,Warm,27.8,71.02,80.5561,6.713,12
2023-05-07,Cloudy,Warm,26.92,61.86,171.9974,4.7777,36
2023-05-07,Cloudy,Mild,19.88,71.85,152.4415,2.5407,60
2023-05-07,Fog,Mild,17.26,79.44,12.2874,1.024,12
2023-05-07,Fog,Warm,25.19,61.93,50.1953,4.1829,12
2023-05-07,Rain,Warm,25.7,67.29,146.7986,6.1166,24
2023-05-07,Rain,Mild,21.53,65.37,196.6907,3.2782,60
2023-05-07,Snow,Mild,20.62,68.99,22.967,1.9139,12
2023-05-07,Snow,Warm,26.13,56.74,61.5659,5.1305,12
2023-05-08,Clear,Mild,21.72,68.39,271.2548,4.5209,60
2023-05-08,Clear,Warm,27.31,64.83,170.2009,7.0917,24
2023-05-08,Cloudy,Mild,20.14,70.7,137.1821,2.858,48
2023-05-08,Cloudy,Warm,25.34,62.48,96.3075,8.0256,12
2023-05-08,Fog,Mild,21.19,66.32,70.2357,5.853,12
2023-05-08,Fog,Warm,26.65,58.36,83.3594,6.9466,12
2023-05-08,Rain,Mild,19.99,69.44,244.3027,4.0717,60
2023-05-08,Rain,Warm,26.02,68.81,157.6008,6.5667,24
2023-05-08,Storm,Warm,27.76,56.44,82.7365,6.8947,12
2023-05-08,Storm,Mild,20.87,75.43,66.0852,2.7536,24
2023-05-09,Clear,Warm,28.36,57.97,238.1234,6.6145,36
2023-05-09,Clear,Mild,21.36,70.6,152.4683,4.2352,36
2023-05-09,Cloudy,Mild,22.58,65.8,355.5365,4.938,72
2023-05-09,Fog,Mild,19.54,63.91,133.2317,3.7009,36
2023-05-09,Rain,Mild,21.61,67.22,153.3924,3.1957,48
2023-05-09,Rain,Warm,27.38,68.53,199.5177,8.3132,24
2023-05-09,Snow,Warm,27.82,69.79,81.0069,6.7506,12
2023-05-09,Storm,Mild,22.87,69.97,101.1922,4.2163,24
2023-05-10,Clear,Mild,20.38,67.54,263.2827,4.388,60
2023-05-10,Clear,Warm,27.76,67.73,249.6935,6.9359,36
2023-05-10,Cloudy,Warm,27.01,63.79,242.9405,6.7483,36
2023-05-10,Cloudy,Mild,23.93,64.41,230.2163,6.3949,36
2023-05-10,Fog,Warm,26.39,65.45,59.4733,4.9561,12
2023-05-10,Rain,Mild,19.45,73.25,195.727,3.2621,60
2023-05-10,Rain,Warm,26.59,67.96,68.9281,5.744,12
2023-05-10,Snow,Mild,19.85,76.92,16.2667,1.3556,12
2023-05-10,Storm,Mild,21.72,71.13,47.3459,1.9727,24
2023-05-11,Clear,Mild,21.35,66.98,228.7029,3.1764,72
2023-05-11,Clear,Warm,26.96,62.53,326.3881,6.7998,48
2023-05-11,Cloudy,Mild,22.19,71.1,245.7505,4.0958,60
2023-05-11,Cloudy,Warm,29.08,69.5,209.909,8.7462,24
2023-05-11,Fog,Warm,26.96,61.92,78.971,6.5809,12
2023-05-11,Fog,Mild,18.93,69.27,47.1719,3.931,12
2023-05-11,Rain,Mild,17.91,69.34,34.0738,2.8395,12
2023-05-11,Rain,Warm,26.94,73.62,136.3181,5.6799,24
2023-05-11,Storm,Warm,25.18,72.5,89.2538,7.4378,12
2023-05-11,Storm,Mild,17.97,61.99,19.6075,1.634,12
2023-05-12,Clear,Warm,28.94,58.99,271.5506,7.5431,36
2023-05-12,Clear,Mild,21.51,69.57,137.3479,3.8152,36
2023-05-12,Cloudy,Warm,27.49,59.22,204.474,5.6798,36
2023-05-12,Cloudy,Mild,20.33,68.87,282.2189,3.9197,72
2023-05-12,Fog,Mild,22.06,66.88,174.4034,4.8445,36
2023-05-12,Fog,Warm,25.24,62.94,94.4016,7.8668,12
2023-05-12,Rain,Mild,20.48,70.9,145.6504,3.0344,48
2023-05-12,Snow,Warm,26.14,63.25,73.0832,6.0903,12
2023-05-13,Clear,Warm,27.83,62.95,383.1556,5.3216,72
2023-05-13,Clear,Mild,18.73,73.81,149.8755,2.4979,60
2023-05-13,Cloudy,Warm,26.9,67.52,255.3312,5.3194,48
2023-05-13,Cloudy,Mild,21.13,66.65,164.8561,3.4345,48
2023-05-13,Fog,Mild,20.08,69.31,50.3609,2.0984,24
2023-05-13,Rain,Mild,18.05,70.16,14.6607,1.2217,12
2023-05-13,Rain,Warm,25.63,61.87,43.5904,3.6325,12
2023-05-13,Storm,Mild,20.08,69.47,16.5171,1.3764,12
2023-05-14,Clear,Mild,21.67,73.27,232.7777,3.233,72
2023-05-14,Clear,Warm,28.04,61.87,112.2263,4.6761,24
2023-05-14,Cloudy,Mild,19.73,69.59,64.3693,1.788,36
2023-05-14,Cloudy,Warm,26.82,61.15,269.8907,5.6227,48
2023-05-14,Fog,Warm,26.49,63.84,219.6247,4.5755,48
2023-05-14,Rain,Mild,21.28,71.33,87.5013,2.4306,36
2023-05-14,Rain,Warm,25.91,68.27,66.8716,5.5726,12
2023-05-14,Storm,Mild,20.43,64.36,26.6409,2.2201,12
2023-05-15,Clear,Warm,28.29,63.77,378.8793,6.3147,60
2023-05-15,Clear,Mild,21.07,67.72,236.5275,3.9421,60
2023-05-15,Cloudy,Mild,21.47,68.71,120.1213,3.3367,36
2023-05-15,Cloudy,Warm,27.19,61.85,324.1567,6.7533,48
2023-05-15,Fog,Mild,21.4,69.82,104.8017,2.9112,36
2023-05-15,Rain,Warm,25.09,58.89,110.9731,9.2478,12
2023-05-15,Snow,Mild,22.92,56.54,67.867,5.6556,12
2023-05-15,Storm,Mild,22.54,65.47,77.0244,3.2094,24
2023-05-16,Clear,Mild,21.34,64.58,278.2815,3.865,72
2023-05-16,Clear,Warm,27.05,62.11,278.8264,5.8089,48
2023-05-16,Cloudy,Mild,22.71,63.07,257.2118,5.3586,48
2023-05-16,Cloudy,Warm,28.81,61.66,143.0281,5.9595,24
2023-05-16,Fog,Warm,25.73,65.18,77.885,6.4904,12
2023-05-16,Fog,Mild,19.1,72.02,16.1297,1.3441,12
2023-05-16,Rain,Mild,18.28,63.53,67.8211,5.6518,12
2023-05-16,Rain,Warm,26.49,66.18,100.9209,8.4101,12
2023-05-16,Storm,Mild,20.71,64.33,88.8388,2.4677,36
2023-05-16,Storm,Warm,27.78,69.17,67.214,5.6012,12
2023-05-17,Clear,Warm,28.61,61.46,512.142,6.0969,84
2023-05-17,Clear,Mild,20.96,69.49,133.5266,2.7818,48
2023-05-17,Cloudy,Mild,20.76,74.77,106.9338,4.4556,24
2023-05-17,Cloudy,Warm,28.12,69.29,264.1813,7.3384,36
2023-05-17,Fog,Mild,19.95,72.39,47.6877,3.974,12
2023-05-17,Rain,Mild,21.59,69.73,207.3713,3.4562,60
2023-05-17,Rain,Warm,26.84,60.74,138.4774,5.7699,24
2023-05-18,Clear,Mild,21.4,69.1,264.1395,3.6686,72
2023-05-18,Clear,Warm,28.07,63.82,641.4088,6.6813,96
2023-05-18,Cloudy,Mild,21.66,65.93,121.7098,3.3808,36
2023-05-18,Cloudy,Warm,26.52,67.24,218.9337,6.0815,36
2023-05-18,Fog,Mild,21.1,70.92,16.5443,1.3787,12
2023-05-18,Rain,Mild,21.38,75.24,21.5899,1.7992,12
2023-05-18,Storm,Mild,17.86,64.96,20.6361,1.7197,12
2023-05-18,Storm,Warm,29.88,60.1,112.7134,9.3928,12
2023-05-19,Clear,Warm,28.48,62.04,669.9363,6.9785,96
2023-05-19,Clear,Mild,19.72,68.95,145.1502,3.024,48
2023-05-19,Cloudy,Mild,20.99,66.61,189.3476,3.9447,48
2023-05-19,Cloudy,Warm,26.22,62.82,164.4227,6.8509,24
2023-05-19,Fog,Mild,22.73,58.98,49.0993,2.0458,24
2023-05-19,Rain,Mild,18.83,83.4,23.9391,1.9949,12
2023-05-19,Rain,Warm,25.86,69.29,73.2287,6.1024,12
2023-05-19,Storm,Mild,20.53,65.68,47.2869,3.9406,12
2023-05-19,Storm,Warm,28.19,64.18,59.5666,4.9639,12
2023-05-20,Clear,Mild,20.81,67.98,161.1202,2.2378,72
2023-05-20,Clear,Warm,28.04,67.38,190.0747,5.2799,36
2023-05-20,Cloudy,Mild,21.83,68.48,121.9292,3.3869,36
2023-05-20,Cloudy,Warm,27.24,64.69,366.3108,5.0877,72
2023-05-20,Fog,Warm,25.91,72.56,58.7444,4.8954,12
2023-05-20,Fog,Mild,15.97,73.26,12.5069,1.0422,12
2023-05-20,Storm,Warm,28.21,55.17,48.5722,4.0477,12
2023-05-20,Storm,Mild,20.83,69.05,100.7637,2.799,36
2023-05-21,Clear,Warm,26.95,63.77,210.0353,4.3757,48
2023-05-21,Clear,Mild,21.24,69.29,110.9898,2.3123,48
2023-05-21,Cloudy,Warm,30.08,58.93,88.933,7.4111,12
2023-05-21,Cloudy,Mild,22.79,66.43,195.3494,3.2558,60
2023-05-21,Fog,Mild,23.98,69.59,53.8383,4.4865,12
2023-05-21,Rain,Mild,21.66,67.43,91.6275,1.9089,48
2023-05-21,Storm,Warm,28.09,65.79,270.769,5.641,48
2023-05-21,Storm,Mild,23.1,66.24,53.064,4.422,12
2023-05-22,Clear,Warm,28.93,59.51,176.7956,7.3665,24
2023-05-22,Clear,Mild,23.23,70.37,119.7633,3.3268,36
2023-05-22,Cloudy,Mild,20.07,65.71,72.8534,3.0356,24
2023-05-22,Cloudy,Warm,28.33,60.1,461.8287,6.4143,72
2023-05-22,Fog,Mild,22.29,55.72,16.5734,1.3811,12
2023-05-22,Rain,Mild,20.57,67.25,272.2521,3.7813,72
2023-05-22,Rain,Warm,26.71,60.89,59.9611,4.9968,12
2023-05-22,Storm,Warm,29.78,58.29,236.1897,6.5608,36
2023-05-23,Clear,Hot,32.5,61.16,75.6579,6.3048,12
2023-05-23,Clear,Mild,22.26,70.19,137.9298,5.7471,24
2023-05-23,Clear,Warm,29.52,59.64,465.4669,7.7578,60
2023-05-23,Cloudy,Hot,33.09,55.85,82.2842,6.857,12
2023-05-23,Cloudy,Warm,25.94,54.88,68.9847,5.7487,12
2023-05-23,Cloudy,Mild,21.32,64.68,90.177,2.5049,36
2023-05-23,Fog,Mild,22.59,66.48,59.2897,2.4704,24
2023-05-23,Rain,Warm,26.37,63.53,262.7851,5.4747,48
2023-05-23,Rain,Mild,20.32,73.88,64.9811,2.7075,24
2023-05-23,Storm,Warm,27.07,55.1,91.4518,7.621,12
2023-05-23,Storm,Mild,22.9,65.82,42.3932,1.7664,24
2023-05-24,Clear,Warm,28.08,61.31,378.7292,7.8902,48
2023-05-24,Clear,Mild,21.52,67.11,120.6313,2.5132,48
2023-05-24,Clear,Hot,32.9,64.81,168.0563,7.0023,24
2023-05-24,Cloudy,Warm,28.77,62.84,131.3279,5.472,24
2023-05-24,Cloudy,Mild,22.36,74.41,165.7728,3.4536,48
2023-05-24,Fog,Warm,27.36,54.66,66.5155,5.543,12
2023-05-24,Rain,Warm,26.48,63.11,74.7455,6.2288,12
2023-05-24,Rain,Mild,24.76,64.76,55.1714,4.5976,12
2023-05-24,Snow,Warm,26.7,67.54,74.1028,6.1752,12
2023-05-24,Snow,Mild,21.4,60.83,25.5815,2.1318,12
2023-05-24,Storm,Mild,23.08,63.94,121.8537,5.0772,24
2023-05-24,Storm,Warm,25.7,60.04,32.9118,2.7427,12
2023-05-25,Clear,Mild,20.57,65.47,232.4627,3.2286,72
2023-05-25,Clear,Warm,29.09,59.7,784.9559,6.5413,120
2023-05-25,Cloudy,Mild,23.5,61.65,56.8139,2.3672,24
2023-05-25,Fog,Warm,25.66,61.9,73.4976,6.1248,12
2023-05-25,Rain,Mild,22.04,64.19,15.9548,1.3296,12
2023-05-25,Rain,Warm,25.51,71.44,92.0267,3.8344,24
2023-05-25,Storm,Warm,28.6,60.29,182.4955,7.604,24
2023-05-26,Clear,Warm,28.83,63.31,377.9226,7.8734,48
2023-05-26,Clear,Mild,23.53,67.82,91.6514,3.8188,24
2023-05-26,Clear,Hot,32.26,55.2,90.4422,7.5369,12
2023-05-26,Cloudy,Mild,22.32,65.84,82.4467,2.2902,36
2023-05-26,Cloudy,Warm,27.85,65.13,435.3163,7.2553,60
2023-05-26,Fog,Mild,20.47,69.28,59.4614,2.4776,24
2023-05-26,Rain,Warm,26.26,59.46,76.2212,6.3518,12
2023-05-26,Rain,Mild,21.49,71.27,47.482,1.9784,24
2023-05-26,Snow,Mild,22.26,64.21,47.0815,3.9235,12
2023-05-26,Storm,Warm,27.87,63.81,199.1878,5.533,36
2023-05-27,Clear,Warm,28.33,66.99,314.4638,4.3676,72
2023-05-27,Clear,Mild,21.62,71.64,76.8853,1.6018,48
2023-05-27,Clear,Hot,32.01,48.97,61.0445,5.087,12
2023-05-27,Cloudy,Warm,29.09,63.6,248.1239,6.8923,36
2023-05-27,Cloudy,Mild,18.82,68.32,12.3843,1.032,12
2023-05-27,Rain,Mild,20.7,67.04,87.9757,2.4438,36
2023-05-27,Rain,Warm,26.05,65.98,141.6749,5.9031,24
2023-05-27,Storm,Warm,30.32,55.93,146.9785,6.1241,24
2023-05-27,Storm,Mild,22.58,69.56,67.9324,2.8305,24
2023-05-28,Clear,Mild,21.51,70.97,128.7988,2.6833,48
2023-05-28,Clear,Warm,29.83,61.19,451.4832,5.3748,84
2023-05-28,Cloudy,Mild,24.86,66.06,20.7085,1.7257,12
2023-05-28,Cloudy,Warm,28.53,64.2,214.5479,4.4697,48
2023-05-28,Fog,Warm,26.78,71.37,54.7494,4.5625,12
2023-05-28,Fog,Mild,23.17,77.44,14.282,1.1902,12
2023-05-28,Rain,Warm,25.42,70.01,56.0862,4.6739,12
2023-05-28,Rain,Mild,22.25,70.71,43.8918,1.8288,24
2023-05-28,Storm,Mild,21.77,60.03,71.0137,2.9589,24
2023-05-28,Storm,Warm,28.64,63.05,64.0883,5.3407,12
2023-05-29,Clear,Warm,28.91,63.45,700.1436,6.4828,108
2023-05-29,Clear,Mild,21.9,69.77,121.3696,3.3714,36
2023-05-29,Clear,Hot,34.22,66.78,93.213,7.7677,12
2023-05-29,Cloudy,Mild,20.75,70.7,58.215,2.4256,24
2023-05-29,Cloudy,Warm,29.14,62.4,281.2846,7.8135,36
2023-05-29,Fog,Mild,22.94,69.64,176.167,3.6701,48
2023-05-29,Rain,Warm,27.55,65.07,36.1749,3.0146,12
2023-05-29,Rain,Mild,23.59,59.38,18.32,1.5267,12
2023-05-30,Clear,Mild,21.75,69.13,117.9831,3.2773,36
2023-05-30,Clear,Warm,30.16,63.06,238.6654,6.6296,36
2023-05-30,Cloudy,Warm,27.83,64.39,515.1887,7.1554,72
2023-05-30,Cloudy,Mild,21.22,66.86,79.7525,3.323,24
2023-05-30,Cloudy,Hot,32.19,48.28,80.9528,6.7461,12
2023-05-30,Fog,Mild,21.28,71.22,41.967,1.7486,24
2023-05-30,Fog,Warm,27.51,59.2,77.7233,6.4769,12
2023-05-30,Rain,Mild,24.11,67.79,49.097,4.0914,12
2023-05-30,Rain,Warm,27.09,59.56,110.2956,4.5957,24
2023-05-30,Snow,Mild,24.43,58.94,73.6181,6.1348,12
2023-05-30,Storm,Warm,29.89,53.32,62.417,5.2014,12
2023-05-30,Storm,Hot,32.78,50.85,77.0607,6.4217,12
2023-05-31,Clear,Warm,28.82,60.1,776.9773,6.4748,120
2023-05-31,Clear,Mild,22.37,69.8,224.9602,3.1244,72
2023-05-31,Clear,Hot,32.47,57.73,73.9145,6.1595,12
2023-05-31,Cloudy,Warm,28.5,57.23,107.1735,8.9311,12
2023-05-31,Cloudy,Mild,21.74,67.98,43.2504,1.8021,24
2023-05-31,Rain,Mild,23.34,70.21,107.1071,4.4628,24
2023-05-31,Storm,Warm,30.14,59.23,197.4288,8.2262,24
2023-06-01,Clear,Hot,34.43,56.42,95.7013,7.9751,12
2023-06-01,Clear,Mild,22.1,66.79,98.5522,2.7376,36
2023-06-01,Clear,Warm,29.78,60.14,508.0613,7.0564,72
2023-06-01,Cloudy,Mild,24.8,73.2,33.7365,2.8114,12
2023-06-01,Cloudy,Warm,30.02,56.06,324.9049,6.7689,48
2023-06-01,Rain,Mild,22.54,70.0,100.0893,2.7803,36
2023-06-01,Rain,Warm,26.53,65.51,285.7505,5.9531,48
2023-06-01,Storm,Mild,20.16,69.56,51.2743,2.1364,24
2023-06-02,Clear,Mild,20.95,69.79,63.158,2.6316,24
2023-06-02,Clear,Hot,32.39,68.38,97.2931,8.1078,12
2023-06-02,Clear,Warm,29.46,58.1,779.162,6.493,120
2023-06-02,Cloudy,Warm,28.64,61.23,172.0909,7.1705,24
2023-06-02,Cloudy,Mild,21.69,70.03,212.8844,3.5481,60
2023-06-02,Snow,Mild,22.97,57.49,17.6315,1.4693,12
2023-06-02,Storm,Warm,26.0,65.59,97.0851,4.0452,24
2023-06-02,Storm,Mild,23.86,62.36,43.2654,3.6055,12
2023-06-03,Clear,Warm,29.46,63.21,425.9812,5.0712,84
2023-06-03,Clear,Mild,23.52,61.72,220.5154,3.6753,60
2023-06-03,Cloudy,Mild,21.6,69.93,140.0492,2.3342,60
2023-06-03,Cloudy,Warm,26.39,63.47,73.8288,3.0762,24
2023-06-03,Cloudy,Hot,32.28,51.32,63.144,5.262,12
2023-06-03,Fog,Mild,22.15,69.87,12.1775,1.0148,12
2023-06-03,Storm,Warm,29.84,60.75,218.8343,6.0787,36
2023-06-04,Clear,Warm,30.1,58.74,159.466,4.4296,36
2023-06-04,Clear,Mild,22.74,62.71,145.9231,2.0267,72
2023-06-04,Clear,Hot,32.65,62.52,371.1053,6.1851,60
2023-06-04,Cloudy,Warm,28.3,64.1,248.9217,5.1859,48
2023-06-04,Fog,Warm,26.94,63.8,58.2961,4.858,12
2023-06-04,Rain,Warm,26.61,65.13,112.2097,4.6754,24
2023-06-04,Rain,Mild,22.8,72.78,35.7998,1.4917,24
2023-06-04,Storm,Warm,26.71,68.88,18.6784,1.5565,12
2023-06-05,Clear,Mild,21.17,66.99,52.0794,1.4466,36
2023-06-05,Clear,Hot,33.07,58.73,89.1004,7.425,12
2023-06-05,Clear,Warm,29.23,62.22,912.5066,6.9129,132
2023-06-05,Cloudy,Warm,28.99,59.95,128.4332,5.3514,24
2023-06-05,Cloudy,Mild,21.78,70.09,95.5236,3.9802,24
2023-06-05,Fog,Mild,23.77,60.09,69.4322,5.786,12
2023-06-05,Rain,Mild,19.29,75.22,34.4383,2.8699,12
2023-06-05,Storm,Mild,24.13,64.71,125.9862,3.4996,36
2023-06-06,Clear,Warm,29.6,61.84,553.3246,6.5872,84
2023-06-06,Clear,Mild,23.63,65.05,99.1711,2.7548,36
2023-06-06,Clear,Hot,32.25,70.09,67.8612,5.6551,12
2023-06-06,Cloudy,Hot,32.71,50.8,87.113,7.2594,12
2023-06-06,Cloudy,Mild,23.61,69.91,53.187,2.2161,24
2023-06-06,Cloudy,Warm,28.47,62.36,261.1786,7.255,36
2023-06-06,Fog,Warm,25.67,61.29,71.0244,5.9187,12
2023-06-06,Rain,Mild,24.11,65.61,168.0475,4.668,36
2023-06-06,Storm,Mild,23.61,68.64,72.5791,3.0241,24
2023-06-06,Storm,Warm,28.94,60.84,71.1849,5.9321,12
2023-06-07,Clear,Warm,28.9,63.56,627.2099,5.8075,108
2023-06-07,Clear,Mild,22.13,68.93,76.192,3.1747,24
2023-06-07,Cloudy,Warm,27.75,69.03,294.2134,6.1294,48
2023-06-07,Cloudy,Hot,32.2,62.32,114.5379,9.5448,12
2023-06-07,Cloudy,Mild,22.92,66.3,32.8285,1.3679,24
2023-06-07,Fog,Warm,27.34,46.06,61.7051,5.1421,12
2023-06-07,Rain,Mild,22.46,71.13,104.5715,4.3571,24
2023-06-07,Storm,Warm,25.93,68.15,225.6785,6.2688,36
2023-06-08,Clear,Mild,24.99,77.79,66.3801,5.5317,12
2023-06-08,Clear,Warm,30.99,59.05,406.9157,6.7819,60
2023-06-08,Clear,Hot,33.39,65.43,94.3886,7.8657,12
2023-06-08,Cloudy,Mild,23.16,63.93,86.9618,2.4156,36
2023-06-08,Cloudy,Warm,29.93,62.11,416.6108,6.9435,60
2023-06-08,Fog,Mild,22.97,65.44,67.7071,2.8211,24
2023-06-08,Fog,Warm,27.9,61.51,91.8078,7.6507,12
2023-06-08,Rain,Warm,26.17,68.8,108.6112,4.5255,24
2023-06-08,Rain,Mild,21.53,66.36,19.5946,1.6329,12
2023-06-08,Storm,Mild,22.89,62.77,56.7152,2.3631,24
2023-06-08,Storm,Warm,31.19,56.69,73.0633,6.0886,12
2023-06-09,Clear,Warm,30.03,69.77,453.243,7.5541,60
2023-06-09,Clear,Mild,23.45,59.97,49.4987,2.0624,24
2023-06-09,Clear,Hot,34.55,60.25,173.285,7.2202,24
2023-06-09,Cloudy,Hot,33.52,61.53,85.4586,7.1216,12
2023-06-09,Cloudy,Mild,24.14,69.91,177.2254,3.6922,48
2023-06-09,Cloudy,Warm,28.38,67.19,159.2362,6.6348,24
2023-06-09,Fog,Warm,26.06,68.91,75.6391,3.1516,24
2023-06-09,Fog,Mild,22.55,72.05,124.5123,3.4587,36
2023-06-09,Rain,Mild,21.97,66.51,33.116,2.7597,12
2023-06-09,Storm,Warm,28.71,63.97,207.5967,8.6499,24
2023-06-10,Clear,Warm,29.79,60.2,231.4288,4.8214,48
2023-06-10,Clear,Hot,32.38,55.44,105.393,8.7828,12
2023-06-10,Clear,Mild,22.18,60.9,28.484,1.1868,24
2023-06-10,Cloudy,Mild,22.77,66.33,123.5044,2.573,48
2023-06-10,Cloudy,Warm,28.73,65.01,483.5026,5.0365,96
2023-06-10,Rain,Mild,20.69,67.74,34.2771,2.8564,12
2023-06-10,Rain,Warm,27.16,59.7,19.5963,1.633,12
2023-06-10,Storm,Warm,28.74,66.02,163.9727,4.5548,36
2023-06-11,Clear,Warm,28.23,61.15,271.9473,3.777,72
2023-06-11,Clear,Mild,23.69,67.25,167.8545,2.7976,60
2023-06-11,Clear,Hot,33.73,62.29,159.9579,6.6649,24
2023-06-11,Cloudy,Warm,27.88,64.92,247.4699,5.1556,48
2023-06-11,Cloudy,Mild,21.47,71.95,17.0939,1.4245,12
2023-06-11,Cloudy,Hot,32.2,60.34,142.6825,5.9451,24
2023-06-11,Rain,Mild,22.52,70.06,97.4547,2.7071,36
2023-06-11,Snow,Warm,27.14,61.4,46.0814,3.8401,12
2023-06-12,Clear,Warm,29.49,61.72,450.7556,6.2605,72
2023-06-12,Clear,Hot,32.77,60.73,178.147,7.4228,24
2023-06-12,Clear,Mild,22.1,68.03,169.3721,2.8229,60
2023-06-12,Cloudy,Warm,31.16,69.65,117.2195,9.7683,12
2023-06-12,Cloudy,Mild,22.3,67.49,83.762,3.4901,24
2023-06-12,Cloudy,Hot,32.1,54.04,91.5974,7.6331,12
2023-06-12,Fog,Warm,27.22,56.99,76.643,6.3869,12
2023-06-12,Rain,Mild,23.74,69.1,104.2135,2.8948,36
2023-06-12,Rain,Warm,25.33,74.6,58.9767,4.9147,12
2023-06-12,Storm,Warm,31.53,61.36,105.8366,8.8197,12
2023-06-12,Storm,Hot,33.0,57.69,122.1418,10.1785,12
2023-06-13,Clear,Warm,28.59,61.01,613.7216,6.3929,96
2023-06-13,Clear,Mild,23.74,63.7,83.7233,1.7442,48
2023-06-13,Clear,Hot,34.57,63.25,182.1427,7.5893,24
2023-06-13,Cloudy,Hot,32.62,57.25,88.0675,7.339,12
2023-06-13,Cloudy,Warm,29.18,61.63,222.2485,6.1736,36
2023-06-13,Cloudy,Mild,24.55,61.04,23.7345,1.9779,12
2023-06-13,Fog,Mild,23.51,61.95,37.4578,3.1215,12
2023-06-13,Rain,Mild,23.71,82.25,43.6712,3.6393,12
2023-06-13,Storm,Warm,28.5,68.08,166.1569,6.9232,24
2023-06-13,Storm,Hot,33.16,57.59,75.8481,6.3207,12
2023-06-14,Clear,Warm,29.83,64.25,500.1248,6.9462,72
2023-06-14,Clear,Mild,23.43,72.06,59.2485,2.4687,24
2023-06-14,Clear,Hot,32.48,60.61,117.3846,9.7821,12
2023-06-14,Cloudy,Warm,29.05,64.68,420.5514,5.841,72
2023-06-14,Cloudy,Hot,33.02,55.11,108.1295,9.0108,12
2023-06-14,Cloudy,Mild,21.75,62.19,20.1115,1.676,12
2023-06-14,Fog,Mild,21.2,68.73,58.7437,2.4477,24
2023-06-14,Rain,Mild,24.34,62.37,47.4342,1.9764,24
2023-06-14,Rain,Warm,26.92,58.04,209.0482,5.8069,36
2023-06-15,Clear,Warm,29.92,62.64,687.3622,7.16,96
2023-06-15,Clear,Mild,23.68,58.86,140.6401,3.9067,36
2023-06-15,Clear,Hot,32.98,55.63,292.576,8.1271,36
2023-06-15,Cloudy,Warm,27.94,62.24,158.4689,4.4019,36
2023-06-15,Fog,Mild,22.48,74.03,62.7207,2.6134,24
2023-06-15,Fog,Warm,25.54,63.48,18.6767,1.5564,12
2023-06-15,Rain,Mild,24.79,68.35,89.4328,3.7264,24
2023-06-15,Storm,Mild,21.37,65.59,41.7038,3.4753,12
2023-06-15,Storm,Warm,28.59,66.86,79.9386,6.6616,12
2023-06-16,Clear,Warm,29.16,60.54,614.2702,6.3986,96
2023-06-16,Clear,Hot,33.04,55.61,333.266,6.943,48
2023-06-16,Clear,Mild,23.68,75.73,45.367,1.8903,24
2023-06-16,Cloudy,Mild,23.51,63.61,70.963,2.9568,24
2023-06-16,Cloudy,Warm,26.38,64.28,136.7276,5.697,24
2023-06-16,Cloudy,Hot,33.76,56.14,209.0698,8.7112,24
2023-06-16,Fog,Mild,24.39,60.65,44.3223,3.6935,12
2023-06-16,Fog,Warm,27.22,61.63,18.4308,1.5359,12
2023-06-16,Rain,Warm,25.26,66.86,32.958,2.7465,12
2023-06-16,Storm,Mild,22.63,75.91,35.8947,2.9912,12
2023-06-17,Clear,Warm,28.35,65.56,430.877,4.4883,96
2023-06-17,Clear,Hot,32.69,60.66,250.7896,5.2248,48
2023-06-17,Clear,Mild,22.95,64.11,15.6781,1.3065,12
2023-06-17,Cloudy,Warm,27.33,63.3,150.6261,4.1841,36
2023-06-17,Cloudy,Mild,23.74,70.24,59.9528,1.6654,36
2023-06-17,Rain,Warm,26.5,52.92,56.4859,4.7072,12
2023-06-17,Snow,Mild,21.26,71.33,27.153,2.2628,12
2023-06-17,Storm,Mild,23.37,68.9,26.3051,2.1921,12
2023-06-17,Storm,Warm,30.31,61.8,73.2131,6.1011,12
2023-06-17,Storm,Hot,32.86,71.38,66.5884,5.549,12
2023-06-18,Clear,Mild,23.43,64.04,68.0344,1.8898,36
2023-06-18,Clear,Warm,28.81,61.99,551.6345,4.597,120
2023-06-18,Clear,Hot,33.12,61.82,185.3724,5.1492,36
2023-06-18,Cloudy,Warm,26.58,69.38,26.6034,2.217,12
2023-06-18,Cloudy,Hot,32.34,59.78,93.7134,7.8094,12
2023-06-18,Cloudy,Mild,24.08,65.46,42.9142,1.7881,24
2023-06-18,Rain,Warm,27.0,69.45,73.9682,3.082,24
2023-06-18,Storm,Warm,29.71,61.12,127.0408,5.2934,24
2023-06-19,Clear,Warm,29.55,60.82,563.2569,5.8673,96
2023-06-19,Clear,Hot,34.47,56.46,279.6369,7.7677,36
2023-06-19,Clear,Mild,22.58,68.57,59.6896,1.658,36
2023-06-19,Cloudy,Warm,27.18,62.5,390.942,6.5157,60
2023-06-19,Cloudy,Mild,23.06,69.5,41.7213,3.4768,12
2023-06-19,Fog,Mild,22.74,69.82,34.2516,2.8543,12
2023-06-19,Rain,Warm,27.79,58.88,37.0196,3.085,12
2023-06-19,Rain,Mild,19.2,66.82,18.9914,1.5826,12
2023-06-19,Storm,Hot,32.63,57.87,119.712,9.976,12
2023-06-20,Clear,Mild,24.03,62.96,94.7767,2.6327,36
2023-06-20,Clear,Warm,29.21,64.29,434.4458,6.034,72
2023-06-20,Clear,Hot,33.17,62.96,339.8724,7.0807,48
2023-06-20,Cloudy,Hot,32.85,60.68,200.8567,8.369,24
2023-06-20,Cloudy,Mild,23.6,66.4,17.1817,1.4318,12
2023-06-20,Cloudy,Warm,27.94,65.41,230.5044,4.8022,48
2023-06-20,Fog,Warm,26.95,61.38,24.6501,2.0542,12
2023-06-20,Fog,Mild,23.11,68.16,66.6831,5.5569,12
2023-06-20,Rain,Mild,22.2,64.43,34.6482,2.8874,12
2023-06-20,Storm,Warm,30.32,51.64,116.0006,9.6667,12
2023-06-21,Clear,Mild,23.48,64.25,165.8567,3.4553,48
2023-06-21,Clear,Hot,34.08,60.09,313.4514,8.707,36
2023-06-21,Clear,Warm,28.39,65.01,306.0392,5.1007,60
2023-06-21,Cloudy,Mild,23.96,62.22,38.9976,1.6249,24
2023-06-21,Cloudy,Hot,36.37,64.17,109.5794,9.1316,12
2023-06-21,Cloudy,Warm,30.17,64.64,229.5435,6.3762,36
2023-06-21,Fog,Mild,24.59,65.63,17.2237,1.4353,12
2023-06-21,Rain,Warm,27.74,64.58,60.1598,5.0133,12
2023-06-21,Storm,Mild,24.47,77.94,53.4427,4.4536,12
2023-06-21,Storm,Warm,31.31,53.55,265.1939,7.3665,36
2023-06-22,Clear,Hot,33.47,58.24,77.0355,6.4196,12
2023-06-22,Clear,Warm,28.57,61.01,497.4325,5.9218,84
2023-06-22,Clear,Mild,24.57,77.43,73.7829,6.1486,12
2023-06-22,Cloudy,Warm,28.29,63.62,458.0229,5.4527,84
2023-06-22,Cloudy,Hot,33.34,57.28,140.6401,5.86,24
2023-06-22,Cloudy,Mild,20.64,63.91,26.7811,2.2318,12
2023-06-22,Fog,Mild,22.95,63.42,36.1562,3.013,12
2023-06-22,Fog,Warm,26.41,60.19,47.1079,3.9257,12
2023-06-22,Rain,Mild,23.4,69.66,20.8182,1.7348,12
2023-06-22,Storm,Warm,27.89,67.86,79.4307,6.6192,12
2023-06-22,Storm,Hot,34.1,57.19,96.952,8.0793,12
2023-06-23,Clear,Hot,34.29,52.57,290.5799,8.0717,36
2023-06-23,Clear,Mild,23.76,62.34,21.3819,1.7818,12
2023-06-23,Clear,Warm,29.24,58.61,394.3738,5.4774,72
2023-06-23,Cloudy,Hot,33.82,55.19,195.2779,8.1366,24
2023-06-23,Cloudy,Warm,27.28,60.26,196.8409,5.4678,36
2023-06-23,Fog,Mild,23.33,65.46,44.0498,3.6708,12
2023-06-23,Rain,Mild,23.37,67.29,128.2149,3.5615,36
2023-06-23,Storm,Hot,33.94,52.37,98.0534,8.1711,12
2023-06-23,Storm,Mild,22.28,62.29,26.2017,2.1835,12
2023-06-23,Storm,Warm,28.81,65.94,184.4061,5.1224,36
2023-06-24,Clear,Warm,29.66,58.57,164.9687,3.4368,48
2023-06-24,Clear,Mild,23.26,64.22,70.9562,1.971,36
2023-06-24,Clear,Hot,33.46,55.56,502.4057,5.981,84
2023-06-24,Cloudy,Warm,29.15,61.95,207.9018,4.3313,48
2023-06-24,Cloudy,Hot,32.08,59.41,51.2045,4.267,12
2023-06-24,Cloudy,Mild,23.7,70.07,44.4002,3.7,12
2023-06-24,Fog,Mild,22.85,70.87,52.4411,4.3701,12
2023-06-24,Rain,Mild,21.65,60.38,37.02,1.5425,24
2023-06-24,Storm,Warm,29.64,59.21,64.657,5.3881,12
2023-06-25,Clear,Hot,33.01,58.7,199.2316,5.5342,36
2023-06-25,Clear,Mild,23.8,65.16,87.9052,1.8314,48
2023-06-25,Clear,Warm,29.68,59.94,293.1478,4.0715,72
2023-06-25,Cloudy,Warm,30.22,54.04,108.9257,4.5386,24
2023-06-25,Cloudy,Mild,23.95,62.43,38.9965,3.2497,12
2023-06-25,Cloudy,Hot,34.77,54.73,297.1101,6.1898,48
2023-06-25,Fog,Warm,27.02,65.93,136.2283,3.7841,36
2023-06-25,Storm,Warm,28.81,63.88,60.1454,5.0121,12
2023-06-26,Clear,Mild,23.97,67.78,122.2923,2.5478,48
2023-06-26,Clear,Hot,34.23,63.2,502.2665,8.3711,60
2023-06-26,Clear,Warm,28.98,60.12,285.5371,5.9487,48
2023-06-26,Cloudy,Hot,32.64,55.83,117.8502,9.8209,12
2023-06-26,Cloudy,Warm,25.38,66.05,23.9652,1.9971,12
2023-06-26,Cloudy,Mild,23.6,64.66,28.1947,2.3496,12
2023-06-26,Fog,Warm,27.11,66.82,111.0194,4.6258,24
2023-06-26,Rain,Mild,23.11,60.61,17.032,1.4193,12
2023-06-26,Rain,Warm,26.02,63.15,123.4314,5.143,24
2023-06-26,Storm,Warm,30.77,61.18,229.3118,6.3698,36
2023-06-27,Clear,Warm,29.03,60.34,714.1243,5.951,120
2023-06-27,Clear,Mild,23.38,69.16,80.8438,2.2457,36
2023-06-27,Clear,Hot,35.29,57.74,185.1504,7.7146,24
2023-06-27,Cloudy,Hot,32.28,60.18,121.9284,10.1607,12
2023-06-27,Cloudy,Warm,29.58,66.34,177.585,7.3994,24
2023-06-27,Cloudy,Mild,22.63,68.3,42.3874,3.5323,12
2023-06-27,Fog,Warm,25.71,70.34,22.7878,1.899,12
2023-06-27,Rain,Mild,23.87,71.76,18.0684,1.5057,12
2023-06-27,Rain,Warm,26.85,57.09,26.4134,2.2011,12
2023-06-27,Storm,Warm,31.49,57.84,67.4022,5.6168,12
2023-06-27,Storm,Hot,33.9,61.89,105.5067,8.7922,12
2023-06-28,Clear,Mild,23.77,68.78,105.6626,2.9351,36
2023-06-28,Clear,Warm,29.19,65.26,449.4055,6.2417,72
2023-06-28,Clear,Hot,33.66,60.58,665.2663,7.9198,84
2023-06-28,Cloudy,Mild,24.49,60.1,18.3763,1.5314,12
2023-06-28,Cloudy,Warm,29.05,56.45,141.6536,5.9022,24
2023-06-28,Fog,Warm,26.63,68.94,25.7658,2.1472,12
2023-06-28,Rain,Mild,21.89,74.98,16.3044,1.3587,12
2023-06-28,Rain,Warm,25.48,63.93,100.2682,4.1778,24
2023-06-28,Storm,Warm,25.13,63.01,46.1652,3.8471,12
2023-06-29,Clear,Warm,29.62,61.15,635.0201,6.6148,96
2023-06-29,Clear,Hot,34.32,61.29,365.281,7.61,48
2023-06-29,Cloudy,Warm,25.09,64.21,71.1254,5.9271,12
2023-06-29,Cloudy,Mild,23.4,65.29,52.0918,2.1705,24
2023-06-29,Cloudy,Hot,34.51,53.22,85.0573,7.0881,12
2023-06-29,Rain,Warm,26.46,57.63,55.0339,2.2931,24
2023-06-29,Rain,Mild,23.5,66.6,80.1383,3.3391,24
2023-06-29,Storm,Mild,24.93,59.08,20.9968,1.7497,12
2023-06-29,Storm,Warm,26.47,69.13,83.4754,3.4781,24
2023-06-29,Storm,Hot,34.76,50.93,122.3982,10.1999,12
2023-06-30,Clear,Warm,29.91,63.83,628.3337,6.5451,96
2023-06-30,Clear,Mild,23.78,71.28,79.8606,3.3275,24
2023-06-30,Clear,Hot,33.16,58.99,287.32,7.9811,36
2023-06-30,Cloudy,Mild,24.38,79.72,52.4464,4.3705,12
2023-06-30,Cloudy,Hot,32.03,55.2,68.6024,5.7169,12
2023-06-30,Fog,Warm,26.89,62.48,78.6844,6.557,12
2023-06-30,Rain,Mild,20.72,62.73,19.4272,1.6189,12
2023-06-30,Rain,Warm,25.54,68.31,174.3119,4.842,36
2023-06-30,Storm,Hot,32.14,50.06,66.0227,5.5019,12
2023-06-30,Storm,Warm,29.4,60.27,104.0808,4.3367,24
2023-06-30,Storm,Mild,24.08,74.72,17.2389,1.4366,12
2023-07-01,Clear,Mild,24.72,62.41,13.9953,1.1663,12
2023-07-01,Clear,Warm,28.99,60.9,395.3287,4.7063,84
2023-07-01,Clear,Hot,33.45,55.13,208.6183,5.795,36
2023-07-01,Cloudy,Mild,24.74,64.49,28.8135,2.4011,12
2023-07-01,Cloudy,Warm,28.57,64.51,264.6315,4.4105,60
2023-07-01,Cloudy,Hot,34.84,62.85,137.5234,5.7301,24
2023-07-01,Fog,Warm,25.4,52.47,22.7712,1.8976,12
2023-07-01,Rain,Warm,25.07,66.66,55.7542,4.6462,12
2023-07-01,Rain,Mild,22.38,68.31,49.6236,2.0677,24
2023-07-01,Snow,Mild,23.56,66.51,13.0311,1.0859,12
2023-07-02,Clear,Hot,33.71,62.97,320.601,6.6792,48
2023-07-02,Clear,Warm,29.59,63.46,242.9492,4.0492,60
2023-07-02,Clear,Mild,24.62,58.25,42.1695,1.7571,24
2023-07-02,Cloudy,Warm,28.5,63.8,125.9843,3.4996,36
2023-07-02,Cloudy,Hot,32.96,51.11,150.7532,6.2814,24
2023-07-02,Fog,Warm,26.6,62.13,34.5715,2.881,12
2023-07-02,Fog,Mild,23.62,60.35,38.3636,3.197,12
2023-07-02,Rain,Warm,26.62,61.66,87.0796,3.6283,24
2023-07-02,Rain,Mild,23.17,69.41,67.5264,2.8136,24
2023-07-02,Snow,Mild,23.66,73.13,17.6946,1.4746,12
2023-07-02,Storm,Warm,29.28,65.87,62.3287,5.1941,12
2023-07-03,Clear,Hot,32.51,60.61,521.9032,7.2487,72
2023-07-03,Clear,Mild,23.19,76.53,42.9976,3.5831,12
2023-07-03,Clear,Warm,29.82,64.85,236.1552,6.5599,36
2023-07-03,Cloudy,Warm,28.81,60.89,461.4109,6.4085,72
2023-07-03,Cloudy,Mild,22.7,77.76,26.8969,2.2414,12
2023-07-03,Fog,Mild,24.36,79.68,16.7894,1.3991,12
2023-07-03,Fog,Warm,26.26,65.46,59.5151,4.9596,12
2023-07-03,Rain,Warm,26.14,67.57,47.8069,1.992,24
2023-07-03,Rain,Mild,23.81,65.44,35.8286,2.9857,12
2023-07-03,Storm,Warm,27.66,56.86,20.7828,1.7319,12
2023-07-03,Storm,Hot,35.07,60.98,94.2079,7.8507,12
2023-07-04,Clear,Hot,33.56,59.46,533.5604,7.4106,72
2023-07-04,Clear,Warm,29.27,60.46,320.0505,5.3342,60
2023-07-04,Clear,Mild,23.15,64.25,133.7209,3.7145,36
2023-07-04,Cloudy,Warm,27.44,63.12,114.8877,3.1913,36
2023-07-04,Cloudy,Hot,32.69,66.14,170.7244,7.1135,24
2023-07-04,Fog,Mild,21.86,79.95,33.6906,2.8075,12
2023-07-04,Fog,Warm,25.24,60.46,27.6295,2.3025,12
2023-07-04,Rain,Warm,26.94,61.65,227.6637,6.324,36
2023-07-05,Clear,Warm,29.41,64.13,297.1955,6.1916,48
2023-07-05,Clear,Mild,24.49,61.85,18.1502,1.5125,12
2023-07-05,Clear,Hot,33.46,62.66,446.3455,7.4391,60
2023-07-05,Cloudy,Mild,24.73,55.81,21.6736,1.8061,12
2023-07-05,Cloudy,Warm,28.07,64.1,373.6886,5.1901,72
2023-07-05,Cloudy,Hot,34.74,53.88,221.2669,9.2195,24
2023-07-05,Rain,Mild,24.3,59.6,55.1205,2.2967,24
2023-07-05,Storm,Hot,34.13,57.52,87.9815,7.3318,12
2023-07-05,Storm,Mild,23.87,61.93,28.1436,2.3453,12
2023-07-05,Storm,Warm,26.38,62.02,24.4497,2.0375,12
2023-07-06,Clear,Warm,28.57,59.8,327.2882,4.5457,72
2023-07-06,Clear,Hot,33.47,57.32,270.2154,7.506,36
2023-07-06,Cloudy,Mild,23.58,66.63,49.152,2.048,24
2023-07-06,Cloudy,Warm,29.08,62.97,416.961,5.7911,72
2023-07-06,Cloudy,Hot,32.77,59.56,204.3303,8.5138,24
2023-07-06,Rain,Mild,22.96,65.16,43.9114,3.6593,12
2023-07-06,Rain,Warm,26.72,65.39,229.5726,4.7828,48
2023-07-07,Clear,Warm,29.41,58.47,268.2598,4.471,60
2023-07-07,Clear,Hot,33.31,59.86,565.9461,7.8604,72
2023-07-07,Cloudy,Warm,29.22,60.74,459.1648,6.3773,72
2023-07-07,Cloudy,Mild,23.04,67.25,16.746,1.3955,12
2023-07-07,Fog,Mild,24.38,63.32,54.2698,4.5225,12
2023-07-07,Rain,Mild,23.21,66.13,62.9447,2.6227,24
2023-07-07,Rain,Warm,27.48,62.81,55.2882,4.6074,12
2023-07-07,Storm,Mild,24.95,72.51,28.3643,2.3637,12
2023-07-07,Storm,Warm,25.28,72.69,72.7112,6.0593,12
2023-07-08,Clear,Mild,24.07,67.71,65.232,2.718,24
2023-07-08,Clear,Warm,28.6,61.35,392.3705,3.6331,108
2023-07-08,Clear,Hot,33.83,54.41,232.9005,6.4695,36
2023-07-08,Cloudy,Warm,28.57,65.98,315.2933,4.3791,72
2023-07-08,Cloudy,Hot,35.31,60.02,101.5729,8.4644,12
2023-07-08,Rain,Mild,21.59,68.96,19.9056,1.6588,12
2023-07-08,Storm,Warm,28.45,66.85,67.2532,2.8022,24
2023-07-09,Clear,Mild,24.74,72.29,22.4117,1.8676,12
2023-07-09,Clear,Warm,29.38,59.38,322.7146,3.8418,84
2023-07-09,Clear,Hot,34.79,57.39,323.1136,6.7315,48
2023-07-09,Cloudy,Mild,23.7,65.05,55.1406,2.2975,24
2023-07-09,Cloudy,Hot,32.95,64.05,231.006,6.4168,36
2023-07-09,Cloudy,Warm,28.21,66.05,119.0415,4.9601,24
2023-07-09,Rain,Warm,26.45,67.74,148.8068,3.1001,48
2023-07-09,Rain,Mild,22.6,67.06,16.5007,1.3751,12
2023-07-10,Clear,Warm,28.67,64.53,351.0515,5.8509,60
2023-07-10,Clear,Hot,33.28,59.61,324.4303,6.759,48
2023-07-10,Cloudy,Mild,24.3,65.74,70.5684,2.9404,24
2023-07-10,Cloudy,Hot,33.89,57.8,349.674,7.2849,48
2023-07-10,Cloudy,Warm,29.08,58.19,246.4523,5.1344,48
2023-07-10,Rain,Mild,24.41,58.29,36.5704,3.0475,12
2023-07-10,Rain,Warm,25.59,59.21,57.8437,2.4102,24
2023-07-10,Snow,Mild,24.7,66.9,18.4094,1.5341,12
2023-07-10,Storm,Hot,34.72,64.22,121.3231,10.1103,12
2023-07-11,Clear,Warm,29.29,59.58,525.6457,6.2577,84
2023-07-11,Clear,Hot,32.95,53.83,360.3224,10.009,36
2023-07-11,Clear,Mild,23.98,63.48,21.3634,1.7803,12
2023-07-11,Cloudy,Hot,37.09,49.41,192.5249,8.0219,24
2023-07-11,Cloudy,Warm,29.23,61.16,248.189,5.1706,48
2023-07-11,Rain,Warm,26.93,63.05,175.8807,4.8856,36
2023-07-11,Rain,Mild,23.06,64.52,86.6958,3.6123,24
2023-07-11,Snow,Mild,24.3,64.86,33.1072,2.7589,12
2023-07-11,Storm,Warm,30.35,59.84,67.4527,5.6211,12
2023-07-12,Clear,Warm,28.66,62.1,366.5908,5.0915,72
2023-07-12,Clear,Hot,34.62,54.35,263.0375,7.3066,36
2023-07-12,Clear,Mild,22.19,67.52,95.1296,2.6425,36
2023-07-12,Cloudy,Mild,24.61,52.85,71.0823,5.9235,12
2023-07-12,Cloudy,Warm,27.76,64.61,211.2903,5.8692,36
2023-07-12,Cloudy,Hot,32.46,60.81,118.9041,9.9087,12
2023-07-12,Fog,Mild,24.02,74.69,50.7784,4.2315,12
2023-07-12,Rain,Mild,23.47,67.6,44.3276,1.847,24
2023-07-12,Rain,Warm,27.52,71.5,114.5775,4.7741,24
2023-07-12,Storm,Hot,33.15,70.16,214.3983,8.9333,24
2023-07-13,Clear,Warm,28.33,63.7,215.9433,4.4988,48
2023-07-13,Clear,Mild,24.06,64.16,50.1902,4.1825,12
2023-07-13,Clear,Hot,35.59,49.09,284.8457,7.9124,36
2023-07-13,Cloudy,Mild,24.03,64.79,127.0155,2.6462,48
2023-07-13,Cloudy,Hot,34.07,52.62,286.5191,7.9589,36
2023-07-13,Cloudy,Warm,27.98,60.95,238.9245,4.9776,48
2023-07-13,Fog,Mild,24.84,71.36,21.2242,1.7687,12
2023-07-13,Rain,Warm,27.08,60.85,152.2204,6.3425,24
2023-07-13,Storm,Warm,26.18,60.72,76.7035,6.392,12
2023-07-13,Storm,Hot,35.9,59.44,97.5175,8.1265,12
2023-07-14,Clear,Hot,33.76,63.77,388.0089,8.0835,48
2023-07-14,Clear,Mild,23.83,58.66,64.1609,2.6734,24
2023-07-14,Clear,Warm,29.37,61.44,569.0754,5.2692,108
2023-07-14,Cloudy,Mild,22.64,66.9,35.024,2.9187,12
2023-07-14,Cloudy,Warm,27.56,67.9,176.7225,4.909,36
2023-07-14,Fog,Warm,26.64,64.71,75.4336,6.2861,12
2023-07-14,Rain,Warm,26.62,60.58,115.8915,4.8288,24
2023-07-14,Storm,Hot,33.77,56.77,163.0184,13.5849,12
2023-07-14,Storm,Warm,26.32,69.93,25.3079,2.109,12
2023-07-15,Clear,Mild,22.25,67.25,51.1209,2.13,24
2023-07-15,Clear,Hot,33.25,63.41,454.4559,5.4102,84
2023-07-15,Clear,Warm,29.13,64.04,434.8574,5.1769,84
2023-07-15,Cloudy,Warm,25.66,69.75,76.7459,2.1318,36
2023-07-15,Cloudy,Mild,23.18,68.32,20.8465,1.7372,12
2023-07-15,Cloudy,Hot,35.91,52.38,100.8157,8.4013,12
2023-07-15,Rain,Mild,24.64,55.44,13.6304,1.1359,12
2023-07-15,Rain,Warm,26.11,67.67,49.6024,2.0668,24
2023-07-16,Clear,Warm,29.41,57.68,248.5475,5.1781,48
2023-07-16,Clear,Hot,33.41,57.88,356.9572,5.9493,60
2023-07-16,Cloudy,Warm,27.42,64.93,197.9565,2.7494,72
2023-07-16,Cloudy,Hot,34.13,59.57,171.8498,7.1604,24
2023-07-16,Cloudy,Mild,23.6,76.24,27.4974,2.2914,12
2023-07-16,Fog,Mild,22.92,68.69,33.3357,2.778,12
2023-07-16,Rain,Warm,27.38,61.38,89.4805,3.7284,24
2023-07-16,Snow,Warm,25.92,69.09,56.8307,4.7359,12
2023-07-16,Storm,Mild,24.27,67.53,29.9119,1.2463,24
2023-07-17,Clear,Hot,34.48,58.07,730.811,8.7001,84
2023-07-17,Clear,Mild,22.41,75.44,20.0902,1.6742,12
2023-07-17,Clear,Warm,30.22,62.55,361.5349,6.0256,60
2023-07-17,Cloudy,Mild,23.38,63.26,86.4511,3.6021,24
2023-07-17,Cloudy,Hot,32.79,60.5,69.7251,5.8104,12
2023-07-17,Cloudy,Warm,26.76,65.32,237.711,3.9618,60
2023-07-17,Fog,Mild,21.12,74.37,27.4981,2.2915,12
2023-07-17,Storm,Warm,26.59,66.25,19.1424,1.5952,12
2023-07-17,Storm,Mild,24.99,72.95,46.4499,3.8708,12
2023-07-18,Clear,Mild,23.91,67.53,146.9174,4.081,36
2023-07-18,Clear,Warm,29.67,62.18,486.8959,5.7964,84
2023-07-18,Clear,Hot,33.48,57.46,303.5873,8.433,36
2023-07-18,Cloudy,Warm,26.56,61.98,98.2164,4.0924,24
2023-07-18,Cloudy,Hot,35.6,54.38,115.9981,9.6665,12
2023-07-18,Fog,Mild,20.32,67.41,15.7802,1.315,12
2023-07-18,Rain,Warm,26.6,59.16,126.9007,5.2875,24
2023-07-18,Rain,Mild,24.21,65.49,123.782,3.4384,36
2023-07-18,Storm,Hot,33.02,56.76,178.8561,7.4523,24
2023-07-19,Clear,Warm,29.68,63.28,366.4354,6.1073,60
2023-07-19,Clear,Mild,24.59,65.41,21.8143,1.8179,12
2023-07-19,Clear,Hot,33.54,57.23,452.8402,7.5473,60
2023-07-19,Cloudy,Mild,23.85,72.53,43.5162,3.6264,12
2023-07-19,Cloudy,Warm,27.82,64.61,298.2599,4.971,60
2023-07-19,Fog,Mild,23.12,72.93,16.5751,1.3813,12
2023-07-19,Rain,Mild,23.32,63.84,36.3624,3.0302,12
2023-07-19,Rain,Warm,26.26,67.87,75.7385,3.1558,24
2023-07-19,Storm,Warm,25.09,78.61,59.5793,4.9649,12
2023-07-19,Storm,Hot,32.68,59.09,201.9822,8.4159,24
2023-07-20,Clear,Warm,29.69,58.93,708.5695,6.5608,108
2023-07-20,Clear,Hot,32.29,63.88,179.5024,7.4793,24
2023-07-20,Clear,Mild,23.19,68.43,92.8948,2.5804,36
2023-07-20,Cloudy,Warm,27.83,62.34,331.8467,5.5308,60
2023-07-20,Cloudy,Mild,22.3,65.17,16.3132,1.3594,12
2023-07-20,Fog,Mild,24.73,67.93,24.8231,2.0686,12
2023-07-20,Fog,Warm,26.52,71.61,95.1564,3.9649,24
2023-07-20,Storm,Hot,32.18,59.11,85.7889,7.1491,12
2023-07-21,Clear,Hot,33.16,60.6,565.1265,7.849,72
2023-07-21,Clear,Warm,29.35,63.07,539.8947,5.6239,96
2023-07-21,Cloudy,Mild,23.17,60.29,84.467,2.3463,36
2023-07-21,Cloudy,Warm,25.47,66.68,46.8555,3.9046,12
2023-07-21,Fog,Warm,25.18,73.67,30.1483,2.5124,12
2023-07-21,Rain,Mild,23.9,70.16,20.8561,1.738,12
2023-07-21,Rain,Warm,26.33,55.69,72.4977,6.0415,12
2023-07-21,Storm,Warm,26.96,62.91,192.9802,5.3606,36
2023-07-22,Clear,Warm,29.89,62.36,321.0611,4.4592,72
2023-07-22,Clear,Hot,32.71,57.8,351.3518,5.8559,60
2023-07-22,Clear,Mild,23.89,72.33,14.8872,1.2406,12
2023-07-22,Cloudy,Mild,23.37,72.58,60.044,2.5018,24
2023-07-22,Cloudy,Hot,34.19,55.24,69.4724,5.7894,12
2023-07-22,Cloudy,Warm,27.07,58.63,137.5322,3.8203,36
2023-07-22,Fog,Mild,23.78,69.87,13.1648,1.0971,12
2023-07-22,Rain,Mild,23.77,69.74,116.5608,3.2378,36
2023-07-22,Storm,Hot,32.72,51.56,62.8304,5.2359,12
2023-07-22,Storm,Warm,31.3,65.98,51.1701,4.2642,12
2023-07-23,Clear,Hot,35.19,55.41,272.5132,5.6774,48
2023-07-23,Clear,Warm,29.32,63.51,355.9313,4.9435,72
2023-07-23,Clear,Mild,23.3,67.95,32.5464,1.3561,24
2023-07-23,Cloudy,Mild,22.38,69.41,20.0244,1.6687,12
2023-07-23,Cloudy,Warm,29.02,61.63,168.3657,4.6768,36
2023-07-23,Cloudy,Hot,32.29,53.52,54.7473,4.5623,12
2023-07-23,Fog,Warm,26.99,57.54,74.7722,3.1155,24
2023-07-23,Fog,Mild,22.27,64.87,39.0719,1.628,24
2023-07-23,Rain,Warm,26.16,64.75,42.4919,3.541,12
2023-07-23,Rain,Mild,24.24,73.06,34.4066,2.8672,12
2023-07-23,Storm,Warm,31.5,57.46,89.6043,7.467,12
2023-07-24,Clear,Mild,22.28,67.13,43.6094,1.8171,24
2023-07-24,Clear,Warm,28.27,60.38,476.0178,6.6114,72
2023-07-24,Clear,Hot,34.18,61.04,435.5662,7.2594,60
2023-07-24,Cloudy,Hot,34.17,62.98,303.0761,8.4188,36
2023-07-24,Cloudy,Warm,27.31,60.34,180.2838,5.0079,36
2023-07-24,Cloudy,Mild,23.58,72.28,28.6707,2.3892,12
2023-07-24,Fog,Mild,24.44,59.98,87.1556,3.6315,24
2023-07-24,Rain,Mild,24.5,64.9,16.7647,1.3971,12
2023-07-24,Rain,Warm,27.04,72.24,19.5259,1.6272,12
2023-07-25,Clear,Hot,34.01,59.52,279.3797,7.7605,36
2023-07-25,Clear,Warm,29.15,65.52,370.4724,5.1454,72
2023-07-25,Clear,Mild,23.72,64.59,64.9222,2.7051,24
2023-07-25,Cloudy,Mild,22.76,76.61,17.9218,1.4935,12
2023-07-25,Cloudy,Hot,33.96,59.93,63.0139,5.2512,12
2023-07-25,Cloudy,Warm,28.81,61.93,186.6294,5.1842,36
2023-07-25,Fog,Mild,24.82,72.94,51.8342,4.3195,12
2023-07-25,Rain,Mild,23.36,67.51,36.0817,3.0068,12
2023-07-25,Storm,Hot,33.76,53.37,218.1672,9.0903,24
2023-07-25,Storm,Warm,28.01,61.03,236.8808,6.58,36
2023-07-25,Storm,Mild,22.78,63.1,26.9293,2.2441,12
2023-07-26,Clear,Warm,29.18,61.51,724.3296,6.0361,120
2023-07-26,Clear,Mild,23.97,62.4,126.7611,3.5211,36
2023-07-26,Clear,Hot,34.08,61.17,389.2782,8.11,48
2023-07-26,Cloudy,Mild,23.07,65.03,71.872,1.9964,36
2023-07-26,Cloudy,Warm,29.02,71.88,154.8447,6.4519,24
2023-07-26,Fog,Mild,23.76,58.32,26.8446,2.2371,12
2023-07-26,Snow,Warm,25.43,66.98,18.3539,1.5295,12
2023-07-27,Clear,Mild,24.07,72.81,50.2624,4.1885,12
2023-07-27,Clear,Hot,32.92,63.06,332.2152,9.2282,36
2023-07-27,Clear,Warm,29.02,60.75,415.6334,5.7727,72
2023-07-27,Cloudy,Hot,32.12,60.37,69.4079,5.784,12
2023-07-27,Cloudy,Warm,26.77,67.16,141.2162,3.9227,36
2023-07-27,Cloudy,Mild,23.58,67.94,217.0815,3.618,60
2023-07-27,Rain,Warm,27.16,65.02,76.1542,6.3462,12
2023-07-27,Storm,Mild,24.62,64.48,17.1135,1.4261,12
2023-07-27,Storm,Hot,32.53,58.34,265.4323,7.3731,36
2023-07-28,Clear,Warm,29.64,63.04,593.029,5.491,108
2023-07-28,Clear,Mild,24.18,68.0,39.5563,3.2964,12
2023-07-28,Clear,Hot,32.83,62.31,486.1914,8.1032,60
2023-07-28,Cloudy,Mild,21.36,68.41,19.5797,1.6316,12
2023-07-28,Cloudy,Warm,26.11,71.26,280.3228,5.8401,48
2023-07-28,Rain,Mild,22.98,70.55,109.5231,3.0423,36
2023-07-28,Storm,Warm,25.86,64.24,23.3826,1.9486,12
2023-07-29,Clear,Hot,33.59,57.2,499.4144,5.9454,84
2023-07-29,Clear,Warm,28.81,59.75,255.6756,4.2613,60
2023-07-29,Clear,Mild,24.56,69.77,51.9007,4.3251,12
2023-07-29,Cloudy,Warm,26.98,62.69,117.0005,4.875,24
2023-07-29,Cloudy,Mild,21.58,73.45,66.0966,2.754,24
2023-07-29,Fog,Mild,22.15,74.47,20.5225,1.7102,12
2023-07-29,Fog,Warm,25.49,76.5,57.6128,4.8011,12
2023-07-29,Rain,Warm,26.65,67.47,26.4665,2.2055,12
2023-07-29,Rain,Mild,24.85,53.1,39.9528,3.3294,12
2023-07-29,Storm,Warm,26.47,70.37,14.7721,1.231,12
2023-07-29,Storm,Mild,23.19,73.32,28.005,1.1669,24
2023-07-30,Clear,Hot,33.89,57.68,355.8281,5.9305,60
2023-07-30,Clear,Warm,29.3,59.0,214.1064,4.4606,48
2023-07-30,Clear,Mild,22.45,72.32,86.1865,2.3941,36
2023-07-30,Cloudy,Warm,29.09,62.92,112.8213,4.7009,24
2023-07-30,Cloudy,Mild,24.6,82.0,21.271,1.7726,12
2023-07-30,Cloudy,Hot,32.64,60.39,139.8442,5.8268,24
2023-07-30,Fog,Mild,24.6,60.98,52.4707,2.1863,24
2023-07-30,Rain,Mild,23.83,72.77,65.7198,2.7383,24
2023-07-30,Rain,Warm,26.39,64.45,58.0458,4.8372,12
2023-07-30,Storm,Mild,24.79,67.59,17.1755,1.4313,12
2023-07-30,Storm,Warm,28.52,67.0,62.5493,5.2124,12
2023-07-31,Clear,Warm,29.49,66.55,588.2894,7.0034,84
2023-07-31,Clear,Hot,32.69,54.15,253.4707,7.0409,36
2023-07-31,Clear,Mild,22.33,64.69,125.5131,3.4865,36
2023-07-31,Cloudy,Hot,35.86,62.07,183.9107,7.6629,24
2023-07-31,Cloudy,Mild,24.66,67.65,42.2954,1.7623,24
2023-07-31,Fog,Mild,24.55,74.02,21.551,1.7959,12
2023-07-31,Rain,Mild,23.56,61.56,17.2157,1.4346,12
2023-07-31,Rain,Warm,27.2,65.57,111.7765,4.6574,24
2023-07-31,Storm,Warm,29.06,62.65,220.991,6.1386,36
2023-08-01,Clear,Hot,32.86,62.84,389.3378,8.1112,48
2023-08-01,Clear,Mild,23.59,71.95,62.926,2.6219,24
2023-08-01,Clear,Warm,30.09,61.61,573.252,6.8244,84
2023-08-01,Cloudy,Warm,29.74,65.86,138.7475,5.7811,24
2023-08-01,Cloudy,Mild,22.92,61.19,20.801,1.7334,12
2023-08-01,Fog,Warm,25.8,58.07,23.4839,1.957,12
2023-08-01,Rain,Mild,23.78,62.26,111.9278,3.1091,36
2023-08-01,Rain,Warm,26.68,58.19,53.435,2.2265,24
2023-08-01,Storm,Warm,29.51,55.22,84.305,7.0254,12
2023-08-01,Storm,Hot,33.27,61.97,83.6203,6.9684,12
2023-08-02,Clear,Warm,29.55,63.18,721.5191,6.6807,108
2023-08-02,Clear,Mild,23.06,72.08,18.6605,1.555,12
2023-08-02,Clear,Hot,33.27,62.46,94.7464,7.8955,12
2023-08-02,Cloudy,Hot,34.81,61.1,176.2169,7.3424,24
2023-08-02,Cloudy,Mild,22.36,62.78,78.5177,2.181,36
2023-08-02,Cloudy,Warm,27.69,61.11,245.2727,6.8131,36
2023-08-02,Rain,Warm,26.49,65.08,78.1575,3.2566,24
2023-08-02,Snow,Mild,23.24,68.04,45.4973,3.7914,12
2023-08-02,Storm,Mild,23.28,68.67,20.2875,1.6906,12
2023-08-02,Storm,Warm,26.33,67.61,73.3698,6.1141,12
2023-08-03,Clear,Hot,35.53,53.67,185.1578,7.7149,24
2023-08-03,Clear,Mild,22.18,75.48,34.6266,2.8856,12
2023-08-03,Clear,Warm,29.31,62.08,497.5679,5.9234,84
2023-08-03,Cloudy,Warm,28.54,72.96,277.6849,5.7851,48
2023-08-03,Cloudy,Mild,22.98,67.05,48.4641,2.0193,24
2023-08-03,Cloudy,Hot,32.39,59.82,206.3911,8.5996,24
2023-08-03,Fog,Mild,22.71,69.93,87.8328,3.6597,24
2023-08-03,Rain,Warm,25.53,63.37,18.638,1.5532,12
2023-08-03,Snow,Mild,20.29,61.76,41.3764,3.448,12
2023-08-03,Storm,Hot,34.0,58.19,96.1176,8.0098,12
2023-08-03,Storm,Mild,24.39,65.74,50.2577,4.1881,12
2023-08-04,Clear,Hot,33.8,57.73,471.0563,7.8509,60
2023-08-04,Clear,Mild,22.94,68.97,146.8851,3.0601,48
2023-08-04,Clear,Warm,29.51,63.48,584.4169,6.9573,84
2023-08-04,Fog,Warm,27.31,71.09,95.4969,3.979,24
2023-08-04,Rain,Warm,27.11,70.22,278.1626,7.7267,36
2023-08-04,Rain,Mild,23.0,72.01,35.4993,2.9583,12
2023-08-04,Storm,Mild,22.28,63.13,36.0639,1.5027,24
2023-08-05,Clear,Hot,33.99,58.33,243.5257,6.7646,36
2023-08-05,Clear,Mild,21.82,65.38,83.1876,2.3108,36
2023-08-05,Clear,Warm,29.05,60.28,481.9549,5.0204,96
2023-08-05,Cloudy,Mild,22.64,74.17,34.014,1.4173,24
2023-08-05,Cloudy,Hot,32.55,62.39,151.5142,6.3131,24
2023-08-05,Cloudy,Warm,28.38,69.55,101.5322,2.8203,36
2023-08-05,Fog,Mild,20.37,71.63,18.3156,1.5263,12
2023-08-05,Rain,Mild,22.79,60.09,68.9941,2.8748,24
2023-08-06,Clear,Warm,28.75,62.54,340.4292,4.7282,72
2023-08-06,Clear,Mild,23.05,62.48,38.4561,1.6023,24
2023-08-06,Clear,Hot,33.68,56.54,381.7671,6.3628,60
2023-08-06,Cloudy,Warm,30.08,59.19,211.2993,4.4021,48
2023-08-06,Cloudy,Mild,23.86,69.44,55.7782,1.5494,36
2023-08-06,Fog,Warm,27.37,73.32,58.1256,4.8438,12
2023-08-06,Rain,Mild,22.12,64.1,68.6284,2.8595,24
2023-08-06,Storm,Mild,23.51,69.34,15.8549,1.3212,12
2023-08-07,Clear,Hot,32.44,62.84,206.8481,8.6187,24
2023-08-07,Clear,Mild,24.08,70.15,36.2001,3.0167,12
2023-08-07,Clear,Warm,29.6,62.88,558.3642,6.6472,84
2023-08-07,Cloudy,Hot,32.84,59.92,72.6722,6.056,12
2023-08-07,Cloudy,Warm,27.86,66.08,206.065,5.724,36
2023-08-07,Cloudy,Mild,22.82,67.42,129.127,3.5869,36
2023-08-07,Fog,Warm,26.1,62.2,24.6597,2.055,12
2023-08-07,Rain,Mild,24.44,66.33,128.17,5.3404,24
2023-08-07,Rain,Warm,25.31,60.88,46.8119,1.9505,24
2023-08-07,Storm,Warm,30.02,62.78,171.7507,7.1563,24
2023-08-08,Clear,Warm,28.92,64.02,655.3293,6.0679,108
2023-08-08,Clear,Mild,22.88,65.88,125.7308,2.6194,48
2023-08-08,Clear,Hot,34.28,63.6,186.7603,7.7817,24
2023-08-08,Cloudy,Mild,21.69,70.8,60.2005,1.6722,36
2023-08-08,Cloudy,Hot,33.91,62.02,196.7234,8.1968,24
2023-08-08,Cloudy,Warm,27.76,61.19,152.3543,6.3481,24
2023-08-08,Storm,Warm,31.64,53.52,115.6425,9.6369,12
2023-08-08,Storm,Mild,24.67,63.03,73.3455,6.1121,12
2023-08-09,Clear,Mild,21.4,59.78,19.3565,1.613,12
2023-08-09,Clear,Hot,32.51,59.51,400.7193,8.3483,48
2023-08-09,Clear,Warm,28.4,61.56,568.1465,5.9182,96
2023-08-09,Cloudy,Mild,24.92,68.92,18.2616,1.5218,12
2023-08-09,Fog,Warm,27.85,54.5,75.6842,6.307,12
2023-08-09,Fog,Mild,21.17,71.89,27.2388,2.2699,12
2023-08-09,Rain,Mild,22.52,71.81,22.4379,1.8698,12
2023-08-09,Rain,Warm,26.31,63.57,139.5711,5.8155,24
2023-08-09,Snow,Mild,24.21,64.9,36.3907,3.0326,12
2023-08-09,Storm,Hot,32.64,50.41,194.8814,8.1201,24
2023-08-09,Storm,Warm,27.28,73.61,35.2843,2.9404,12
2023-08-09,Storm,Mild,23.77,56.06,25.4846,2.1237,12
2023-08-10,Clear,Mild,24.66,66.01,51.3788,4.2816,12
2023-08-10,Clear,Warm,30.17,53.53,190.587,7.9411,24
2023-08-10,Clear,Hot,33.15,60.42,338.3048,7.048,48
2023-08-10,Cloudy,Warm,29.52,51.44,181.4034,7.5585,24
2023-08-10,Cloudy,Hot,33.03,51.37,195.6101,8.1504,24
2023-08-10,Cloudy,Mild,24.55,61.31,85.9559,3.5815,24
2023-08-10,Fog,Warm,25.75,72.14,70.5728,5.8811,12
2023-08-10,Fog,Mild,22.67,67.29,35.5261,1.4803,24
2023-08-10,Rain,Mild,22.4,65.39,82.2301,2.2842,36
2023-08-10,Rain,Warm,26.22,69.44,116.867,4.8695,24
2023-08-10,Storm,Warm,27.97,65.14,183.0246,5.084,36
2023-08-11,Clear,Warm,29.04,57.97,498.5276,5.9349,84
2023-08-11,Clear,Mild,22.71,66.59,45.2253,1.8844,24
2023-08-11,Clear,Hot,32.94,61.59,110.3463,9.1955,12
2023-08-11,Cloudy,Hot,33.82,60.79,183.5584,7.6483,24
2023-08-11,Cloudy,Mild,22.25,68.3,91.7252,2.5479,36
2023-08-11,Cloudy,Warm,28.38,61.41,376.8037,5.2334,72
2023-08-11,Fog,Mild,23.43,78.12,69.2835,5.7736,12
2023-08-11,Rain,Warm,27.67,58.53,75.1026,6.2586,12
2023-08-11,Storm,Warm,25.45,62.62,72.6816,6.0568,12
2023-08-12,Clear,Warm,29.41,61.11,531.9069,5.5407,96
2023-08-12,Clear,Hot,34.42,50.14,65.1729,5.4311,12
2023-08-12,Clear,Mild,22.87,68.76,61.7885,1.2873,48
2023-08-12,Cloudy,Warm,28.97,62.54,131.7529,5.4897,24
2023-08-12,Cloudy,Mild,23.69,68.03,138.8161,2.892,48
2023-08-12,Fog,Mild,23.26,70.52,24.0038,2.0003,12
2023-08-12,Rain,Mild,23.92,71.68,70.0303,2.9179,24
2023-08-12,Storm,Hot,33.03,62.09,118.8436,4.9518,24
2023-08-13,Clear,Hot,33.13,52.65,165.8811,6.9117,24
2023-08-13,Clear,Mild,23.37,62.87,120.0871,2.5018,48
2023-08-13,Clear,Warm,29.61,58.48,479.0216,4.9898,96
2023-08-13,Cloudy,Mild,24.26,70.82,51.9194,2.1633,24
2023-08-13,Cloudy,Warm,27.59,59.21,153.8131,4.2726,36
2023-08-13,Fog,Mild,24.4,46.73,43.3453,3.6121,12
2023-08-13,Rain,Mild,23.69,65.55,13.3195,1.11,12
2023-08-13,Rain,Warm,26.72,59.17,27.0757,2.2563,12
2023-08-13,Storm,Mild,19.38,71.99,26.582,2.2152,12
2023-08-13,Storm,Hot,33.1,60.08,70.1364,5.8447,12
2023-08-14,Clear,Hot,33.55,52.48,90.1643,7.5137,12
2023-08-14,Clear,Mild,22.13,69.05,116.1343,3.226,36
2023-08-14,Clear,Warm,29.35,64.74,692.888,7.2176,96
2023-08-14,Cloudy,Mild,21.47,73.9,38.1758,1.5907,24
2023-08-14,Cloudy,Warm,28.73,58.72,80.7123,6.726,12
2023-08-14,Cloudy,Hot,33.08,57.06,77.9606,6.4967,12
2023-08-14,Rain,Warm,26.34,63.93,116.229,4.8429,24
2023-08-14,Rain,Mild,23.62,68.9,177.9115,4.942,36
2023-08-14,Storm,Mild,23.06,66.57,58.7493,2.4479,24
2023-08-14,Storm,Warm,31.75,58.18,68.3037,5.692,12
2023-08-15,Clear,Hot,32.77,63.57,381.6782,7.9516,48
2023-08-15,Clear,Mild,23.83,59.79,21.8058,1.8172,12
2023-08-15,Clear,Warm,28.18,64.76,369.3707,6.1562,60
2023-08-15,Cloudy,Warm,28.32,61.25,182.5898,7.6079,24
2023-08-15,Cloudy,Mild,23.41,71.26,36.8533,1.5356,24
2023-08-15,Fog,Mild,21.54,66.2,68.8637,2.8693,24
2023-08-15,Fog,Warm,25.18,70.33,74.2358,6.1863,12
2023-08-15,Rain,Mild,21.68,66.74,65.5844,2.7327,24
2023-08-15,Rain,Warm,25.96,64.27,111.3631,4.6401,24
2023-08-15,Storm,Mild,24.56,75.5,70.7094,5.8925,12
2023-08-15,Storm,Warm,27.99,59.0,103.6112,4.3171,24
2023-08-16,Clear,Warm,30.88,56.42,606.3069,7.2179,84
2023-08-16,Clear,Mild,23.77,63.29,170.7648,2.8461,60
2023-08-16,Clear,Hot,32.93,63.07,208.097,8.6707,24
2023-08-16,Cloudy,Mild,23.58,67.04,104.5797,2.905,36
2023-08-16,Cloudy,Warm,28.13,66.27,170.0323,7.0847,24
2023-08-16,Fog,Warm,25.55,73.52,57.9433,4.8286,12
2023-08-16,Fog,Mild,22.44,58.81,19.7223,1.6435,12
2023-08-16,Rain,Warm,26.56,56.23,79.1956,6.5996,12
2023-08-16,Rain,Mild,21.37,70.58,33.8579,2.8215,12
2023-08-16,Storm,Mild,23.56,65.65,68.9716,5.7476,12
2023-08-17,Clear,Warm,28.65,62.72,816.4666,6.8039,120
2023-08-17,Clear,Mild,23.06,56.42,22.3619,1.8635,12
2023-08-17,Cloudy,Warm,26.73,61.43,196.6998,5.4639,36
2023-08-17,Cloudy,Mild,21.35,69.94,91.6104,2.5447,36
2023-08-17,Fog,Mild,20.68,66.43,26.4238,2.202,12
2023-08-17,Rain,Warm,26.42,59.55,75.6443,6.3037,12
2023-08-17,Rain,Mild,22.02,70.95,86.0714,2.3909,36
2023-08-17,Storm,Mild,22.98,65.06,33.8909,2.8242,12
2023-08-17,Storm,Warm,30.36,60.26,108.5155,9.043,12
2023-08-18,Clear,Warm,29.67,62.63,873.8857,7.2824,120
2023-08-18,Clear,Mild,22.85,66.95,197.5492,3.2925,60
2023-08-18,Cloudy,Mild,24.17,66.33,169.3322,4.7037,36
2023-08-18,Cloudy,Warm,27.79,58.42,79.8932,6.6578,12
2023-08-18,Fog,Mild,21.72,63.42,19.9905,1.6659,12
2023-08-18,Rain,Mild,21.84,67.46,73.5538,2.0432,36
2023-08-18,Storm,Warm,30.69,59.11,66.0338,5.5028,12
2023-08-19,Clear,Mild,22.59,71.02,133.3356,2.2223,60
2023-08-19,Clear,Warm,28.99,60.83,498.3025,4.6139,108
2023-08-19,Cloudy,Hot,32.03,52.84,61.477,5.1231,12
2023-08-19,Cloudy,Warm,30.38,60.17,51.1833,4.2653,12
2023-08-19,Cloudy,Mild,21.68,69.08,15.6663,1.3055,12
2023-08-19,Fog,Mild,20.04,64.8,32.3564,2.6964,12
2023-08-19,Rain,Mild,21.89,69.76,20.4628,1.7052,12
2023-08-19,Rain,Warm,27.88,55.94,75.6669,6.3056,12
2023-08-19,Snow,Warm,26.47,68.37,58.1044,4.842,12
2023-08-19,Storm,Warm,29.0,64.99,205.6202,5.7117,36
2023-08-20,Clear,Warm,29.65,61.93,509.6003,5.3083,96
2023-08-20,Clear,Hot,32.14,69.6,88.4273,7.3689,12
2023-08-20,Clear,Mild,21.12,63.06,64.0604,1.7795,36
2023-08-20,Cloudy,Warm,31.5,59.14,52.7101,4.3925,12
2023-08-20,Cloudy,Mild,23.86,65.56,183.6003,3.06,60
2023-08-20,Fog,Mild,22.73,75.61,46.6211,1.9425,24
2023-08-20,Rain,Mild,24.48,82.15,43.3277,3.6106,12
2023-08-20,Rain,Warm,25.62,70.45,56.5999,4.7167,12
2023-08-20,Storm,Warm,30.41,60.1,90.7891,7.5658,12
2023-08-20,Storm,Mild,19.72,71.69,12.9944,1.0829,12
2023-08-21,Clear,Warm,29.5,62.29,613.976,7.3092,84
2023-08-21,Clear,Mild,21.78,68.66,61.5279,2.5637,24
2023-08-21,Clear,Hot,33.38,63.11,171.5684,7.1487,24
2023-08-21,Cloudy,Mild,23.74,68.76,92.0762,2.5577,36
2023-08-21,Cloudy,Warm,26.57,64.04,246.1137,6.8365,36
2023-08-21,Fog,Warm,25.3,68.2,108.6517,4.5272,24
2023-08-21,Fog,Mild,20.9,73.79,19.3505,1.6125,12
2023-08-21,Rain,Warm,26.54,68.58,77.638,6.4698,12
2023-08-21,Rain,Mild,20.38,69.77,60.7633,2.5318,24
2023-08-21,Storm,Mild,24.16,65.58,69.6711,5.8059,12
2023-08-22,Clear,Mild,24.45,61.89,91.8508,3.8271,24
2023-08-22,Clear,Warm,29.93,62.46,334.1755,6.962,48
2023-08-22,Clear,Hot,32.86,54.97,87.0248,7.2521,12
2023-08-22,Cloudy,Warm,30.79,62.52,262.7719,7.2992,36
2023-08-22,Cloudy,Mild,21.96,69.67,90.1901,2.5053,36
2023-08-22,Fog,Mild,23.14,62.58,129.8343,3.6065,36
2023-08-22,Rain,Warm,27.09,73.92,141.712,5.9047,24
2023-08-22,Rain,Mild,21.42,67.91,150.7443,3.1405,48
2023-08-22,Storm,Mild,23.2,63.69,94.023,7.8352,12
2023-08-22,Storm,Warm,29.95,68.33,76.3919,6.366,12
2023-08-23,Clear,Mild,21.38,60.53,101.8,2.8278,36
2023-08-23,Clear,Warm,29.19,62.56,685.8,7.1437,96
2023-08-23,Cloudy,Warm,27.57,56.24,247.397,6.8721,36
2023-08-23,Cloudy,Mild,22.6,62.58,32.7522,2.7294,12
2023-08-23,Fog,Mild,20.01,82.5,59.706,2.4878,24
2023-08-23,Rain,Mild,21.78,68.79,156.6841,3.2643,48
2023-08-23,Snow,Warm,26.17,62.63,75.74,6.3117,12
2023-08-23,Storm,Warm,25.27,60.2,115.7973,4.8249,24
2023-08-24,Clear,Warm,28.68,66.02,916.8994,6.9462,132
2023-08-24,Clear,Mild,22.49,67.57,267.2562,3.7119,72
2023-08-24,Cloudy,Mild,22.2,66.63,96.4005,2.6778,36
2023-08-24,Cloudy,Warm,25.73,64.46,95.217,3.9674,24
2023-08-24,Storm,Warm,27.28,57.74,76.5722,6.381,12
2023-08-24,Storm,Mild,21.55,61.96,16.1192,1.3433,12
2023-08-25,Clear,Mild,23.13,63.83,235.0203,3.917,60
2023-08-25,Clear,Hot,33.32,58.17,75.8955,6.3246,12
2023-08-25,Clear,Warm,28.56,69.31,102.8971,8.5748,12
2023-08-25,Cloudy,Warm,29.24,61.87,567.6561,6.7578,84
2023-08-25,Cloudy,Mild,21.91,65.14,102.0399,2.8344,36
2023-08-25,Fog,Mild,19.05,76.71,20.3694,1.6975,12
2023-08-25,Rain,Warm,26.22,59.42,236.7535,6.5765,36
2023-08-25,Rain,Mild,17.69,75.54,26.6012,2.2168,12
2023-08-25,Storm,Mild,21.32,67.08,16.8786,1.4066,12
2023-08-25,Storm,Warm,30.06,66.42,64.7317,5.3943,12
2023-08-26,Clear,Mild,21.62,69.61,145.1056,2.4184,60
2023-08-26,Clear,Warm,29.03,59.28,383.6522,5.3285,72
2023-08-26,Cloudy,Warm,29.29,61.58,148.9274,4.1369,36
2023-08-26,Cloudy,Hot,34.74,58.57,98.3935,8.1995,12
2023-08-26,Cloudy,Mild,21.18,71.69,95.0316,1.9798,48
2023-08-26,Fog,Mild,21.46,61.33,73.9146,3.0798,24
2023-08-26,Rain,Mild,24.93,61.78,55.2461,4.6038,12
2023-08-26,Snow,Warm,26.6,65.13,58.2195,4.8516,12
2023-08-26,Storm,Warm,28.13,64.57,72.9523,6.0794,12
2023-08-27,Clear,Mild,21.05,73.44,92.5181,1.542,60
2023-08-27,Clear,Warm,28.84,65.4,285.5745,4.7596,60
2023-08-27,Cloudy,Mild,17.87,79.86,31.2209,2.6017,12
2023-08-27,Cloudy,Warm,28.71,57.78,210.7977,5.8555,36
2023-08-27,Fog,Mild,20.89,79.2,12.0098,1.0008,12
2023-08-27,Rain,Warm,26.64,65.01,250.6566,4.1776,60
2023-08-27,Rain,Mild,22.38,72.39,104.0022,4.3334,24
2023-08-27,Storm,Warm,30.83,69.01,60.3863,5.0322,12
2023-08-27,Storm,Mild,22.36,66.46,35.7059,2.9755,12
2023-08-28,Clear,Warm,29.71,60.81,664.9893,6.927,96
2023-08-28,Clear,Mild,22.03,64.44,197.7348,3.2956,60
2023-08-28,Cloudy,Warm,27.77,64.99,58.1272,4.8439,12
2023-08-28,Cloudy,Mild,22.3,70.79,64.7146,2.6964,24
2023-08-28,Fog,Warm,25.75,59.46,88.5816,7.3818,12
2023-08-28,Fog,Mild,19.72,57.39,26.5738,2.2145,12
2023-08-28,Rain,Warm,25.43,61.69,113.6741,4.7364,24
2023-08-28,Rain,Mild,17.03,75.85,62.2456,2.5936,24
2023-08-28,Storm,Warm,30.12,62.95,228.4046,9.5169,24
2023-08-29,Clear,Hot,32.03,67.96,114.9753,9.5813,12
2023-08-29,Clear,Warm,27.99,65.0,378.151,6.3025,60
2023-08-29,Clear,Mild,23.47,71.86,292.9327,4.8822,60
2023-08-29,Cloudy,Mild,20.82,71.19,148.5516,3.0948,48
2023-08-29,Cloudy,Warm,29.58,64.75,305.834,6.3715,48
2023-08-29,Fog,Mild,20.13,73.76,22.7215,1.8935,12
2023-08-29,Fog,Warm,27.69,77.4,92.4894,7.7075,12
2023-08-29,Rain,Mild,19.65,64.17,78.3562,2.1766,36
2023-08-30,Clear,Mild,21.4,67.61,172.131,3.5861,48
2023-08-30,Clear,Warm,27.92,67.05,785.4992,6.5458,120
2023-08-30,Cloudy,Mild,20.56,67.91,78.1696,2.1714,36
2023-08-30,Cloudy,Warm,28.21,65.72,154.312,6.4297,24
2023-08-30,Fog,Mild,19.69,69.25,73.1183,3.0466,24
2023-08-30,Fog,Warm,27.63,60.09,102.072,8.506,12
2023-08-30,Storm,Mild,21.71,62.28,53.5899,2.2329,24
2023-08-31,Clear,Mild,21.6,69.04,238.9305,3.3185,72
2023-08-31,Clear,Warm,28.63,64.34,577.1126,6.8704,84
2023-08-31,Cloudy,Mild,20.82,63.33,34.9721,1.4572,24
2023-08-31,Cloudy,Warm,27.61,60.7,249.7784,6.9383,36
2023-08-31,Fog,Warm,27.32,66.28,72.2822,6.0235,12
2023-08-31,Fog,Mild,22.97,75.57,70.0718,5.8393,12
2023-08-31,Rain,Mild,19.72,76.02,92.5656,3.8569,24
2023-08-31,Storm,Mild,21.99,62.83,21.5106,1.7926,12
2023-08-31,Storm,Warm,26.59,75.01,65.9304,5.4942,12
2023-09-01,Clear,Warm,28.1,63.47,701.4352,6.4948,108
2023-09-01,Clear,Mild,21.66,69.03,290.5164,3.4585,84
2023-09-01,Cloudy,Mild,21.72,67.09,85.4811,2.3745,36
2023-09-01,Cloudy,Warm,27.1,64.63,151.0037,6.2918,24
2023-09-01,Fog,Mild,17.06,82.72,26.1997,2.1833,12
2023-09-01,Storm,Warm,29.56,64.77,179.3692,7.4737,24
2023-09-02,Clear,Warm,29.55,63.92,493.5944,5.1416,96
2023-09-02,Clear,Mild,22.13,66.83,165.0946,2.7516,60
2023-09-02,Cloudy,Mild,21.61,68.12,145.5675,2.4261,60
2023-09-02,Cloudy,Warm,30.38,57.64,66.5243,5.5437,12
2023-09-02,Rain,Mild,22.81,67.46,73.9038,3.0793,24
2023-09-02,Rain,Warm,26.77,60.47,56.6036,4.717,12
2023-09-02,Storm,Mild,18.64,69.02,12.8058,1.0672,12
2023-09-02,Storm,Warm,28.62,53.19,71.935,5.9946,12
2023-09-03,Clear,Warm,28.81,62.16,565.1578,5.2329,108
2023-09-03,Clear,Mild,21.12,71.2,135.0671,2.8139,48
2023-09-03,Cloudy,Mild,21.76,73.24,189.5157,2.6322,72
2023-09-03,Cloudy,Warm,26.07,63.55,56.7233,4.7269,12
2023-09-03,Fog,Warm,26.49,58.3,57.4663,4.7889,12
2023-09-03,Rain,Mild,21.18,69.07,63.9627,1.7767,36
2023-09-04,Clear,Warm,28.34,61.74,409.5867,6.8264,60
2023-09-04,Clear,Mild,22.43,67.61,300.4466,4.1729,72
2023-09-04,Cloudy,Mild,21.79,68.3,422.6602,4.4027,96
2023-09-04,Cloudy,Warm,26.36,58.57,65.419,5.4516,12
2023-09-04,Fog,Mild,20.99,63.13,42.3218,3.5268,12
2023-09-04,Rain,Warm,26.24,61.91,76.7021,6.3918,12
2023-09-04,Rain,Mild,17.04,74.66,19.6656,1.6388,12
2023-09-04,Snow,Mild,19.44,63.93,52.111,4.3426,12
2023-09-05,Clear,Mild,20.51,73.13,168.0234,4.6673,36
2023-09-05,Clear,Warm,29.26,65.51,348.5683,7.2618,48
2023-09-05,Cloudy,Warm,30.03,56.8,69.6273,5.8023,12
2023-09-05,Cloudy,Mild,23.23,67.48,267.2506,4.4542,60
2023-09-05,Rain,Mild,20.25,69.6,154.9775,3.2287,48
2023-09-05,Snow,Mild,22.06,71.21,110.922,4.6218,24
2023-09-05,Snow,Warm,27.94,67.98,113.7616,9.4801,12
2023-09-05,Storm,Mild,22.07,67.95,47.2485,1.9687,24
2023-09-05,Storm,Warm,27.18,67.86,150.2447,6.2602,24
2023-09-06,Clear,Mild,20.7,67.7,133.2245,3.7007,36
2023-09-06,Clear,Warm,27.71,66.9,384.9006,6.415,60
2023-09-06,Cloudy,Mild,20.63,67.63,259.3059,3.6015,72
2023-09-06,Fog,Mild,22.09,69.06,90.7102,3.7796,24
2023-09-06,Fog,Warm,27.24,63.63,206.3595,8.5983,24
2023-09-06,Rain,Mild,20.48,71.52,172.3744,3.5911,48
2023-09-06,Storm,Warm,26.73,61.03,113.3223,4.7218,24
2023-09-07,Clear,Mild,20.6,75.08,212.7361,4.432,48
2023-09-07,Clear,Warm,29.03,65.69,95.8481,7.9873,12
2023-09-07,Cloudy,Mild,21.97,66.2,214.2796,4.4642,48
2023-09-07,Cloudy,Warm,26.54,65.32,392.7589,6.546,60
2023-09-07,Fog,Mild,16.69,74.53,16.669,1.3891,12
2023-09-07,Rain,Warm,25.57,78.82,77.8705,6.4892,12
2023-09-07,Rain,Mild,20.36,72.2,72.7719,2.0214,36
2023-09-07,Snow,Mild,17.56,70.28,59.2272,2.4678,24
2023-09-07,Storm,Warm,27.78,57.05,164.7023,6.8626,24
2023-09-07,Storm,Mild,23.27,68.23,70.3635,5.8636,12
2023-09-08,Clear,Mild,21.25,69.36,264.7238,4.4121,60
2023-09-08,Clear,Warm,28.1,63.28,413.8773,6.898,60
2023-09-08,Cloudy,Warm,26.88,63.35,275.7465,5.7447,48
2023-09-08,Cloudy,Mild,20.18,69.3,218.2863,3.0318,72
2023-09-08,Fog,Warm,26.56,57.93,88.1117,7.3426,12
2023-09-08,Rain,Mild,18.17,73.23,62.9366,2.6224,24
2023-09-08,Storm,Mild,21.49,59.54,66.1996,5.5166,12
2023-09-09,Clear,Warm,28.73,65.49,183.8935,5.1082,36
2023-09-09,Clear,Mild,21.8,65.19,173.9307,2.8988,60
2023-09-09,Cloudy,Mild,20.41,71.52,157.4058,3.2793,48
2023-09-09,Cloudy,Warm,26.33,64.18,57.8801,4.8233,12
2023-09-09,Fog,Warm,26.06,56.98,118.7387,4.9474,24
2023-09-09,Rain,Mild,20.13,70.65,156.2332,2.6039,60
2023-09-09,Rain,Warm,26.99,71.46,53.1576,4.4298,12
2023-09-09,Storm,Mild,20.82,63.47,74.9279,3.122,24
2023-09-09,Storm,Warm,27.47,62.81,61.4711,5.1226,12
2023-09-10,Clear,Warm,26.81,66.64,133.4566,5.5607,24
2023-09-10,Clear,Mild,20.86,69.2,201.0356,2.7922,72
2023-09-10,Cloudy,Mild,22.46,68.53,119.4843,3.319,36
2023-09-10,Cloudy,Warm,25.89,64.43,129.1874,5.3828,24
2023-09-10,Fog,Mild,19.66,72.78,12.6504,1.0542,12
2023-09-10,Rain,Mild,20.98,68.54,331.9716,3.952,84
2023-09-10,Storm,Warm,28.54,60.28,106.567,4.4403,24
2023-09-10,Storm,Mild,16.27,65.44,26.2869,2.1906,12
2023-09-11,Clear,Warm,28.43,63.12,427.3646,7.1227,60
2023-09-11,Clear,Mild,19.91,66.86,197.9452,3.2991,60
2023-09-11,Cloudy,Warm,27.06,54.33,81.9478,6.829,12
2023-09-11,Cloudy,Mild,22.09,66.5,261.8539,4.3642,60
2023-09-11,Fog,Warm,27.98,63.22,71.1507,5.9292,12
2023-09-11,Fog,Mild,19.63,80.58,81.6592,3.4025,24
2023-09-11,Rain,Mild,22.96,76.77,83.2276,6.9356,12
2023-09-11,Snow,Mild,22.58,75.88,68.4414,5.7035,12
2023-09-11,Storm,Mild,18.84,66.08,112.0127,3.1115,36
2023-09-12,Clear,Warm,27.3,66.59,392.7885,8.1831,48
2023-09-12,Clear,Mild,20.97,66.43,356.972,4.9579,72
2023-09-12,Cloudy,Mild,19.73,69.59,282.1841,3.3593,84
2023-09-12,Fog,Warm,27.07,68.91,81.657,6.8047,12
2023-09-12,Rain,Warm,27.26,63.98,61.8187,5.1516,12
2023-09-12,Rain,Mild,15.54,74.53,19.804,1.6503,12
2023-09-12,Snow,Mild,22.44,72.62,51.8402,4.32,12
2023-09-12,Storm,Mild,22.13,71.88,134.8437,5.6185,24
2023-09-12,Storm,Warm,29.36,58.76,74.607,6.2173,12
2023-09-13,Clear,Mild,20.42,67.11,426.5475,3.9495,108
2023-09-13,Clear,Warm,27.62,66.47,323.6276,6.7422,48
2023-09-13,Cloudy,Mild,22.7,67.8,91.4879,3.812,24
2023-09-13,Fog,Mild,17.89,65.69,41.1261,3.4272,12
2023-09-13,Rain,Mild,21.78,67.36,298.2963,4.9716,60
2023-09-13,Rain,Warm,26.91,68.33,137.0009,5.7084,24
2023-09-13,Snow,Mild,18.53,72.77,17.2487,1.4374,12
2023-09-14,Clear,Mild,21.83,71.9,316.2623,4.3925,72
2023-09-14,Clear,Cold,13.5,74.25,42.7097,3.5591,12
2023-09-14,Clear,Warm,28.37,64.2,55.9547,4.6629,12
2023-09-14,Cloudy,Mild,18.47,70.96,131.5463,2.1924,60
2023-09-14,Cloudy,Warm,26.55,68.25,165.7692,6.9071,24
2023-09-14,Fog,Mild,21.39,67.62,178.599,4.9611,36
2023-09-14,Fog,Warm,26.26,60.85,161.052,6.7105,24
2023-09-14,Rain,Warm,25.7,70.83,70.6293,5.8858,12
2023-09-14,Rain,Mild,20.79,62.63,202.2581,5.6183,36
2023-09-15,Clear,Mild,20.34,65.74,331.6317,4.606,72
2023-09-15,Clear,Warm,26.31,60.58,301.4206,6.2796,48
2023-09-15,Cloudy,Mild,18.36,76.39,169.627,2.8271,60
2023-09-15,Cloudy,Warm,26.97,58.69,82.2802,6.8567,12
2023-09-15,Fog,Mild,20.67,70.18,51.764,4.3137,12
2023-09-15,Rain,Mild,18.04,78.54,70.6584,2.9441,24
2023-09-15,Rain,Warm,26.02,67.06,143.9164,5.9965,24
2023-09-15,Storm,Mild,23.41,61.18,110.4927,4.6039,24
2023-09-15,Storm,Warm,25.93,49.15,102.4072,8.5339,12
2023-09-16,Clear,Mild,18.81,65.57,219.8579,2.2902,96
2023-09-16,Clear,Warm,26.05,65.05,177.6246,4.934,36
2023-09-16,Cloudy,Mild,22.64,65.35,164.6317,4.5731,36
2023-09-16,Fog,Mild,18.14,72.09,63.1,2.6292,24
2023-09-16,Fog,Warm,27.27,60.33,49.5675,4.1306,12
2023-09-16,Rain,Warm,26.59,56.97,53.7717,4.481,12
2023-09-16,Rain,Mild,23.29,61.23,125.8847,3.4968,36
2023-09-16,Snow,Warm,26.25,64.2,55.5997,4.6333,12
2023-09-16,Storm,Mild,21.88,72.95,48.4613,4.0384,12
2023-09-16,Storm,Warm,26.5,74.79,79.5328,6.6277,12
2023-09-17,Clear,Warm,26.55,65.1,365.7362,5.0797,72
2023-09-17,Clear,Mild,18.32,67.63,181.9496,2.5271,72
2023-09-17,Cloudy,Mild,21.09,70.2,196.0192,3.267,60
2023-09-17,Fog,Mild,16.43,68.7,15.1341,1.2612,12
2023-09-17,Fog,Warm,25.93,73.09,56.1694,4.6808,12
2023-09-17,Rain,Warm,27.01,75.04,80.6852,6.7238,12
2023-09-17,Rain,Mild,20.92,67.09,139.5206,3.8756,36
2023-09-17,Storm,Cold,14.43,77.07,19.9952,1.6663,12
2023-09-18,Clear,Mild,18.97,71.71,246.4585,3.423,72
2023-09-18,Clear,Warm,28.39,63.84,207.6182,8.6508,24
2023-09-18,Cloudy,Warm,26.07,74.67,96.3265,8.0272,12
2023-09-18,Cloudy,Mild,20.6,76.7,134.7779,5.6157,24
2023-09-18,Fog,Warm,26.32,58.21,223.9307,6.2203,36
2023-09-18,Fog,Mild,22.35,71.64,124.4452,3.4568,36
2023-09-18,Rain,Mild,18.35,68.96,190.4797,3.9683,48
2023-09-18,Rain,Warm,25.97,58.65,84.2266,7.0189,12
2023-09-18,Snow,Mild,16.95,71.87,81.8645,3.411,24
2023-09-19,Clear,Mild,21.0,69.35,496.3013,4.5954,108
2023-09-19,Clear,Warm,26.33,60.84,76.7119,6.3927,12
2023-09-19,Clear,Cold,14.97,74.88,15.8455,1.3205,12
2023-09-19,Cloudy,Cold,14.1,73.69,26.7066,2.2256,12
2023-09-19,Cloudy,Warm,27.38,69.41,182.7274,7.6136,24
2023-09-19,Cloudy,Mild,20.66,70.29,233.4995,4.8646,48
2023-09-19,Fog,Mild,18.84,66.11,141.1166,3.9199,36
2023-09-19,Rain,Mild,21.65,63.64,146.5508,4.0709,36
2023-09-20,Clear,Mild,20.64,69.07,368.2827,5.115,72
2023-09-20,Clear,Warm,27.56,64.13,91.8441,7.6537,12
2023-09-20,Cloudy,Mild,22.11,68.9,328.9434,4.5687,72
2023-09-20,Cloudy,Warm,26.85,68.12,63.634,5.3028,12
2023-09-20,Cloudy,Cold,13.64,81.26,27.0796,2.2566,12
2023-09-20,Fog,Warm,25.55,69.23,74.573,6.2144,12
2023-09-20,Rain,Mild,19.73,72.24,159.5881,3.3248,48
2023-09-20,Rain,Warm,25.95,58.59,79.545,6.6288,12
2023-09-20,Storm,Mild,20.51,66.55,112.4078,4.6837,24
2023-09-20,Storm,Cold,14.6,64.48,16.7934,1.3994,12
2023-09-21,Clear,Mild,22.73,65.6,121.805,5.0752,24
2023-09-21,Clear,Cold,12.9,85.73,27.9769,2.3314,12
2023-09-21,Clear,Warm,25.29,56.14,72.7925,6.066,12
2023-09-21,Cloudy,Cold,13.34,73.94,35.9259,2.9938,12
2023-09-21,Cloudy,Mild,20.12,70.92,665.1673,4.6192,144
2023-09-21,Fog,Warm,25.32,70.78,96.0744,8.0062,12
2023-09-21,Rain,Cold,13.49,66.68,44.1401,3.6783,12
2023-09-21,Rain,Mild,24.01,61.07,65.191,5.4326,12
2023-09-21,Rain,Warm,26.15,69.92,77.9364,6.4947,12
2023-09-21,Storm,Mild,19.3,73.93,67.5244,2.8135,24
2023-09-21,Storm,Warm,27.66,50.3,78.7034,6.5586,12
2023-09-22,Clear,Warm,27.6,62.0,262.1414,7.2817,36
2023-09-22,Clear,Mild,20.35,71.55,616.6315,4.6715,132
2023-09-22,Cloudy,Mild,18.37,63.84,129.6691,3.6019,36
2023-09-22,Fog,Mild,20.55,72.26,171.9537,4.7765,36
2023-09-22,Rain,Warm,26.83,68.68,58.362,4.8635,12
2023-09-22,Rain,Cold,14.89,70.37,42.0009,3.5001,12
2023-09-22,Rain,Mild,21.01,67.36,62.1633,5.1803,12
2023-09-22,Snow,Mild,18.85,67.85,68.3492,5.6958,12
2023-09-23,Clear,Mild,20.04,67.22,286.5688,3.4115,84
2023-09-23,Cloudy,Mild,18.89,71.12,132.964,2.7701,48
2023-09-23,Cloudy,Warm,26.46,67.06,195.2785,5.4244,36
2023-09-23,Fog,Mild,21.99,71.05,85.1277,3.547,24
2023-09-23,Fog,Warm,25.81,67.43,54.1744,4.5145,12
2023-09-23,Rain,Cold,14.53,70.7,59.4055,2.4752,24
2023-09-23,Rain,Mild,19.49,75.6,111.1358,3.0871,36
2023-09-23,Snow,Mild,24.29,72.56,74.8451,6.2371,12
2023-09-23,Storm,Cold,13.93,80.45,20.8849,1.7404,12
2023-09-24,Clear,Cold,14.22,69.82,48.2138,2.0089,24
2023-09-24,Clear,Mild,20.27,69.43,285.5731,3.3997,84
2023-09-24,Clear,Warm,28.02,58.15,63.3926,5.2827,12
2023-09-24,Cloudy,Mild,20.54,70.39,208.811,3.4802,60
2023-09-24,Fog,Mild,20.83,73.26,68.0837,2.8368,24
2023-09-24,Fog,Warm,27.17,67.56,56.3563,4.6964,12
2023-09-24,Rain,Cold,14.64,78.98,27.3718,2.281,12
2023-09-24,Rain,Mild,19.21,70.44,136.4708,3.7909,36
2023-09-24,Storm,Mild,18.73,69.41,100.1933,4.1747,24
2023-09-25,Clear,Warm,26.57,63.74,63.2543,5.2712,12
2023-09-25,Clear,Mild,19.51,70.81,307.5962,4.2722,72
2023-09-25,Cloudy,Mild,20.81,62.44,150.6162,4.1838,36
2023-09-25,Cloudy,Cold,14.54,70.74,25.7446,2.1454,12
2023-09-25,Cloudy,Warm,25.23,64.06,71.1817,5.9318,12
2023-09-25,Fog,Cold,13.82,74.68,16.9296,1.4108,12
2023-09-25,Fog,Warm,26.28,55.69,152.9564,6.3732,24
2023-09-25,Fog,Mild,19.56,70.79,116.3749,3.2326,36
2023-09-25,Rain,Cold,13.69,68.64,36.3106,3.0259,12
2023-09-25,Rain,Mild,22.33,69.97,298.1649,6.2118,48
2023-09-25,Storm,Warm,25.22,72.58,90.0552,7.5046,12
2023-09-26,Clear,Mild,20.46,71.57,493.1549,4.5662,108
2023-09-26,Clear,Cold,14.64,69.85,76.3157,3.1798,24
2023-09-26,Cloudy,Mild,21.92,70.41,289.4891,6.031,48
2023-09-26,Cloudy,Warm,25.49,58.11,140.3229,5.8468,24
2023-09-26,Fog,Cold,14.42,82.24,20.9729,1.7477,12
2023-09-26,Rain,Warm,27.45,52.18,105.1289,8.7607,12
2023-09-26,Rain,Mild,18.8,73.24,148.9497,3.1031,48
2023-09-26,Storm,Mild,17.87,72.67,65.7392,5.4783,12
2023-09-27,Clear,Cold,13.91,72.92,54.7369,1.5205,36
2023-09-27,Clear,Mild,20.79,68.33,452.3804,5.3855,84
2023-09-27,Clear,Warm,26.01,59.61,77.6433,6.4703,12
2023-09-27,Cloudy,Mild,16.41,67.39,55.0483,4.5874,12
2023-09-27,Cloudy,Cold,14.35,79.68,79.3905,3.3079,24
2023-09-27,Fog,Mild,21.96,63.63,145.7516,6.073,24
2023-09-27,Rain,Mild,20.27,67.11,312.5111,4.3404,72
2023-09-27,Snow,Cold,11.19,76.44,29.5844,2.4654,12
2023-09-27,Storm,Mild,21.35,78.9,86.4145,7.2012,12
2023-09-28,Clear,Mild,19.91,71.36,402.909,4.7965,84
2023-09-28,Cloudy,Mild,20.05,71.57,326.6831,4.5373,72
2023-09-28,Fog,Mild,19.12,76.16,255.7244,4.2621,60
2023-09-28,Rain,Mild,19.4,66.43,168.8689,3.5181,48
2023-09-28,Storm,Mild,20.19,70.71,112.8956,4.704,24
2023-09-29,Clear,Mild,18.09,68.9,231.8689,3.2204,72
2023-09-29,Cloudy,Cold,13.78,72.84,112.167,4.6736,24
2023-09-29,Cloudy,Mild,15.43,73.4,43.3047,3.6087,12
2023-09-29,Fog,Mild,21.07,66.4,177.5159,4.931,36
2023-09-29,Rain,Mild,19.89,69.56,300.3975,4.1722,72
2023-09-29,Storm,Warm,25.75,64.46,63.4978,5.2915,12
2023-09-29,Storm,Mild,20.88,69.85,382.752,6.3792,60
2023-09-30,Clear,Mild,19.19,72.29,224.7434,3.7457,60
2023-09-30,Clear,Cold,12.73,77.59,61.8692,1.7186,36
2023-09-30,Cloudy,Mild,19.87,68.37,314.7396,3.2785,96
2023-09-30,Cloudy,Cold,12.42,73.6,22.0579,1.8382,12
2023-09-30,Fog,Cold,12.89,68.0,44.0821,3.6735,12
2023-09-30,Fog,Mild,24.51,64.94,76.0173,6.3348,12
2023-09-30,Rain,Mild,19.73,70.58,143.2163,3.9782,36
2023-09-30,Storm,Mild,21.79,60.36,108.2455,4.5102,24
2023-10-01,Clear,Cold,13.1,74.2,59.7896,2.4912,24
2023-10-01,Clear,Mild,20.68,67.92,175.3913,3.654,48
2023-10-01,Cloudy,Cold,13.43,73.22,50.5231,4.2103,12
2023-10-01,Cloudy,Mild,19.62,67.16,228.1907,3.1693,72
2023-10-01,Fog,Mild,18.81,74.33,74.0998,3.0875,24
2023-10-01,Rain,Mild,21.18,70.08,147.4874,4.0969,36
2023-10-01,Rain,Cold,14.04,79.05,79.473,3.3114,24
2023-10-01,Snow,Mild,23.54,74.19,69.9858,5.8321,12
2023-10-01,Storm,Mild,21.82,63.44,82.0342,3.4181,24
2023-10-01,Storm,Cold,14.09,68.56,13.2823,1.1069,12
2023-10-02,Clear,Mild,18.87,71.25,231.7329,4.8278,48
2023-10-02,Cloudy,Mild,20.84,68.98,433.5457,6.0215,72
2023-10-02,Fog,Mild,19.09,70.45,219.3428,4.5696,48
2023-10-02,Fog,Cold,13.34,78.26,26.2614,2.1884,12
2023-10-02,Rain,Cold,13.58,74.95,62.721,1.7423,36
2023-10-02,Rain,Mild,19.4,62.69,221.0147,6.1393,36
2023-10-02,Storm,Mild,20.38,61.76,119.4536,4.9772,24
2023-10-02,Storm,Cold,12.1,87.43,35.5016,2.9585,12
2023-10-03,Clear,Mild,20.06,67.92,443.2354,4.617,96
2023-10-03,Clear,Cold,13.37,75.33,67.2347,2.8014,24
2023-10-03,Cloudy,Mild,17.56,71.56,265.3563,5.5283,48
2023-10-03,Cloudy,Cold,12.45,79.03,49.0271,2.0428,24
2023-10-03,Fog,Mild,21.13,71.08,218.759,6.0766,36
2023-10-03,Rain,Cold,14.64,66.89,41.1966,3.433,12
2023-10-03,Rain,Mild,19.6,68.88,136.0314,3.7787,36
2023-10-03,Storm,Mild,19.46,73.57,65.7408,5.4784,12
2023-10-04,Clear,Mild,20.27,70.11,494.1299,5.8825,84
2023-10-04,Clear,Cold,12.76,78.37,112.603,3.1279,36
2023-10-04,Cloudy,Mild,21.92,70.08,232.6491,6.4625,36
2023-10-04,Cloudy,Cold,12.36,74.73,20.2258,1.6855,12
2023-10-04,Fog,Cold,13.69,80.8,17.3639,1.447,12
2023-10-04,Fog,Mild,22.32,73.24,60.8998,5.075,12
2023-10-04,Rain,Mild,18.46,73.78,255.4,4.2567,60
2023-10-04,Rain,Cold,12.55,80.19,85.7987,3.5749,24
2023-10-04,Storm,Cold,13.96,74.09,42.7916,3.566,12
2023-10-05,Clear,Cold,13.13,71.77,193.7246,4.0359,48
2023-10-05,Clear,Mild,18.59,71.25,344.5683,5.7428,60
2023-10-05,Cloudy,Cold,12.92,78.99,21.0206,1.7517,12
2023-10-05,Cloudy,Mild,19.62,69.76,418.2019,5.8084,72
2023-10-05,Fog,Mild,19.79,63.82,52.407,4.3672,12
2023-10-05,Rain,Cold,14.31,70.4,34.1894,1.4246,24
2023-10-05,Rain,Mild,22.18,68.69,190.3411,5.2873,36
2023-10-05,Rain,Warm,25.1,68.76,63.638,5.3032,12
2023-10-05,Snow,Cold,11.47,71.71,27.8096,2.3175,12
2023-10-06,Clear,Mild,21.76,62.37,363.3435,6.0557,60
2023-10-06,Clear,Cold,13.68,77.76,224.8642,3.1231,72
2023-10-06,Cloudy,Cold,10.92,69.01,21.4364,1.7864,12
2023-10-06,Cloudy,Mild,20.56,69.82,306.3077,5.1051,60
2023-10-06,Rain,Cold,12.72,77.19,61.1884,2.5495,24
2023-10-06,Rain,Mild,19.74,68.76,255.1515,5.3157,48
2023-10-06,Snow,Mild,15.91,71.09,66.7083,5.559,12
2023-10-07,Clear,Mild,20.11,68.14,232.6133,3.8769,60
2023-10-07,Clear,Cold,13.11,80.38,34.1703,2.8475,12
2023-10-07,Clear,Warm,25.28,53.8,51.3652,4.2804,12
2023-10-07,Cloudy,Cold,10.81,80.48,45.709,1.9045,24
2023-10-07,Cloudy,Mild,17.59,67.89,171.4177,3.5712,48
2023-10-07,Fog,Mild,17.96,71.18,149.7681,4.1602,36
2023-10-07,Rain,Cold,12.39,77.17,13.9984,1.1665,12
2023-10-07,Rain,Mild,20.6,70.46,178.3361,4.9538,36
2023-10-07,Snow,Mild,19.76,80.39,51.2352,4.2696,12
2023-10-07,Storm,Cold,12.14,80.84,37.598,1.5666,24
2023-10-07,Storm,Mild,15.29,76.11,50.4987,4.2082,12
2023-10-08,Clear,Mild,19.26,70.59,283.7174,3.3776,84
2023-10-08,Clear,Cold,12.92,76.86,65.0713,2.7113,24
2023-10-08,Cloudy,Mild,19.94,73.82,179.0909,3.7311,48
2023-10-08,Fog,Cold,10.29,67.29,16.7236,1.3936,12
2023-10-08,Fog,Mild,17.88,64.63,61.2359,5.103,12
2023-10-08,Rain,Cold,13.41,73.33,49.7307,1.3814,36
2023-10-08,Rain,Mild,19.02,72.01,254.7788,5.3079,48
2023-10-08,Storm,Cold,12.82,65.51,13.5031,1.1253,12
2023-10-08,Storm,Mild,22.42,65.53,73.5084,6.1257,12
2023-10-09,Clear,Mild,20.28,67.03,444.4971,5.2916,84
2023-10-09,Clear,Cold,13.09,73.19,16.8341,1.4028,12
2023-10-09,Cloudy,Mild,15.83,76.83,80.8105,3.3671,24
2023-10-09,Cloudy,Cold,12.3,83.24,110.602,3.0723,36
2023-10-09,Fog,Mild,19.0,65.14,159.387,6.6411,24
2023-10-09,Fog,Cold,14.98,77.77,15.8576,1.3215,12
2023-10-09,Rain,Cold,12.7,81.08,43.2909,3.6076,12
2023-10-09,Rain,Mild,18.82,68.86,296.0195,4.9337,60
2023-10-09,Snow,Mild,22.49,66.8,88.517,7.3764,12
2023-10-09,Storm,Cold,11.09,82.71,34.034,2.8362,12
2023-10-10,Clear,Cold,12.34,76.65,173.7814,2.8964,60
2023-10-10,Clear,Mild,20.27,69.2,234.0225,6.5006,36
2023-10-10,Cloudy,Mild,19.82,69.51,345.5151,4.7988,72
2023-10-10,Cloudy,Cold,12.95,76.36,90.0557,3.7523,24
2023-10-10,Fog,Cold,9.74,77.78,29.1745,2.4312,12
2023-10-10,Fog,Mild,19.97,71.97,66.8678,5.5723,12
2023-10-10,Rain,Mild,19.72,66.85,139.0444,5.7935,24
2023-10-10,Storm,Cold,11.53,73.14,17.5567,1.4631,12
2023-10-10,Storm,Mild,18.89,67.62,181.6179,5.0449,36
2023-10-11,Clear,Cold,12.79,71.91,89.7106,2.492,36
2023-10-11,Clear,Mild,19.44,66.44,400.0142,5.5558,72
2023-10-11,Cloudy,Mild,18.74,68.4,359.118,4.9877,72
2023-10-11,Cloudy,Cold,12.0,70.93,122.1322,3.3926,36
2023-10-11,Rain,Mild,17.38,73.6,142.9853,5.9577,24
2023-10-11,Storm,Mild,18.35,70.03,72.1027,6.0086,12
2023-10-11,Storm,Cold,12.1,77.04,113.144,3.1429,36
2023-10-12,Clear,Mild,18.1,70.47,415.505,4.9465,84
2023-10-12,Clear,Cold,12.99,77.25,237.394,3.2971,72
2023-10-12,Cloudy,Mild,19.89,65.47,224.9641,6.249,36
2023-10-12,Fog,Mild,19.18,69.46,266.1832,5.5455,48
2023-10-12,Rain,Cold,11.43,77.57,49.9355,2.0806,24
2023-10-12,Rain,Mild,16.39,77.08,67.1329,5.5944,12
2023-10-12,Storm,Mild,16.55,68.12,57.7189,4.8099,12
2023-10-13,Clear,Cold,12.6,75.14,183.0975,3.0516,60
2023-10-13,Clear,Mild,19.49,69.32,125.7227,5.2384,24
2023-10-13,Cloudy,Mild,20.22,66.38,128.4064,5.3503,24
2023-10-13,Cloudy,Cold,13.17,79.95,119.4881,4.9787,24
2023-10-13,Fog,Cold,9.21,81.29,29.8577,2.4881,12
2023-10-13,Fog,Mild,17.99,67.86,155.6377,6.4849,24
2023-10-13,Rain,Cold,13.67,72.22,55.4703,2.3113,24
2023-10-13,Rain,Mild,19.05,70.26,439.6102,6.1057,72
2023-10-13,Storm,Mild,17.17,77.88,94.0801,3.92,24
2023-10-14,Clear,Cold,12.62,76.49,96.7821,1.613,60
2023-10-14,Clear,Mild,17.59,73.83,353.1437,4.2041,84
2023-10-14,Cloudy,Mild,19.32,64.61,130.4566,5.4357,24
2023-10-14,Cloudy,Cold,11.51,72.28,111.2687,3.0908,36
2023-10-14,Fog,Mild,18.56,77.17,149.2769,4.1466,36
2023-10-14,Rain,Cold,12.24,75.93,51.6973,2.1541,24
2023-10-14,Rain,Mild,19.25,68.0,52.9904,4.4159,12
2023-10-14,Snow,Mild,16.82,72.25,40.626,3.3855,12
2023-10-15,Clear,Mild,19.64,69.1,261.7176,4.362,60
2023-10-15,Clear,Cold,12.36,75.56,224.6225,3.1198,72
2023-10-15,Cloudy,Cold,14.14,82.95,37.808,1.5753,24
2023-10-15,Cloudy,Mild,17.56,76.75,208.9866,4.3539,48
2023-10-15,Fog,Cold,11.12,76.15,16.5943,1.3829,12
2023-10-15,Fog,Mild,16.79,65.62,50.1319,4.1777,12
2023-10-15,Rain,Mild,18.11,71.93,43.0451,3.5871,12
2023-10-15,Rain,Cold,12.02,72.83,38.2362,1.5932,24
2023-10-15,Storm,Mild,17.69,70.68,103.0264,4.2928,24
2023-10-16,Clear,Mild,19.47,67.34,282.9659,4.7161,60
2023-10-16,Clear,Cold,12.21,79.67,119.2603,2.4846,48
2023-10-16,Cloudy,Cold,12.61,78.33,169.9569,4.721,36
2023-10-16,Cloudy,Mild,19.86,65.8,143.668,5.9862,24
2023-10-16,Fog,Cold,12.54,73.66,104.0568,4.3357,24
2023-10-16,Rain,Mild,19.24,72.82,293.7023,6.1188,48
2023-10-16,Rain,Cold,9.88,81.13,18.6089,1.5507,12
2023-10-16,Storm,Mild,19.56,68.49,141.3144,5.8881,24
2023-10-16,Storm,Cold,13.14,74.87,34.5272,2.8773,12
2023-10-17,Clear,Cold,9.87,74.07,83.6755,3.4865,24
2023-10-17,Clear,Mild,18.41,70.74,378.3626,6.306,60
2023-10-17,Cloudy,Mild,17.39,71.95,127.3307,5.3054,24
2023-10-17,Cloudy,Cold,11.45,88.39,28.9347,2.4112,12
2023-10-17,Fog,Cold,12.81,78.86,137.3849,3.8162,36
2023-10-17,Fog,Mild,21.28,62.44,116.4332,4.8514,24
2023-10-17,Rain,Cold,11.2,78.28,92.9186,2.5811,36
2023-10-17,Rain,Mild,18.99,73.45,152.7048,4.2418,36
2023-10-17,Snow,Cold,9.47,78.77,37.6277,3.1356,12
2023-10-17,Storm,Mild,19.94,70.82,152.5627,6.3568,24
2023-10-18,Clear,Cold,12.46,76.38,256.9132,3.5682,72
2023-10-18,Clear,Mild,18.01,69.45,330.2616,5.5044,60
2023-10-18,Cloudy,Cold,9.71,79.71,38.2514,3.1876,12
2023-10-18,Cloudy,Mild,19.38,70.05,360.7546,6.0126,60
2023-10-18,Fog,Cold,9.36,85.77,30.3048,2.5254,12
2023-10-18,Rain,Mild,16.08,67.25,78.9584,6.5799,12
2023-10-18,Rain,Cold,9.66,79.77,98.0361,2.7232,36
2023-10-18,Storm,Mild,16.12,68.15,140.7445,5.8644,24
2023-10-19,Clear,Mild,18.29,68.14,183.6545,5.1015,36
2023-10-19,Clear,Cold,10.03,78.75,202.7158,3.3786,60
2023-10-19,Cloudy,Cold,11.76,76.93,151.1687,3.1493,48
2023-10-19,Cloudy,Mild,18.04,71.79,208.589,5.7941,36
2023-10-19,Fog,Mild,18.58,63.24,73.1665,6.0972,12
2023-10-19,Rain,Cold,12.27,83.06,72.2927,6.0244,12
2023-10-19,Rain,Mild,17.88,74.31,235.1055,6.5307,36
2023-10-19,Snow,Mild,18.82,75.5,69.3179,5.7765,12
2023-10-19,Storm,Cold,12.4,84.06,83.5479,3.4812,24
2023-10-19,Storm,Mild,20.83,78.1,67.5165,5.6264,12
2023-10-20,Clear,Cold,11.51,78.29,245.5866,3.4109,72
2023-10-20,Clear,Mild,19.99,71.46,254.7745,7.0771,36
2023-10-20,Cloudy,Mild,18.48,71.11,310.5349,5.1756,60
2023-10-20,Cloudy,Cold,11.4,73.03,65.1266,2.7136,24
2023-10-20,Fog,Cold,11.43,66.51,52.6895,4.3908,12
2023-10-20,Rain,Mild,16.6,67.12,244.3544,5.0907,48
2023-10-20,Rain,Cold,13.96,72.69,55.1539,2.2981,24
2023-10-20,Storm,Cold,12.9,60.13,70.0082,5.834,12
2023-10-21,Clear,Cold,11.42,74.77,113.3814,1.8897,60
2023-10-21,Clear,Mild,19.02,65.65,87.7836,3.6577,24
2023-10-21,Cloudy,Cold,11.24,73.52,82.9393,3.4558,24
2023-10-21,Cloudy,Mild,17.35,73.11,234.0824,4.8767,48
2023-10-21,Fog,Mild,15.28,69.37,35.5426,2.9619,12
2023-10-21,Fog,Cold,13.91,76.27,62.3706,2.5988,24
2023-10-21,Rain,Mild,18.14,68.36,282.908,3.9293,72
2023-10-21,Snow,Mild,18.04,64.99,67.7847,5.6487,12
2023-10-21,Storm,Cold,10.65,72.34,17.1869,1.4322,12
2023-10-22,Clear,Mild,16.76,71.37,147.1801,4.0883,36
2023-10-22,Clear,Cold,10.5,72.95,165.3322,2.7555,60
2023-10-22,Cloudy,Mild,19.24,74.03,141.0069,3.9169,36
2023-10-22,Cloudy,Cold,12.34,77.08,109.13,3.0314,36
2023-10-22,Fog,Mild,17.12,72.01,49.2859,4.1072,12
2023-10-22,Fog,Cold,11.92,71.17,38.2306,1.5929,24
2023-10-22,Rain,Mild,17.07,70.37,176.3525,4.8987,36
2023-10-22,Rain,Cold,6.46,82.95,14.111,1.1759,12
2023-10-22,Snow,Mild,16.8,64.93,40.7138,3.3928,12
2023-10-22,Storm,Mild,16.47,72.66,110.4414,4.6017,24
2023-10-23,Clear,Cold,11.52,82.71,239.9412,3.999,60
2023-10-23,Clear,Mild,19.61,70.6,222.5685,6.1825,36
2023-10-23,Cloudy,Cold,13.44,79.42,179.561,4.9878,36
2023-10-23,Cloudy,Mild,17.63,63.77,52.3456,4.3621,12
2023-10-23,Fog,Cold,10.4,69.96,52.7801,4.3983,12
2023-10-23,Rain,Mild,18.23,69.44,206.7734,5.7437,36
2023-10-23,Rain,Cold,11.81,78.25,210.4246,3.5071,60
2023-10-23,Storm,Cold,12.0,75.25,23.453,1.9544,12
2023-10-23,Storm,Mild,16.44,68.89,124.7597,5.1983,24
2023-10-24,Clear,Cold,10.43,79.32,292.5104,3.4823,84
2023-10-24,Clear,Mild,18.03,68.97,336.1851,5.6031,60
2023-10-24,Cloudy,Mild,17.63,68.52,62.1532,5.1794,12
2023-10-24,Cloudy,Cold,11.34,81.64,108.1918,4.508,24
2023-10-24,Fog,Mild,18.81,65.87,214.5302,5.9592,36
2023-10-24,Rain,Cold,8.58,86.09,39.2443,3.2704,12
2023-10-24,Rain,Mild,15.86,79.48,49.8464,4.1539,12
2023-10-24,Snow,Cold,10.75,82.59,100.6787,4.1949,24
2023-10-24,Storm,Cold,12.4,92.48,31.6069,2.6339,12
2023-10-24,Storm,Mild,17.88,75.15,75.8294,6.3191,12
2023-10-25,Clear,Cold,11.33,73.21,152.6799,3.1808,48
2023-10-25,Clear,Mild,16.71,70.69,428.7833,5.9553,72
2023-10-25,Cloudy,Mild,17.55,71.9,319.271,5.3212,60
2023-10-25,Cloudy,Cold,8.92,75.9,68.963,2.8735,24
2023-10-25,Fog,Cold,12.24,82.92,51.7344,4.3112,12
2023-10-25,Fog,Mild,18.0,71.24,71.1184,5.9265,12
2023-10-25,Rain,Cold,12.3,75.81,131.9256,2.7484,48
2023-10-25,Rain,Mild,16.16,65.89,58.156,4.8463,12
2023-10-26,Clear,Cold,9.7,83.15,189.5582,3.1593,60
2023-10-26,Clear,Mild,17.68,65.81,214.7733,5.9659,36
2023-10-26,Cloudy,Cold,11.41,75.61,141.0169,2.9379,48
2023-10-26,Cloudy,Mild,17.7,70.54,265.9296,5.5402,48
2023-10-26,Fog,Cold,9.18,77.53,22.9782,1.9148,12
2023-10-26,Rain,Cold,13.91,71.09,204.7324,5.687,36
2023-10-26,Rain,Mild,15.22,68.79,79.8773,6.6564,12
2023-10-26,Snow,Cold,11.92,78.07,57.8846,4.8237,12
2023-10-26,Storm,Mild,18.37,70.2,58.101,4.8418,12
2023-10-26,Storm,Cold,14.09,68.91,71.5155,5.9596,12
2023-10-27,Clear,Cold,11.48,77.16,408.038,4.2504,96
2023-10-27,Clear,Mild,18.15,63.63,136.5166,5.6882,24
2023-10-27,Cloudy,Cold,10.36,76.45,166.8481,3.476,48
2023-10-27,Cloudy,Mild,16.61,75.0,171.85,7.1604,24
2023-10-27,Fog,Cold,11.07,86.94,56.0188,4.6682,12
2023-10-27,Fog,Mild,19.01,77.91,110.8235,4.6176,24
2023-10-27,Rain,Cold,8.47,84.46,48.0843,2.0035,24
2023-10-27,Rain,Mild,15.27,78.76,79.2707,6.6059,12
2023-10-27,Storm,Cold,14.64,80.02,52.877,4.4064,12
2023-10-27,Storm,Mild,17.16,70.24,61.5619,5.1302,12
2023-10-28,Clear,Mild,17.47,69.48,269.4203,4.4903,60
2023-10-28,Clear,Cold,11.91,77.52,89.1876,2.4774,36
2023-10-28,Cloudy,Mild,18.64,74.56,149.3334,4.1482,36
2023-10-28,Cloudy,Cold,10.25,72.51,165.1863,3.4414,48
2023-10-28,Fog,Mild,16.28,66.21,54.412,4.5343,12
2023-10-28,Rain,Cold,9.99,78.24,121.7598,2.5367,48
2023-10-28,Rain,Mild,17.48,71.58,51.229,4.2691,12
2023-10-28,Storm,Cold,9.37,77.09,107.1479,2.9763,36
2023-10-29,Clear,Mild,17.17,69.14,242.8851,4.0481,60
2023-10-29,Clear,Cold,10.27,80.19,69.6285,1.9341,36
2023-10-29,Cloudy,Mild,17.46,74.02,247.3952,5.1541,48
2023-10-29,Cloudy,Cold,11.89,68.2,172.0024,3.5834,48
2023-10-29,Fog,Cold,8.69,81.13,56.3267,2.3469,24
2023-10-29,Rain,Cold,10.43,72.72,136.0201,3.7783,36
2023-10-29,Snow,Mild,16.9,79.2,52.5949,4.3829,12
2023-10-29,Storm,Very Cold,4.97,81.04,15.4492,1.2874,12
2023-10-29,Storm,Cold,6.12,84.57,31.1974,2.5998,12
2023-10-30,Clear,Mild,17.68,72.83,283.0788,5.8975,48
2023-10-30,Clear,Cold,10.72,75.36,398.8719,4.1549,96
2023-10-30,Cloudy,Mild,19.03,75.77,56.8878,4.7407,12
2023-10-30,Fog,Cold,6.98,81.78,56.9612,4.7468,12
2023-10-30,Rain,Mild,15.32,79.98,53.6194,4.4683,12
2023-10-30,Rain,Cold,11.23,71.31,165.6146,4.6004,36
2023-10-30,Storm,Cold,11.52,75.14,102.7691,2.8547,36
2023-10-30,Storm,Mild,16.19,71.71,187.179,5.1994,36
2023-10-31,Clear,Cold,10.83,79.45,381.2469,5.2951,72
2023-10-31,Clear,Mild,16.71,71.87,179.3906,4.9831,36
2023-10-31,Cloudy,Mild,17.19,68.55,131.7988,5.4916,24
2023-10-31,Cloudy,Cold,10.4,79.97,170.2076,3.546,48
2023-10-31,Fog,Cold,8.14,84.0,71.2003,2.9667,24
2023-10-31,Rain,Cold,14.21,74.19,114.8358,4.7848,24
2023-10-31,Rain,Mild,15.27,68.28,51.9653,4.3304,12
2023-10-31,Snow,Cold,14.71,70.62,81.9956,6.833,12
2023-10-31,Storm,Mild,15.03,73.5,82.1151,6.8429,12
2023-10-31,Storm,Cold,9.19,83.17,52.0708,2.1696,24
2023-11-01,Clear,Mild,16.05,72.78,205.9103,5.7197,36
2023-11-01,Clear,Cold,7.15,75.56,116.6556,4.8607,24
2023-11-01,Cloudy,Mild,16.07,73.58,57.5562,4.7963,12
2023-11-01,Cloudy,Cold,8.57,82.23,168.1654,2.8028,60
2023-11-01,Fog,Mild,18.26,65.67,238.5468,6.6263,36
2023-11-01,Fog,Cold,12.34,76.26,202.307,4.2147,48
2023-11-01,Rain,Very Cold,4.84,69.29,60.789,5.0658,12
2023-11-01,Rain,Cold,11.15,80.93,101.5587,4.2316,24
2023-11-01,Rain,Mild,17.3,75.88,122.8341,5.1181,24
2023-11-01,Storm,Mild,19.3,70.63,65.752,5.4793,12
2023-11-02,Clear,Cold,8.77,76.8,435.4228,4.0317,108
2023-11-02,Cloudy,Cold,14.31,76.53,145.8865,6.0786,24
2023-11-02,Fog,Cold,11.72,72.11,71.6388,5.9699,12
2023-11-02,Fog,Mild,17.72,76.52,121.3142,5.0548,24
2023-11-02,Rain,Cold,11.81,74.91,229.4479,4.7802,48
2023-11-02,Rain,Mild,16.41,74.17,261.6961,5.452,48
2023-11-02,Storm,Cold,9.61,80.82,58.7387,2.4474,24
2023-11-03,Clear,Cold,10.61,78.1,310.8697,5.1812,60
2023-11-03,Clear,Mild,15.51,72.23,88.3315,7.361,12
2023-11-03,Cloudy,Mild,15.61,76.49,148.6652,6.1944,24
2023-11-03,Cloudy,Cold,9.85,79.38,228.9279,3.8155,60
2023-11-03,Fog,Mild,15.26,75.3,57.0578,4.7548,12
2023-11-03,Fog,Cold,7.51,81.5,50.4317,2.1013,24
2023-11-03,Rain,Cold,12.6,73.1,264.5557,4.4093,60
2023-11-03,Rain,Mild,15.3,78.26,51.254,4.2712,12
2023-11-03,Storm,Cold,13.13,78.24,128.5335,5.3556,24
2023-11-04,Clear,Mild,17.42,71.41,138.5488,3.8486,36
2023-11-04,Clear,Very Cold,4.83,78.28,19.2177,1.6015,12
2023-11-04,Clear,Cold,11.94,70.81,177.9794,3.7079,48
2023-11-04,Cloudy,Mild,16.26,68.75,43.6026,3.6335,12
2023-11-04,Fog,Cold,11.7,75.67,234.1634,4.8784,48
2023-11-04,Rain,Mild,19.92,68.06,67.2882,5.6074,12
2023-11-04,Rain,Cold,9.11,78.06,327.816,3.0353,108
2023-11-04,Storm,Cold,6.18,92.04,27.7636,2.3136,12
2023-11-05,Clear,Mild,16.24,69.87,179.1863,4.9774,36
2023-11-05,Clear,Cold,11.04,71.4,189.6759,3.1613,60
2023-11-05,Cloudy,Mild,16.36,75.01,43.8719,3.656,12
2023-11-05,Cloudy,Cold,10.25,77.97,191.2822,3.985,48
2023-11-05,Fog,Mild,16.13,80.43,39.7644,3.3137,12
2023-11-05,Fog,Very Cold,4.08,76.01,31.9378,2.6615,12
2023-11-05,Fog,Cold,11.89,76.15,125.9453,3.4985,36
2023-11-05,Rain,Cold,7.93,73.96,108.742,3.0206,36
2023-11-05,Rain,Mild,16.87,72.58,47.0244,3.9187,12
2023-11-05,Storm,Cold,10.19,83.06,76.4871,3.187,24
2023-11-06,Clear,Cold,9.26,77.86,266.524,3.7017,72
2023-11-06,Clear,Mild,15.4,71.63,51.2442,4.2704,12
2023-11-06,Clear,Very Cold,3.7,87.99,20.4171,1.7014,12
2023-11-06,Cloudy,Mild,17.02,72.47,253.5525,5.2823,48
2023-11-06,Cloudy,Cold,6.86,81.06,147.6703,4.102,36
2023-11-06,Fog,Cold,12.09,78.07,159.3177,6.6382,24
2023-11-06,Rain,Mild,16.54,76.01,69.2776,5.7731,12
2023-11-06,Rain,Cold,11.71,72.47,338.1699,5.6362,60
2023-11-06,Snow,Cold,9.08,80.47,45.4644,3.7887,12
2023-11-07,Clear,Cold,9.57,80.84,311.1928,5.1865,60
2023-11-07,Cloudy,Cold,9.6,78.55,423.3919,4.4103,96
2023-11-07,Cloudy,Mild,15.11,83.07,50.3026,4.1919,12
2023-11-07,Fog,Cold,7.05,74.83,86.5546,3.6064,24
2023-11-07,Rain,Mild,16.29,71.1,276.2898,5.756,48
2023-11-07,Rain,Cold,10.77,80.82,94.59,3.9413,24
2023-11-07,Storm,Mild,15.81,65.48,123.9882,5.1662,24
2023-11-08,Clear,Cold,10.24,78.66,32.0071,2.6673,12
2023-11-08,Cloudy,Cold,9.1,80.79,392.4639,4.6722,84
2023-11-08,Cloudy,Very Cold,2.01,83.61,20.3628,1.6969,12
2023-11-08,Cloudy,Mild,16.2,78.17,89.5944,7.4662,12
2023-11-08,Fog,Mild,16.74,70.34,120.8853,5.0369,24
2023-11-08,Fog,Cold,9.42,78.73,159.9768,4.4438,36
2023-11-08,Rain,Cold,9.55,77.32,356.9351,4.9574,72
2023-11-08,Rain,Mild,16.52,70.24,65.5116,5.4593,12
2023-11-08,Storm,Mild,15.17,71.8,75.1746,6.2646,12
2023-11-08,Storm,Cold,7.74,79.81,79.3231,6.6103,12
2023-11-09,Clear,Cold,11.04,77.84,460.9759,6.4024,72
2023-11-09,Clear,Very Cold,4.86,87.68,55.7772,2.3241,24
2023-11-09,Clear,Mild,16.32,70.93,213.5923,5.9331,36
2023-11-09,Cloudy,Cold,10.09,80.84,292.9666,4.8828,60
2023-11-09,Cloudy,Very Cold,4.61,81.61,74.4002,3.1,24
2023-11-09,Fog,Cold,12.91,88.58,59.5677,4.964,12
2023-11-09,Rain,Mild,15.65,77.97,168.2909,7.0121,24
2023-11-09,Rain,Cold,10.72,76.35,132.6892,3.6858,36
2023-11-10,Clear,Mild,15.84,67.53,157.2165,6.5507,24
2023-11-10,Clear,Cold,10.0,79.24,481.4061,5.0146,96
2023-11-10,Clear,Very Cold,3.58,72.51,25.7046,2.1421,12
2023-11-10,Cloudy,Cold,9.92,74.63,154.6801,3.2225,48
2023-11-10,Fog,Cold,13.66,74.19,158.1975,6.5916,24
2023-11-10,Rain,Mild,18.36,70.77,69.0502,5.7542,12
2023-11-10,Rain,Cold,10.59,70.42,152.2646,4.2296,36
2023-11-10,Snow,Cold,14.2,74.73,56.7513,4.7293,12
2023-11-10,Storm,Cold,8.65,79.99,98.943,4.1226,24
2023-11-11,Clear,Mild,16.35,70.44,215.0914,4.4811,48
2023-11-11,Clear,Cold,8.87,77.13,412.2759,3.4356,120
2023-11-11,Cloudy,Cold,10.41,81.07,186.1223,3.8775,48
2023-11-11,Fog,Cold,6.67,71.31,54.7299,2.2804,24
2023-11-11,Rain,Cold,11.17,71.67,177.4222,4.9284,36
2023-11-11,Snow,Cold,9.17,71.95,26.7917,2.2326,12
2023-11-12,Clear,Mild,16.12,70.23,42.1285,3.5107,12
2023-11-12,Clear,Cold,9.47,82.19,212.5815,2.9525,72
2023-11-12,Cloudy,Cold,11.14,77.89,310.7286,4.3157,72
2023-11-12,Fog,Cold,8.48,78.48,110.4367,3.0677,36
2023-11-12,Fog,Mild,16.62,78.5,42.7244,3.5604,12
2023-11-12,Rain,Mild,15.48,73.35,48.0655,4.0055,12
2023-11-12,Rain,Cold,13.97,76.57,68.5912,5.7159,12
2023-11-12,Rain,Very Cold,3.27,95.15,39.9894,3.3325,12
2023-11-12,Snow,Cold,7.15,88.24,65.1878,2.7162,24
2023-11-12,Storm,Cold,7.22,81.38,59.3504,4.9459,12
2023-11-12,Storm,Mild,15.22,83.3,52.1385,4.3449,12
2023-11-13,Clear,Cold,10.6,73.59,622.0895,4.7128,132
2023-11-13,Clear,Very Cold,4.59,88.57,25.2294,2.1025,12
2023-11-13,Clear,Mild,17.24,78.51,61.8301,5.1525,12
2023-11-13,Cloudy,Very Cold,4.09,88.77,76.4178,6.3682,12
2023-11-13,Cloudy,Mild,15.92,68.2,175.3082,7.3045,24
2023-11-13,Cloudy,Cold,8.71,83.8,210.7575,5.8544,36
2023-11-13,Fog,Cold,8.86,70.18,77.9891,6.4991,12
2023-11-13,Rain,Mild,16.62,67.29,66.867,5.5722,12
2023-11-13,Rain,Cold,7.13,81.67,56.4704,2.3529,24
2023-11-13,Storm,Cold,10.81,78.26,57.0852,4.7571,12
2023-11-14,Clear,Very Cold,4.04,87.55,43.7759,1.824,24
2023-11-14,Clear,Cold,10.61,78.58,668.5661,6.1904,108
2023-11-14,Cloudy,Very Cold,4.6,72.36,24.4311,2.0359,12
2023-11-14,Cloudy,Cold,11.67,77.69,331.5232,4.6045,72
2023-11-14,Rain,Very Cold,3.73,84.2,87.3496,3.6396,24
2023-11-14,Rain,Mild,16.49,74.56,63.1124,5.2594,12
2023-11-14,Rain,Cold,11.83,80.98,201.3064,5.5918,36
2023-11-15,Clear,Mild,16.67,63.25,68.494,5.7078,12
2023-11-15,Clear,Very Cold,4.35,85.47,162.8643,3.393,48
2023-11-15,Clear,Cold,9.33,72.2,288.1806,4.803,60
2023-11-15,Cloudy,Cold,12.14,72.65,263.0851,5.4809,48
2023-11-15,Fog,Cold,12.43,74.81,163.1201,4.5311,36
2023-11-15,Fog,Mild,15.87,82.97,83.624,6.9687,12
2023-11-15,Rain,Cold,10.98,81.76,238.5707,4.9702,48
2023-11-15,Snow,Very Cold,1.61,86.57,21.771,1.8143,12
2023-11-15,Storm,Cold,6.79,78.21,79.9689,6.6641,12
2023-11-16,Clear,Cold,9.85,72.79,57.2658,4.7722,12
2023-11-16,Clear,Very Cold,4.28,84.27,94.2624,3.9276,24
2023-11-16,Cloudy,Mild,15.02,72.51,60.4603,5.0384,12
2023-11-16,Cloudy,Very Cold,3.93,85.71,77.0142,2.1393,36
2023-11-16,Cloudy,Cold,12.76,80.28,207.7782,5.7716,36
2023-11-16,Fog,Cold,8.13,77.35,75.1641,6.2637,12
2023-11-16,Rain,Cold,10.71,75.58,337.8575,4.6925,72
2023-11-16,Rain,Mild,15.01,74.23,69.6508,5.8042,12
2023-11-16,Snow,Cold,12.43,74.28,189.4659,7.8944,24
2023-11-16,Storm,Cold,7.62,82.13,202.2847,4.2143,48
2023-11-17,Clear,Very Cold,4.39,80.91,75.1382,3.1308,24
2023-11-17,Clear,Cold,9.82,77.26,336.4689,5.6078,60
2023-11-17,Clear,Mild,16.81,76.93,60.9954,5.083,12
2023-11-17,Cloudy,Cold,8.97,77.31,194.0534,4.0428,48
2023-11-17,Cloudy,Mild,15.24,62.95,85.2959,7.108,12
2023-11-17,Cloudy,Very Cold,0.91,81.42,45.8367,3.8197,12
2023-11-17,Fog,Cold,6.34,75.16,83.656,3.4857,24
2023-11-17,Fog,Very Cold,4.26,79.83,31.7633,2.6469,12
2023-11-17,Rain,Mild,15.6,77.1,58.2646,4.8554,12
2023-11-17,Rain,Cold,10.23,77.01,223.7485,6.2152,36
2023-11-17,Snow,Cold,6.33,87.39,19.5583,1.6299,12
2023-11-17,Storm,Cold,13.0,74.05,176.6824,7.3618,24
2023-11-18,Clear,Cold,10.02,82.14,199.8194,4.1629,48
2023-11-18,Clear,Very Cold,4.25,80.79,61.4077,2.5587,24
2023-11-18,Clear,Mild,16.01,71.33,48.4021,4.0335,12
2023-11-18,Cloudy,Cold,8.77,79.91,361.6024,4.3048,84
2023-11-18,Cloudy,Very Cold,2.97,85.74,33.9993,1.4166,24
2023-11-18,Rain,Cold,10.37,76.38,315.2652,3.7532,84
2023-11-18,Rain,Mild,15.4,79.43,40.2854,3.3571,12
2023-11-19,Clear,Mild,15.1,72.94,64.5348,5.3779,12
2023-11-19,Clear,Cold,11.07,79.97,316.4701,4.3954,72
2023-11-19,Cloudy,Cold,9.28,78.2,286.0887,3.9735,72
2023-11-19,Cloudy,Very Cold,2.42,80.48,26.1928,2.1827,12
2023-11-19,Fog,Cold,11.78,73.58,146.2042,4.0612,36
2023-11-19,Rain,Very Cold,3.36,82.22,34.0363,2.8364,12
2023-11-19,Rain,Cold,8.39,79.18,112.5534,3.1265,36
2023-11-19,Snow,Very Cold,2.39,73.33,19.5856,1.6321,12
2023-11-19,Storm,Very Cold,2.51,90.26,47.3189,3.9432,12
2023-11-19,Storm,Cold,5.96,81.24,15.2352,1.2696,12
2023-11-20,Clear,Cold,9.71,75.6,516.2731,6.1461,84
2023-11-20,Clear,Mild,17.58,83.19,64.1022,5.3419,12
2023-11-20,Cloudy,Cold,9.69,79.51,53.4647,4.4554,12
2023-11-20,Cloudy,Very Cold,3.7,82.07,122.6324,3.4065,36
2023-11-20,Fog,Very Cold,4.91,82.85,80.6818,6.7235,12
2023-11-20,Fog,Cold,8.09,77.14,120.6047,3.3501,36
2023-11-20,Rain,Cold,12.52,78.67,299.8218,4.997,60
2023-11-20,Snow,Cold,11.07,79.18,75.1861,6.2655,12
2023-11-20,Storm,Very Cold,3.94,93.63,21.0868,1.7572,12
2023-11-20,Storm,Cold,5.99,79.04,26.4537,2.2045,12
2023-11-21,Clear,Very Cold,3.61,82.15,98.1583,2.7266,36
2023-11-21,Clear,Cold,9.96,76.65,378.4116,5.2557,72
2023-11-21,Cloudy,Cold,9.71,74.2,247.1258,6.8646,36
2023-11-21,Cloudy,Very Cold,3.23,81.57,25.9421,2.1618,12
2023-11-21,Fog,Cold,7.32,84.55,22.2587,1.8549,12
2023-11-21,Rain,Cold,10.44,77.79,397.1515,5.516,72
2023-11-21,Rain,Very Cold,3.57,85.73,100.6851,4.1952,24
2023-11-21,Storm,Cold,12.75,80.2,132.3808,5.5159,24
2023-11-22,Clear,Very Cold,3.6,100.0,60.6021,5.0502,12
2023-11-22,Clear,Mild,15.57,85.28,68.4767,5.7064,12
2023-11-22,Clear,Cold,9.11,77.2,500.4662,5.2132,96
2023-11-22,Cloudy,Cold,10.5,77.13,293.2107,6.1086,48
2023-11-22,Cloudy,Very Cold,4.03,79.85,25.4506,2.1209,12
2023-11-22,Fog,Very Cold,2.51,77.43,28.3924,2.366,12
2023-11-22,Fog,Cold,6.73,83.46,19.5338,1.6278,12
2023-11-22,Fog,Mild,16.56,70.84,57.4229,4.7852,12
2023-11-22,Rain,Very Cold,4.25,76.46,43.0863,3.5905,12
2023-11-22,Rain,Cold,10.49,79.8,243.0445,6.7512,36
2023-11-22,Storm,Cold,8.47,83.23,60.1125,5.0094,12
2023-11-22,Storm,Mild,15.68,73.61,53.0539,4.4212,12
2023-11-23,Clear,Cold,9.33,77.62,493.4341,5.1399,96
2023-11-23,Clear,Very Cold,4.91,82.44,70.4557,2.9357,24
2023-11-23,Cloudy,Very Cold,4.77,76.11,42.1249,3.5104,12
2023-11-23,Cloudy,Cold,13.14,80.05,74.9201,6.2433,12
2023-11-23,Fog,Cold,8.22,75.72,137.0167,5.709,24
2023-11-23,Rain,Cold,9.25,76.25,211.371,4.4036,48
2023-11-23,Rain,Very Cold,2.75,79.28,60.3838,5.032,12
2023-11-23,Snow,Very Cold,3.15,93.2,20.5015,1.7085,12
2023-11-23,Snow,Cold,13.36,77.34,66.1051,5.5088,12
2023-11-23,Storm,Cold,10.22,76.48,232.9012,6.4695,36
2023-11-24,Clear,Cold,10.78,74.39,146.4745,4.0687,36
2023-11-24,Clear,Very Cold,4.31,84.84,72.6518,3.0272,24
2023-11-24,Cloudy,Cold,8.88,78.21,176.5627,4.9045,36
2023-11-24,Cloudy,Mild,15.3,76.14,89.8968,7.4914,12
2023-11-24,Fog,Cold,8.31,79.92,333.3893,5.5565,60
2023-11-24,Rain,Very Cold,4.2,84.27,90.0803,3.7533,24
2023-11-24,Rain,Cold,8.53,76.98,325.207,5.4201,60
2023-11-24,Snow,Cold,14.9,70.98,67.6455,5.6371,12
2023-11-24,Snow,Very Cold,2.94,79.65,20.9985,1.7499,12
2023-11-24,Storm,Cold,7.23,78.27,95.9989,7.9999,12
2023-11-25,Clear,Cold,9.85,74.51,340.4803,4.7289,72
2023-11-25,Clear,Very Cold,2.88,71.39,41.3302,3.4442,12
2023-11-25,Cloudy,Very Cold,2.89,80.45,58.4741,1.6243,36
2023-11-25,Cloudy,Cold,10.51,75.44,218.8199,4.5587,48
2023-11-25,Fog,Cold,8.65,81.1,102.996,4.2915,24
2023-11-25,Rain,Very Cold,2.96,76.58,66.8302,2.7846,24
2023-11-25,Rain,Cold,10.71,76.98,253.6742,4.2279,60
2023-11-25,Storm,Very Cold,4.85,73.04,17.9443,1.4954,12
2023-11-26,Clear,Very Cold,2.89,89.23,41.3132,1.7214,24
2023-11-26,Clear,Mild,16.02,75.47,51.2985,4.2749,12
2023-11-26,Clear,Cold,10.47,76.87,204.285,4.2559,48
2023-11-26,Cloudy,Cold,6.24,83.85,174.2703,4.8408,36
2023-11-26,Cloudy,Very Cold,4.68,81.64,47.1325,3.9277,12
2023-11-26,Fog,Cold,11.4,74.68,141.6637,5.9027,24
2023-11-26,Fog,Very Cold,2.95,84.9,16.3647,1.3637,12
2023-11-26,Rain,Very Cold,3.75,88.99,49.4072,2.0586,24
2023-11-26,Rain,Cold,7.7,75.63,166.1556,3.4616,48
2023-11-26,Storm,Cold,9.5,72.39,195.8324,4.0798,48
2023-11-27,Clear,Very Cold,3.98,85.68,159.6582,3.3262,48
2023-11-27,Clear,Cold,8.5,81.57,275.7155,5.7441,48
2023-11-27,Cloudy,Cold,9.83,76.44,438.183,5.2165,84
2023-11-27,Cloudy,Very Cold,3.13,81.83,25.8359,2.153,12
2023-11-27,Fog,Mild,15.07,86.08,55.654,4.6378,12
2023-11-27,Fog,Cold,12.03,75.64,214.3606,5.9545,36
2023-11-27,Rain,Very Cold,3.7,85.05,137.669,5.7362,24
2023-11-27,Rain,Cold,7.77,84.61,94.9337,7.9111,12
2023-11-27,Snow,Very Cold,3.3,74.3,37.3668,3.1139,12
2023-11-28,Clear,Cold,8.95,81.57,401.6033,5.5778,72
2023-11-28,Clear,Very Cold,2.85,80.77,44.0185,3.6682,12
2023-11-28,Cloudy,Cold,7.34,81.32,247.7189,5.1608,48
2023-11-28,Cloudy,Very Cold,1.89,83.84,21.0929,1.7577,12
2023-11-28,Fog,Mild,15.57,67.76,64.1644,5.347,12
2023-11-28,Fog,Cold,12.64,74.02,233.4518,6.4848,36
2023-11-28,Rain,Cold,9.05,76.48,111.5709,3.0992,36
2023-11-28,Snow,Very Cold,1.47,91.24,34.3656,2.8638,12
2023-11-28,Storm,Cold,11.75,79.53,126.894,5.2872,24
2023-11-28,Storm,Very Cold,3.88,82.84,113.8538,4.7439,24
2023-11-29,Clear,Very Cold,2.78,87.41,123.826,3.4396,36
2023-11-29,Clear,Cold,11.88,78.92,340.2205,5.6703,60
2023-11-29,Cloudy,Cold,9.1,80.55,371.7886,6.1965,60
2023-11-29,Cloudy,Very Cold,2.83,82.86,80.3673,2.2324,36
2023-11-29,Fog,Very Cold,3.08,90.09,81.3175,6.7765,12
2023-11-29,Fog,Cold,10.59,82.24,136.6962,5.6957,24
2023-11-29,Rain,Very Cold,4.18,77.84,21.4961,1.7913,12
2023-11-29,Rain,Cold,8.88,78.08,287.5674,5.991,48
2023-11-30,Clear,Cold,9.03,76.06,523.1787,5.4498,96
2023-11-30,Clear,Very Cold,3.11,79.81,25.1835,2.0986,12
2023-11-30,Cloudy,Very Cold,0.74,90.79,34.2099,2.8508,12
2023-11-30,Cloudy,Cold,8.59,81.56,342.7056,5.7118,60
2023-11-30,Fog,Cold,8.9,84.91,76.4939,6.3745,12
2023-11-30,Rain,Cold,11.04,75.98,302.1027,6.2938,48
2023-11-30,Rain,Very Cold,4.81,82.13,20.4621,1.7052,12
2023-11-30,Snow,Very Cold,1.09,81.09,65.405,2.7252,24
2023-11-30,Storm,Cold,12.43,89.73,56.708,4.7257,12
2023-12-01,Clear,Very Cold,3.73,81.65,125.1697,5.2154,24
2023-12-01,Clear,Cold,8.39,77.81,486.7256,5.7944,84
2023-12-01,Cloudy,Cold,8.6,78.62,176.0658,4.8907,36
2023-12-01,Fog,Very Cold,0.64,75.68,20.669,1.7224,12
2023-12-01,Fog,Cold,11.15,74.64,294.6508,6.1386,48
2023-12-01,Rain,Cold,9.72,83.75,138.1832,5.7576,24
2023-12-01,Rain,Very Cold,2.91,88.4,84.2031,3.5085,24
2023-12-01,Snow,Very Cold,0.36,86.56,43.611,3.6342,12
2023-12-01,Snow,Cold,5.87,86.85,65.5189,5.4599,12
2023-12-01,Storm,Cold,10.66,78.65,57.0579,4.7548,12
2023-12-02,Clear,Cold,10.07,73.83,175.7722,3.6619,48
2023-12-02,Clear,Very Cold,3.36,88.77,21.4858,1.7905,12
2023-12-02,Cloudy,Very Cold,0.92,87.36,27.2353,2.2696,12
2023-12-02,Cloudy,Cold,9.22,81.23,301.9855,4.1942,72
2023-12-02,Fog,Very Cold,3.54,82.59,91.0499,2.5292,36
2023-12-02,Fog,Cold,11.03,78.98,225.8564,4.7053,48
2023-12-02,Rain,Very Cold,4.45,80.93,135.4575,3.7627,36
2023-12-02,Rain,Cold,10.39,63.17,74.6987,6.2249,12
2023-12-02,Rain,Mild,15.7,71.92,55.2575,4.6048,12
2023-12-03,Clear,Very Cold,3.14,88.83,134.5597,2.8033,48
2023-12-03,Clear,Cold,11.28,73.54,150.301,4.175,36
2023-12-03,Cloudy,Cold,9.45,78.69,340.6507,4.7313,72
2023-12-03,Fog,Very Cold,2.22,82.54,26.0862,2.1739,12
2023-12-03,Fog,Cold,9.72,79.36,115.89,4.8287,24
2023-12-03,Rain,Very Cold,4.25,77.66,85.4765,3.5615,24
2023-12-03,Rain,Cold,9.8,78.74,195.335,4.0695,48
2023-12-03,Snow,Very Cold,1.08,75.56,18.5572,1.5464,12
2023-12-03,Storm,Cold,11.81,81.72,49.8427,4.1536,12
2023-12-04,Clear,Very Cold,3.77,79.73,209.0569,4.3554,48
2023-12-04,Clear,Cold,10.95,81.44,536.1046,6.3822,84
2023-12-04,Cloudy,Cold,7.64,78.85,168.3526,4.6765,36
2023-12-04,Cloudy,Very Cold,2.8,88.89,127.0144,2.6461,48
2023-12-04,Fog,Cold,9.79,79.57,161.4653,6.7277,24
2023-12-04,Rain,Cold,8.64,80.47,132.943,5.5393,24
2023-12-04,Snow,Very Cold,-1.51,94.83,26.337,2.1947,12
2023-12-04,Storm,Cold,10.5,65.07,75.3171,6.2764,12
2023-12-05,Clear,Cold,9.61,76.94,399.1812,6.653,60
2023-12-05,Clear,Very Cold,3.38,83.43,104.3549,2.8987,36
2023-12-05,Cloudy,Very Cold,1.95,80.72,143.107,3.9752,36
2023-12-05,Cloudy,Cold,10.49,79.13,547.8924,6.5225,84
2023-12-05,Fog,Cold,11.38,82.82,58.0053,4.8338,12
2023-12-05,Rain,Cold,9.29,80.51,74.616,6.218,12
2023-12-05,Snow,Very Cold,0.55,90.94,34.7706,2.8976,12
2023-12-05,Storm,Very Cold,2.42,83.51,21.2721,1.7727,12
2023-12-05,Storm,Cold,6.57,76.42,87.4018,3.6417,24
2023-12-06,Clear,Cold,9.72,76.18,728.8207,6.7483,108
2023-12-06,Clear,Very Cold,3.36,84.32,90.0872,3.7536,24
2023-12-06,Cloudy,Cold,9.88,85.96,146.9771,6.124,24
2023-12-06,Cloudy,Very Cold,1.58,86.98,193.8155,4.0378,48
2023-12-06,Fog,Cold,9.62,69.54,67.964,5.6637,12
2023-12-06,Fog,Very Cold,4.58,82.2,37.3287,3.1107,12
2023-12-06,Rain,Cold,11.19,76.24,55.735,4.6446,12
2023-12-06,Snow,Very Cold,1.83,77.88,24.6275,2.0523,12
2023-12-06,Storm,Very Cold,3.73,87.59,128.4283,3.5675,36
2023-12-07,Clear,Cold,9.91,78.09,508.9456,6.0589,84
2023-12-07,Clear,Very Cold,3.26,85.28,112.3858,4.6827,24
2023-12-07,Cloudy,Cold,7.32,85.92,160.5857,4.4607,36
2023-12-07,Fog,Very Cold,2.42,83.72,79.7747,6.6479,12
2023-12-07,Fog,Cold,10.17,83.41,167.5839,6.9827,24
2023-12-07,Rain,Very Cold,2.86,81.04,65.8382,2.7433,24
2023-12-07,Rain,Cold,9.05,78.99,302.6574,6.3054,48
2023-12-07,Snow,Very Cold,0.45,90.85,64.1252,2.6719,24
2023-12-07,Storm,Very Cold,2.4,74.49,24.6557,2.0546,12
2023-12-08,Clear,Cold,8.17,79.05,623.5815,6.4956,96
2023-12-08,Clear,Very Cold,3.57,86.4,27.9607,2.3301,12
2023-12-08,Cloudy,Cold,8.15,80.07,295.5764,6.1578,48
2023-12-08,Cloudy,Very Cold,2.15,85.98,115.7522,4.823,24
2023-12-08,Fog,Very Cold,2.05,81.94,73.7362,3.0723,24
2023-12-08,Fog,Cold,11.73,85.46,60.5485,5.0457,12
2023-12-08,Rain,Cold,9.99,69.88,71.1972,5.9331,12
2023-12-08,Rain,Very Cold,4.01,84.93,20.619,1.7183,12
2023-12-08,Snow,Very Cold,1.15,95.2,54.2297,2.2596,24
2023-12-08,Storm,Cold,9.71,84.8,122.9865,5.1244,24
2023-12-09,Clear,Cold,8.71,82.41,398.4683,5.5343,72
2023-12-09,Clear,Very Cold,2.91,83.62,88.3522,2.4542,36
2023-12-09,Cloudy,Cold,10.12,80.42,286.0165,4.7669,60
2023-12-09,Fog,Very Cold,4.63,87.9,68.2631,2.8443,24
2023-12-09,Fog,Cold,10.04,77.38,57.1643,4.7637,12
2023-12-09,Rain,Very Cold,3.5,86.11,46.6628,3.8886,12
2023-12-09,Rain,Cold,8.48,78.48,72.8327,3.0347,24
2023-12-09,Snow,Very Cold,1.74,79.59,126.1504,2.6281,48
2023-12-10,Clear,Cold,9.14,80.13,401.2763,5.5733,72
2023-12-10,Cloudy,Very Cold,1.94,95.13,16.0455,1.3371,12
2023-12-10,Cloudy,Cold,10.17,84.93,115.0556,3.196,36
2023-12-10,Fog,Very Cold,2.24,79.87,81.3868,2.2607,36
2023-12-10,Fog,Cold,5.02,83.8,23.6107,1.9676,12
2023-12-10,Rain,Very Cold,2.98,83.22,130.2795,3.6189,36
2023-12-10,Rain,Cold,9.75,78.39,270.4883,4.5081,60
2023-12-10,Snow,Very Cold,1.39,80.68,33.8759,2.823,12
2023-12-10,Storm,Cold,5.35,83.86,62.3183,5.1932,12
2023-12-11,Clear,Cold,9.88,80.67,250.1635,5.2117,48
2023-12-11,Clear,Very Cold,3.6,90.37,110.5315,9.211,12
2023-12-11,Cloudy,Cold,8.81,75.96,260.6187,7.2394,36
2023-12-11,Cloudy,Very Cold,3.66,77.42,108.582,3.0162,36
2023-12-11,Fog,Very Cold,2.59,77.64,87.02,3.6258,24
2023-12-11,Rain,Very Cold,2.75,87.71,43.2489,3.6041,12
2023-12-11,Rain,Cold,8.92,82.48,365.412,6.0902,60
2023-12-11,Snow,Very Cold,0.48,90.57,59.1426,2.4643,24
2023-12-11,Storm,Cold,9.56,77.38,140.5952,5.8581,24
2023-12-11,Storm,Very Cold,4.55,84.6,67.6075,5.634,12
2023-12-12,Clear,Very Cold,4.67,81.85,81.3379,6.7782,12
2023-12-12,Clear,Cold,9.8,76.48,543.3473,5.6599,96
2023-12-12,Cloudy,Very Cold,2.45,82.17,225.9306,3.7655,60
2023-12-12,Cloudy,Cold,8.92,79.49,168.7392,7.0308,24
2023-12-12,Fog,Very Cold,2.57,82.15,237.9833,4.958,48
2023-12-12,Fog,Cold,7.81,78.53,63.3529,5.2794,12
2023-12-12,Rain,Cold,6.83,80.15,78.2291,6.5191,12
2023-12-12,Snow,Very Cold,1.31,78.69,21.2236,1.7686,12
2023-12-12,Storm,Cold,10.05,80.76,72.8793,6.0733,12
2023-12-13,Clear,Very Cold,3.05,84.58,76.3632,6.3636,12
2023-12-13,Clear,Cold,10.38,79.0,515.4478,6.1363,84
2023-12-13,Cloudy,Cold,9.52,75.48,272.7718,5.6827,48
2023-12-13,Cloudy,Very Cold,2.04,85.16,112.0795,3.1133,36
2023-12-13,Fog,Very Cold,2.12,93.75,33.7391,2.8116,12
2023-12-13,Rain,Cold,8.48,82.99,201.2572,5.5905,36
2023-12-13,Rain,Very Cold,2.3,69.62,56.1063,4.6755,12
2023-12-13,Snow,Cold,5.58,87.26,79.9903,6.6659,12
2023-12-13,Snow,Very Cold,0.58,82.53,111.9886,3.1108,36
2023-12-14,Clear,Cold,7.88,83.49,229.7896,6.383,36
2023-12-14,Clear,Very Cold,3.03,91.53,110.0309,4.5846,24
2023-12-14,Cloudy,Very Cold,2.39,86.57,245.0509,5.1052,48
2023-12-14,Cloudy,Cold,10.68,83.81,74.364,6.197,12
2023-12-14,Fog,Cold,11.09,76.54,117.1944,4.8831,24
2023-12-14,Fog,Very Cold,0.29,83.57,94.7112,3.9463,24
2023-12-14,Rain,Cold,9.13,78.45,242.8785,6.7466,36
2023-12-14,Snow,Very Cold,0.56,84.7,142.0556,3.946,36
2023-12-14,Storm,Very Cold,3.97,78.35,57.6947,4.8079,12
2023-12-14,Storm,Cold,9.88,77.27,218.9447,6.0818,36
2023-12-15,Clear,Cold,10.84,74.74,364.0897,6.0682,60
2023-12-15,Clear,Very Cold,3.11,85.85,189.4218,5.2617,36
2023-12-15,Cloudy,Cold,9.12,79.58,299.4791,6.2391,48
2023-12-15,Cloudy,Very Cold,3.13,84.22,86.7207,2.4089,36
2023-12-15,Fog,Very Cold,2.84,88.9,107.3756,4.474,24
2023-12-15,Rain,Cold,11.03,72.36,168.1941,7.0081,24
2023-12-15,Rain,Very Cold,4.89,85.32,64.9874,5.4156,12
2023-12-15,Snow,Very Cold,0.54,82.03,128.9587,3.5822,36
2023-12-15,Storm,Very Cold,4.82,80.36,81.9992,6.8333,12
2023-12-16,Clear,Very Cold,4.07,95.31,64.0632,5.3386,12
2023-12-16,Clear,Cold,8.35,83.1,279.4094,4.6568,60
2023-12-16,Cloudy,Cold,9.04,84.01,304.6066,5.0768,60
2023-12-16,Cloudy,Very Cold,2.46,78.54,63.724,2.6552,24
2023-12-16,Fog,Very Cold,3.2,85.46,20.8729,1.7394,12
2023-12-16,Fog,Cold,6.92,82.03,106.9497,4.4562,24
2023-12-16,Rain,Cold,10.36,75.5,125.2087,5.217,24
2023-12-16,Rain,Very Cold,2.89,83.39,39.407,3.2839,12
2023-12-16,Snow,Very Cold,0.56,83.87,100.446,2.0926,48
2023-12-16,Snow,Cold,7.57,83.54,56.6771,4.7231,12
2023-12-17,Clear,Very Cold,4.69,86.66,65.1525,5.4294,12
2023-12-17,Clear,Cold,9.98,76.17,393.877,4.689,84
2023-12-17,Cloudy,Cold,8.04,75.7,151.1513,4.1986,36
2023-12-17,Cloudy,Very Cold,1.81,82.36,135.61,2.2602,60
2023-12-17,Fog,Very Cold,4.26,89.39,61.5695,5.1308,12
2023-12-17,Fog,Cold,8.48,76.01,115.0712,4.7946,24
2023-12-17,Rain,Very Cold,3.04,83.87,29.3505,2.4459,12
2023-12-17,Rain,Cold,8.04,73.63,115.0359,4.7932,24
2023-12-17,Storm,Very Cold,3.15,84.82,62.6711,2.6113,24
2023-12-18,Clear,Cold,9.02,79.88,297.845,6.2051,48
2023-12-18,Clear,Very Cold,3.76,78.9,70.4092,2.9337,24
2023-12-18,Cloudy,Cold,6.82,82.68,430.3783,5.9775,72
2023-12-18,Cloudy,Very Cold,1.76,79.92,175.7243,3.6609,48
2023-12-18,Fog,Very Cold,1.92,81.07,20.1112,1.6759,12
2023-12-18,Fog,Cold,7.68,79.9,154.0615,6.4192,24
2023-12-18,Rain,Cold,9.77,78.42,240.1216,6.67,36
2023-12-18,Rain,Very Cold,4.81,80.91,101.8277,4.2428,24
2023-12-19,Cloudy,Very Cold,1.4,87.7,178.9245,3.7276,48
2023-12-19,Cloudy,Cold,9.7,74.28,283.8363,5.9133,48
2023-12-19,Fog,Very Cold,1.65,84.9,194.1766,4.0453,48
2023-12-19,Fog,Cold,7.78,82.17,236.9899,6.5831,36
2023-12-19,Rain,Cold,9.26,78.2,462.9091,6.4293,72
2023-12-19,Snow,Very Cold,0.96,81.27,23.4216,1.9518,12
2023-12-19,Storm,Very Cold,3.27,86.7,119.6078,4.9837,24
2023-12-20,Clear,Cold,8.15,78.03,305.9809,6.3746,48
2023-12-20,Cloudy,Very Cold,2.78,87.94,170.6121,2.3696,72
2023-12-20,Cloudy,Cold,7.63,82.87,490.5985,6.8139,72
2023-12-20,Fog,Cold,8.05,78.83,232.0863,6.4468,36
2023-12-20,Fog,Very Cold,3.73,70.46,58.1632,4.8469,12
2023-12-20,Rain,Cold,6.56,78.13,144.2638,6.011,24
2023-12-20,Snow,Very Cold,0.59,81.73,121.8781,5.0783,24
2023-12-21,Clear,Very Cold,4.88,87.04,120.2816,5.0117,24
2023-12-21,Clear,Cold,10.3,79.51,271.0643,5.6472,48
2023-12-21,Cloudy,Cold,8.94,74.58,246.2444,6.8401,36
2023-12-21,Cloudy,Very Cold,1.65,83.12,84.1401,7.0117,12
2023-12-21,Fog,Very Cold,1.76,88.43,248.024,4.1337,60
2023-12-21,Fog,Cold,11.48,81.47,74.9539,6.2462,12
2023-12-21,Rain,Very Cold,3.57,80.54,20.4372,1.7031,12
2023-12-21,Rain,Cold,9.36,78.35,171.3857,7.1411,24
2023-12-21,Snow,Very Cold,0.26,83.97,142.9424,3.9706,36
2023-12-21,Storm,Cold,8.75,82.04,155.5992,6.4833,24
2023-12-22,Clear,Cold,10.33,76.28,240.9256,6.6924,36
2023-12-22,Clear,Very Cold,3.49,74.36,88.4606,7.3717,12
2023-12-22,Cloudy,Cold,8.81,82.55,228.8972,6.3583,36
2023-12-22,Cloudy,Very Cold,2.82,82.35,266.8704,4.4478,60
2023-12-22,Fog,Cold,8.23,73.95,131.1533,10.9294,12
2023-12-22,Rain,Cold,8.59,79.75,249.2203,5.1921,48
2023-12-22,Rain,Very Cold,3.78,81.0,79.9898,3.3329,24
2023-12-22,Snow,Very Cold,1.01,85.8,67.1554,2.7981,24
2023-12-22,Snow,Cold,9.05,88.49,75.6858,6.3072,12
2023-12-22,Storm,Very Cold,2.1,80.57,26.5561,2.213,12
2023-12-22,Storm,Cold,10.97,75.73,56.8201,4.735,12
2023-12-23,Clear,Cold,6.62,83.14,158.5469,4.4041,36
2023-12-23,Clear,Very Cold,3.64,82.01,61.3942,5.1162,12
2023-12-23,Cloudy,Very Cold,2.21,85.62,117.7982,2.4541,48
2023-12-23,Cloudy,Cold,10.5,79.26,47.6709,3.9726,12
2023-12-23,Fog,Very Cold,1.19,76.48,49.1152,2.0465,24
2023-12-23,Fog,Cold,12.95,65.66,71.6074,5.9673,12
2023-12-23,Rain,Cold,8.62,79.69,253.767,5.2868,48
2023-12-23,Rain,Very Cold,2.5,84.16,65.1735,5.4311,12
2023-12-23,Snow,Very Cold,0.55,89.65,177.2526,3.6928,48
2023-12-23,Snow,Cold,8.47,74.44,67.577,5.6314,12
2023-12-23,Storm,Cold,6.14,80.85,78.6499,6.5542,12
2023-12-23,Storm,Very Cold,4.02,81.49,29.477,2.4564,12
2023-12-24,Clear,Cold,10.54,78.04,97.203,4.0501,24
2023-12-24,Clear,Very Cold,3.59,83.21,29.4695,2.4558,12
2023-12-24,Cloudy,Cold,7.6,81.64,269.2108,5.6086,48
2023-12-24,Cloudy,Very Cold,1.33,84.71,72.0005,2.0,36
2023-12-24,Fog,Cold,9.21,83.17,45.681,3.8067,12
2023-12-24,Fog,Very Cold,-3.15,91.46,25.4424,2.1202,12
2023-12-24,Rain,Cold,8.87,71.72,201.6815,5.6023,36
2023-12-24,Rain,Very Cold,3.08,81.0,171.3016,4.7584,36
2023-12-24,Snow,Cold,9.38,78.77,59.6484,4.9707,12
2023-12-24,Snow,Very Cold,0.39,84.85,81.0525,2.2515,36
2023-12-24,Storm,Cold,10.91,85.92,51.4018,4.2835,12
2023-12-24,Storm,Very Cold,2.61,80.86,62.7583,5.2299,12
2023-12-25,Clear,Cold,7.31,77.47,345.6461,5.7608,60
2023-12-25,Cloudy,Cold,9.17,78.75,329.4801,6.8642,48
2023-12-25,Cloudy,Very Cold,0.9,84.3,132.2876,2.756,48
2023-12-25,Fog,Cold,9.98,79.52,181.2721,7.553,24
2023-12-25,Rain,Very Cold,4.18,76.45,109.9959,9.1663,12
2023-12-25,Rain,Cold,8.74,73.01,193.4136,5.3726,36
2023-12-25,Snow,Very Cold,-0.2,87.65,243.9327,5.0819,48
2023-12-25,Storm,Very Cold,4.56,74.3,25.9795,2.165,12
2023-12-26,Clear,Cold,8.34,78.26,597.5393,6.2244,96
2023-12-26,Clear,Very Cold,2.23,80.82,40.4852,3.3738,12
2023-12-26,Cloudy,Very Cold,2.28,79.64,233.5236,4.8651,48
2023-12-26,Fog,Cold,9.73,66.26,174.1575,7.2566,24
2023-12-26,Fog,Very Cold,0.85,85.02,26.1055,2.1755,12
2023-12-26,Rain,Very Cold,2.4,86.53,87.0168,7.2514,12
2023-12-26,Rain,Cold,7.52,88.18,147.1775,6.1324,24
2023-12-26,Snow,Very Cold,0.85,89.55,129.2586,2.6929,48
2023-12-26,Storm,Very Cold,3.11,99.9,88.6865,7.3905,12
2023-12-27,Clear,Cold,8.73,79.18,392.093,6.5349,60
2023-12-27,Clear,Very Cold,3.43,78.17,131.8762,3.6632,36
2023-12-27,Cloudy,Very Cold,1.97,84.4,225.2168,4.692,48
2023-12-27,Cloudy,Cold,8.53,83.38,201.8012,5.6056,36
2023-12-27,Fog,Very Cold,3.49,84.34,172.6011,7.1917,24
2023-12-27,Fog,Cold,12.09,63.23,74.3084,6.1924,12
2023-12-27,Rain,Very Cold,4.24,84.16,35.3866,2.9489,12
2023-12-27,Rain,Cold,7.27,70.19,92.0042,7.667,12
2023-12-27,Snow,Very Cold,-0.75,91.74,118.8214,4.9509,24
2023-12-27,Storm,Cold,7.85,82.92,58.5326,4.8777,12
2023-12-27,Storm,Very Cold,2.05,84.32,19.846,1.6538,12
2023-12-28,Clear,Very Cold,2.43,90.92,87.486,7.2905,12
2023-12-28,Clear,Cold,9.23,79.17,366.1497,6.1025,60
2023-12-28,Cloudy,Cold,9.14,75.6,155.037,6.4599,24
2023-12-28,Cloudy,Very Cold,1.49,84.27,94.607,2.628,36
2023-12-28,Fog,Very Cold,0.15,84.07,75.3931,3.1414,24
2023-12-28,Rain,Cold,7.72,82.7,309.1743,6.4411,48
2023-12-28,Rain,Very Cold,4.17,82.92,187.4231,5.2062,36
2023-12-28,Snow,Very Cold,1.69,83.53,136.3488,3.7875,36
2023-12-28,Snow,Cold,5.8,78.25,97.6344,8.1362,12
2023-12-29,Clear,Very Cold,3.14,82.08,180.5695,7.5237,24
2023-12-29,Clear,Cold,9.1,77.77,275.7836,5.7455,48
2023-12-29,Cloudy,Cold,9.02,85.85,98.8252,8.2354,12
2023-12-29,Cloudy,Very Cold,2.48,84.0,94.7396,3.9475,24
2023-12-29,Fog,Very Cold,1.99,84.01,129.3509,3.5931,36
2023-12-29,Fog,Cold,9.8,72.11,203.922,5.6645,36
2023-12-29,Rain,Cold,9.92,75.63,267.8089,7.4391,36
2023-12-29,Snow,Very Cold,-0.71,86.31,162.947,3.3947,48
2023-12-29,Storm,Cold,7.64,76.94,72.072,6.006,12
2023-12-29,Storm,Very Cold,4.42,83.53,38.1081,3.1757,12
2023-12-30,Clear,Cold,7.77,77.09,203.8792,4.2475,48
2023-12-30,Clear,Very Cold,3.12,84.86,80.0976,3.3374,24
2023-12-30,Cloudy,Very Cold,1.92,87.47,114.4289,3.1786,36
2023-12-30,Cloudy,Cold,7.82,72.98,190.9216,5.3034,36
2023-12-30,Fog,Cold,6.7,72.64,107.2741,4.4698,24
2023-12-30,Rain,Cold,7.63,77.16,127.5865,5.3161,24
2023-12-30,Snow,Cold,7.68,89.34,44.8919,3.741,12
2023-12-30,Snow,Very Cold,0.75,85.93,169.5413,2.8257,60
2023-12-30,Storm,Cold,7.42,85.46,51.5527,4.2961,12
2023-12-30,Storm,Very Cold,2.98,81.66,63.8314,5.3193,12
